sleep_hours,study_hours,mobile_usage_hours,tv_hours,exercise_hours,extracurricular_hrs,friends_time_hrs,family_time_hrs,attendance_pct,stress_level,gender,exam_score
7.37,4.11,3.73,2.93,0.17,1.25,1.49,1.43,67.2,8,Female,51.16
5.75,4.05,4.67,2.96,2.21,0.67,2.45,2.1,62.9,6,Female,49.6
7.9,3.46,1.59,2.75,1.45,1.2,1.15,2.11,82.0,9,Female,57.36
8.13,5.14,3.13,2.44,1.02,1.03,1.78,2.13,79.8,2,Female,76.7
4.66,4.85,4.58,2.41,1.3,2.17,2.26,2.3,51.3,1,Female,58.57
5.44,2.11,3.59,2.28,2.33,1.17,2.08,1.07,62.4,3,Female,48.09
7.15,2.02,5.41,2.41,2.08,0.23,3.23,3.36,81.1,1,Female,57.41
6.62,5.14,1.45,2.48,1.4,1.55,1.76,1.82,77.1,9,Female,64.4
6.98,3.28,1.3,0.6,0.59,2.45,0.03,2.27,73.2,6,Male,68.19
5.98,4.95,4.5,1.21,0.65,2.04,0.81,1.41,85.3,5,Female,67.48
8.06,5.67,4.63,0.97,2.1,0.43,2.48,2.28,60.7,5,Male,61.66
7.93,2.59,3.25,3.11,0.48,1.01,1.91,3.87,70.9,1,Male,62.22
7.08,2.38,4.02,3.65,1.41,1.18,1.26,1.11,84.2,7,Male,51.98
8.35,7.01,4.47,0.0,3.64,1.19,4.46,1.0,70.2,10,Female,76.03
7.56,5.03,2.44,3.56,1.87,1.47,3.33,1.22,81.8,2,Male,71.67
5.97,3.87,2.58,2.09,2.09,0.96,2.44,1.7,64.2,3,Female,64.06
7.44,3.1,3.75,3.01,0.65,0.56,2.73,1.53,68.1,8,Female,47.32
5.85,3.73,4.68,2.51,0.52,1.87,2.23,1.06,56.6,8,Male,46.58
8.05,2.71,1.98,3.44,2.14,0.41,1.25,1.96,53.3,3,Female,54.52
6.94,5.83,3.24,2.21,1.27,0.64,3.53,3.41,72.3,1,Male,69.76
6.78,3.33,3.18,0.64,2.44,0.41,3.35,1.87,83.4,8,Female,59.49
6.18,6.14,4.04,1.89,1.61,1.63,0.52,1.91,76.6,3,Female,72.98
8.47,3.9,3.49,2.52,4.35,1.27,2.73,2.31,91.9,9,Male,60.93
6.81,2.93,2.79,1.78,1.12,1.82,2.84,2.58,73.3,4,Male,60.57
6.49,3.86,5.12,2.66,1.81,0.65,2.18,3.24,52.6,10,Male,37.04
6.58,0.56,2.8,1.93,0.86,0.32,4.6,2.22,82.1,9,Female,36.33
7.64,4.32,3.12,1.4,2.41,0.89,4.49,2.0,65.1,1,Female,63.8
7.44,4.24,1.43,0.91,1.93,1.07,2.12,1.11,79.5,8,Male,67.99
7.5,5.74,2.57,1.61,0.81,1.35,2.28,2.67,50.6,8,Male,61.0
7.52,1.67,4.17,2.2,1.33,0.02,2.16,1.24,74.7,4,Female,50.1
9.57,6.24,3.92,0.04,2.68,1.54,1.89,1.21,86.4,10,Female,75.7
6.51,5.73,4.28,1.22,2.58,0.57,1.58,2.17,85.0,8,Male,68.96
6.39,6.38,4.22,0.0,0.45,0.75,3.01,3.39,75.0,3,Male,74.81
6.02,4.42,6.21,1.38,1.21,2.02,4.46,2.65,77.4,9,Male,53.44
7.74,6.02,2.53,3.2,3.04,0.0,4.05,1.97,72.0,8,Male,66.49
8.35,2.29,1.39,0.81,1.45,1.43,3.29,1.12,74.4,6,Female,60.9
6.86,5.57,2.13,2.7,1.73,1.42,0.09,3.37,85.5,9,Female,66.32
5.99,3.34,2.59,4.85,2.4,0.63,0.64,1.95,69.0,6,Female,52.26
6.01,2.02,2.23,3.45,0.51,0.89,3.56,1.74,70.2,3,Female,45.52
7.78,2.81,3.62,2.13,0.83,2.05,4.12,2.5,59.0,6,Male,55.91
7.89,4.51,5.13,2.86,1.32,2.57,3.05,1.6,85.8,5,Male,60.94
7.65,3.26,5.5,0.63,2.54,1.95,2.19,1.32,74.2,2,Female,67.06
6.2,5.06,4.16,0.43,2.4,2.52,3.85,1.41,62.8,6,Female,63.85
7.28,1.79,6.28,2.03,2.16,0.72,3.25,1.41,87.9,9,Female,43.82
7.14,1.31,3.04,2.4,1.47,0.09,3.64,0.99,76.8,9,Male,42.84
7.26,6.56,1.38,3.09,2.48,1.16,0.64,0.88,68.4,8,Male,68.73
8.05,5.86,4.87,1.43,1.46,1.76,2.84,2.87,88.1,5,Female,77.51
7.27,2.93,1.11,2.19,2.04,0.0,4.27,2.6,73.2,9,Male,52.32
7.81,4.5,2.52,2.16,2.31,0.55,3.03,1.26,58.5,10,Male,58.69
7.08,6.03,4.18,1.87,2.94,0.63,3.45,2.8,88.8,9,Female,66.17
7.35,5.13,3.37,1.93,1.53,1.45,2.54,2.28,67.3,8,Female,57.5
7.76,4.72,3.25,1.15,1.29,1.36,2.61,1.71,100.0,8,Male,73.07
5.25,6.14,1.96,2.28,2.62,0.66,3.9,0.9,72.0,5,Female,66.96
6.62,3.4,3.49,2.2,2.68,1.33,1.83,2.31,53.2,8,Male,52.19
6.44,4.55,4.8,1.56,1.15,0.4,1.73,3.68,98.4,4,Female,57.99
6.23,4.47,3.53,2.67,0.7,0.9,2.02,2.01,76.7,10,Female,52.59
6.67,4.09,2.42,3.03,2.56,0.31,2.52,2.9,80.4,9,Female,59.55
8.79,3.92,1.88,2.68,0.27,1.09,0.89,1.81,81.9,7,Male,63.98
5.96,4.61,2.45,0.96,0.23,0.64,3.23,2.83,61.0,8,Female,54.9
8.16,4.55,4.01,2.1,1.37,1.68,2.34,1.86,51.3,9,Female,53.96
4.98,2.93,3.95,1.09,1.58,1.18,3.35,0.0,100.0,6,Male,56.98
6.6,5.7,2.46,2.1,0.65,1.04,0.38,1.35,58.6,9,Male,56.42
7.2,3.04,0.63,1.09,1.68,2.44,3.36,2.12,97.0,8,Female,63.13
7.7,4.17,4.05,3.28,1.71,1.47,3.84,2.97,83.7,3,Female,69.54
7.85,4.06,2.33,2.78,1.12,0.94,2.94,1.86,79.5,2,Female,63.79
7.95,5.04,4.4,3.15,3.13,0.79,2.53,2.03,71.7,6,Male,64.23
6.58,1.32,2.52,3.05,1.84,0.37,3.37,1.47,100.0,1,Male,54.9
6.45,5.84,2.22,1.73,2.4,1.15,3.77,3.4,69.0,8,Male,67.19
8.03,3.48,3.7,1.57,0.34,1.42,3.02,3.35,69.4,7,Female,55.69
6.77,6.33,6.57,3.74,0.33,0.0,3.1,1.39,85.4,2,Female,64.16
5.47,3.78,4.47,1.83,1.87,0.25,4.16,0.64,69.3,4,Male,53.85
5.64,4.43,3.68,0.65,2.98,0.84,3.26,0.37,65.2,6,Male,58.79
5.9,7.37,3.97,3.01,0.69,0.43,1.7,2.54,76.7,8,Female,65.3
7.6,4.08,1.22,2.14,1.61,1.23,3.77,2.12,85.6,1,Male,72.31
7.17,6.36,2.04,3.51,0.51,1.33,2.38,1.3,99.9,6,Male,72.88
7.83,4.56,0.24,2.24,0.93,1.11,2.53,2.24,100.0,3,Female,70.9
6.49,5.12,5.75,1.98,1.65,1.59,2.61,0.89,55.9,4,Female,61.38
7.19,4.6,5.49,3.53,1.11,0.79,3.47,2.72,89.9,5,Female,64.11
7.75,5.77,4.01,0.46,0.46,1.17,4.25,1.66,65.6,2,Female,66.06
6.63,3.47,3.68,1.41,0.44,0.5,2.52,1.03,66.2,4,Female,58.62
7.55,3.02,1.48,1.11,0.0,1.4,4.23,1.67,70.9,5,Male,59.2
6.21,3.54,3.21,0.0,1.88,1.25,2.66,1.64,70.1,8,Female,51.92
6.56,4.65,5.83,2.87,1.98,0.36,3.9,2.33,64.5,3,Female,57.47
6.54,4.17,3.67,1.44,1.97,1.09,2.7,3.05,49.5,7,Female,52.08
5.56,5.57,2.77,2.91,0.77,1.17,2.01,3.0,94.7,4,Male,73.03
7.58,6.46,1.21,2.39,2.3,1.4,4.42,2.14,88.2,3,Female,79.83
6.44,3.04,5.29,2.61,2.07,1.42,1.91,1.83,77.2,2,Female,63.6
7.01,3.4,3.41,1.54,1.51,0.7,1.85,1.49,65.8,1,Male,65.71
7.58,2.35,1.22,1.24,1.37,1.73,1.24,0.41,92.2,4,Female,60.89
7.54,7.55,2.3,2.09,0.98,1.57,3.77,1.98,76.6,3,Male,86.71
7.8,4.96,1.84,2.92,1.65,0.69,4.0,1.23,70.5,8,Male,64.1
6.88,5.22,3.33,1.95,2.79,0.4,2.87,3.1,57.7,6,Male,62.68
6.49,2.49,3.77,1.3,2.41,0.75,1.52,1.82,83.8,1,Female,64.08
6.9,4.5,2.85,0.8,1.3,0.17,2.49,2.67,73.4,8,Male,62.61
4.98,5.26,4.51,2.2,1.93,1.35,2.2,1.57,80.5,4,Female,61.71
5.26,4.12,3.6,1.45,0.62,2.03,1.47,1.39,79.4,7,Male,58.59
5.41,6.11,4.88,1.93,2.08,2.2,2.01,2.54,85.0,2,Male,72.3
5.8,7.97,3.04,1.76,0.84,0.44,3.01,2.25,80.0,1,Male,84.86
7.48,3.08,7.46,1.56,2.05,1.75,1.89,2.29,73.7,2,Female,56.74
5.91,2.97,2.77,2.29,3.88,1.26,2.79,1.92,84.0,5,Male,57.08
6.55,3.18,2.33,2.55,1.04,0.0,0.72,2.71,88.8,9,Female,56.14
8.56,6.91,2.17,3.97,3.84,0.97,4.18,2.58,96.0,10,Female,75.69
6.57,6.06,3.23,2.76,1.89,0.89,2.11,0.04,63.9,9,Female,61.19
7.89,4.3,1.26,3.59,0.9,2.05,3.37,1.77,90.7,10,Female,62.44
5.88,4.55,3.88,1.18,0.86,0.59,2.69,2.91,58.3,8,Female,56.92
6.75,3.28,1.02,0.4,3.39,1.59,2.9,1.08,89.6,8,Female,62.91
5.86,5.84,3.71,1.99,1.89,1.13,1.37,0.48,70.3,5,Male,63.71
6.59,3.93,1.74,2.86,1.05,0.19,1.74,1.88,87.5,3,Male,70.65
8.01,4.11,3.0,2.7,1.34,0.81,1.76,2.47,95.3,7,Female,64.71
4.93,5.41,4.29,3.21,1.84,2.27,2.53,1.59,80.2,1,Female,66.83
7.52,4.22,6.5,0.0,1.49,1.08,3.83,3.16,77.4,2,Female,65.51
7.29,4.15,2.1,3.25,1.78,1.83,2.93,3.66,76.8,5,Female,63.91
6.29,4.52,3.3,2.34,2.92,1.8,1.6,0.27,72.4,7,Female,59.87
5.26,5.69,2.56,0.46,0.6,0.89,2.59,1.65,91.5,4,Male,78.76
7.09,6.97,2.37,2.72,2.02,0.3,2.42,0.0,76.7,8,Male,68.04
6.36,5.38,2.57,2.17,1.44,0.39,2.15,2.59,51.9,7,Male,55.43
7.28,5.7,4.57,2.38,1.1,2.22,2.48,1.39,88.6,3,Female,76.0
7.03,4.2,2.87,3.0,2.36,1.31,3.26,1.57,88.0,1,Female,69.66
8.92,3.44,6.42,2.43,0.33,0.0,1.78,3.03,78.5,3,Male,59.31
6.71,5.48,4.04,0.53,0.0,1.78,2.15,0.8,68.5,10,Male,59.23
5.77,4.76,2.19,1.86,1.68,0.0,3.48,0.58,64.1,3,Female,57.99
7.22,2.37,3.02,0.38,1.39,0.62,2.97,0.0,68.6,8,Female,52.38
7.26,4.01,2.46,2.65,0.42,1.26,3.78,3.14,80.4,7,Female,57.4
8.63,4.38,4.54,3.4,0.13,2.96,3.94,2.93,55.9,10,Male,56.11
8.0,3.73,1.37,0.76,3.04,1.77,1.14,1.74,83.1,10,Male,62.28
7.43,6.72,1.76,1.33,1.87,0.86,2.79,0.85,78.9,9,Female,76.95
8.76,5.22,2.73,1.12,1.52,1.22,1.99,2.75,93.4,4,Male,82.98
5.57,6.56,4.39,1.55,3.26,1.84,1.3,4.48,86.4,5,Male,74.43
6.23,4.9,5.1,2.41,2.32,2.2,1.71,1.79,69.3,5,Male,60.9
5.89,4.62,5.29,1.56,2.92,1.03,2.2,0.92,57.7,7,Female,53.29
6.53,3.1,4.19,2.65,0.56,1.05,2.21,3.12,68.1,2,Male,60.33
5.35,4.52,3.39,3.07,0.53,0.62,1.89,0.98,94.6,9,Male,55.63
7.76,4.52,4.53,3.1,1.99,1.67,2.49,1.67,81.5,7,Male,62.67
6.73,2.45,2.01,0.88,1.83,1.92,4.95,0.0,85.2,3,Female,60.34
5.24,3.69,1.1,3.39,2.5,0.0,0.77,1.73,70.4,1,Female,65.85
5.78,4.02,4.07,3.47,0.2,0.92,3.64,0.85,83.8,1,Female,61.59
7.38,5.12,2.19,3.55,2.06,0.35,2.48,3.13,59.8,4,Male,64.48
8.01,5.19,3.42,1.84,2.29,1.31,2.06,1.12,89.2,4,Female,79.0
9.4,3.63,3.66,1.25,2.25,0.33,0.48,2.7,64.1,2,Male,67.86
10.5,5.2,3.82,1.02,1.17,0.28,3.26,1.91,54.3,5,Female,70.97
7.5,4.23,4.72,0.9,1.91,1.99,1.06,2.11,100.0,1,Female,71.28
5.81,0.2,4.58,2.01,0.88,1.08,3.33,2.47,79.6,7,Male,38.1
4.44,3.77,3.75,2.85,1.27,1.16,4.24,1.95,79.3,5,Female,55.84
7.32,6.12,2.93,3.31,0.67,1.5,1.22,1.42,55.6,3,Male,69.92
6.02,1.98,3.64,1.51,0.89,1.88,3.67,1.27,85.5,5,Female,53.9
6.5,4.67,2.72,1.96,1.31,0.91,2.53,2.46,88.6,5,Female,64.67
6.27,6.88,3.24,1.9,1.11,0.92,0.41,0.29,75.6,9,Male,68.46
6.83,3.36,6.9,1.36,0.89,0.93,1.3,3.51,88.7,7,Female,48.35
8.28,4.5,3.74,2.74,0.46,1.96,2.68,2.12,92.0,3,Female,70.25
7.19,2.54,4.09,2.36,3.07,1.15,2.9,1.7,84.3,9,Female,48.93
6.81,6.94,2.58,2.14,1.1,1.0,0.92,2.24,52.0,4,Male,72.2
5.76,4.38,4.83,2.36,1.76,1.47,2.53,1.47,64.2,3,Female,62.39
4.99,4.57,4.49,2.62,0.09,2.48,3.32,1.84,98.2,8,Female,60.93
6.42,6.53,4.5,2.61,2.59,1.25,3.5,0.98,79.0,8,Male,62.28
6.94,5.49,3.78,1.16,1.63,1.01,2.09,2.34,79.0,1,Female,78.48
9.12,3.19,4.84,2.9,1.14,2.56,2.94,1.93,68.0,10,Female,53.93
7.16,3.53,5.15,2.26,1.15,2.13,3.57,2.17,70.4,7,Female,52.84
8.18,5.24,3.87,1.57,2.2,2.03,3.35,3.33,92.3,5,Female,77.88
6.4,3.56,3.35,2.23,0.0,0.85,3.39,1.28,96.0,8,Female,53.14
5.58,1.32,4.66,2.34,0.84,0.78,2.61,1.88,87.6,6,Female,41.68
5.84,4.42,2.32,3.08,1.4,0.0,2.41,0.51,84.6,10,Male,52.82
6.13,2.28,2.57,0.95,1.4,1.88,2.77,2.5,85.5,1,Female,64.41
9.55,6.92,3.43,3.32,3.5,1.25,1.74,1.98,77.2,6,Male,79.94
6.01,4.77,1.24,2.02,1.23,0.0,3.61,2.02,63.6,8,Female,55.61
8.01,3.14,4.58,1.49,2.29,2.04,0.97,1.86,61.0,1,Female,61.36
5.92,3.45,2.25,1.46,2.95,0.96,2.0,1.48,93.8,9,Male,58.93
8.12,1.67,2.89,1.0,2.04,1.05,2.46,4.25,77.6,4,Male,55.86
7.46,2.85,3.22,0.26,0.96,0.14,2.97,2.03,83.7,1,Female,66.42
6.81,6.02,3.55,2.68,0.47,1.54,3.16,2.27,80.5,4,Male,73.36
6.95,7.85,3.05,3.98,2.1,1.55,3.99,0.97,81.1,9,Male,74.94
6.21,5.59,3.41,0.38,2.82,1.17,2.58,2.8,82.1,10,Male,73.29
7.54,4.36,3.42,1.05,1.94,0.91,1.78,1.89,86.4,2,Female,73.23
6.45,3.85,2.92,2.75,2.49,3.04,2.35,2.4,68.8,4,Male,67.5
5.53,3.07,2.49,1.95,3.57,0.36,2.18,2.81,92.2,9,Male,56.49
5.47,7.59,4.91,2.83,2.17,0.69,3.02,1.91,69.1,1,Female,74.73
7.21,4.22,0.76,1.9,0.62,1.7,1.43,1.39,80.9,6,Female,66.65
8.89,7.67,3.23,1.42,1.54,0.49,2.32,0.0,63.8,6,Female,77.95
7.19,6.59,2.89,1.77,2.6,0.44,4.12,1.65,76.0,4,Male,75.45
6.86,1.89,4.04,0.0,1.3,1.99,2.68,1.39,70.1,4,Female,49.69
7.34,3.5,1.61,0.86,2.7,1.62,1.45,0.97,78.3,10,Male,56.77
8.57,3.5,2.85,2.95,1.45,1.54,2.16,3.31,86.8,4,Female,69.74
7.26,4.38,3.37,3.19,1.77,1.33,0.27,2.88,78.9,7,Male,64.47
6.51,4.41,4.89,3.41,1.22,0.72,2.44,0.35,100.0,8,Female,62.02
8.33,8.99,3.93,2.44,1.63,1.02,4.15,2.14,87.6,1,Female,91.25
7.51,2.88,1.96,0.0,1.67,1.14,1.31,1.26,75.3,9,Male,55.23
8.84,4.84,2.87,1.36,0.21,1.79,1.04,2.33,77.0,8,Male,62.69
7.22,5.42,4.65,3.32,1.15,1.5,1.85,1.28,82.5,2,Male,72.89
5.53,4.5,1.94,3.62,0.51,0.55,3.42,1.51,86.5,2,Male,62.34
5.36,4.67,3.4,3.36,1.17,1.75,4.2,2.87,63.2,6,Female,54.82
8.98,2.93,3.49,1.76,0.86,0.03,2.95,2.74,85.6,10,Male,54.32
9.07,4.66,3.0,0.69,2.31,0.98,1.21,3.36,63.5,9,Male,60.22
6.78,5.27,7.0,1.96,2.32,0.4,2.48,1.8,84.5,2,Male,69.05
6.54,4.99,2.96,2.01,1.95,0.6,4.29,0.69,91.2,7,Male,67.14
8.75,5.36,4.08,3.57,0.49,2.55,2.19,2.83,81.6,5,Female,70.12
5.67,6.62,2.5,2.23,1.42,0.17,2.64,2.83,50.1,7,Male,62.85
5.93,5.91,4.19,2.02,0.42,0.63,2.74,2.57,56.6,6,Male,59.14
7.77,4.61,4.63,2.07,1.38,1.56,0.95,1.33,84.8,6,Male,68.37
6.53,2.74,2.74,2.4,2.02,0.87,3.5,1.04,48.6,6,Male,47.96
6.99,3.6,3.43,2.63,2.29,1.31,3.35,2.48,85.3,1,Male,67.09
6.8,4.17,2.34,1.28,1.88,2.2,0.51,1.2,89.8,6,Male,65.81
7.41,4.88,2.01,0.94,2.51,1.66,1.17,1.72,91.6,2,Male,71.49
8.69,3.78,4.85,3.37,1.71,0.87,1.53,4.62,75.1,5,Male,64.28
7.11,3.1,2.78,0.36,1.31,1.11,3.25,3.92,83.3,6,Female,60.39
7.77,2.72,0.36,3.64,2.2,1.57,1.75,2.71,80.5,8,Female,56.47
4.54,2.02,5.79,0.09,2.23,1.64,2.9,1.4,60.3,9,Female,43.53
6.94,4.15,2.46,1.42,1.08,1.21,2.32,1.35,86.9,2,Female,71.0
5.99,2.3,3.18,2.97,1.8,1.45,2.57,2.64,94.7,6,Male,53.35
5.54,3.0,5.63,2.0,1.26,1.45,3.0,3.35,86.3,8,Male,50.84
5.95,3.91,3.32,0.68,0.0,1.14,2.77,1.54,72.0,4,Female,59.48
6.6,2.5,3.29,2.43,1.85,0.78,2.48,1.59,86.9,1,Female,62.12
8.1,5.07,1.9,2.07,0.46,1.72,2.83,2.08,93.6,10,Male,64.25
5.41,5.61,1.37,1.78,1.76,1.4,2.72,0.75,92.0,9,Female,68.44
7.04,3.68,3.28,1.38,0.27,0.0,2.29,0.78,90.3,8,Male,58.8
6.42,3.84,3.97,1.97,0.92,0.62,2.07,0.94,58.9,8,Male,47.5
6.61,5.31,3.9,1.42,1.15,0.86,4.38,2.49,82.8,4,Female,61.97
8.2,3.43,2.87,4.43,2.46,1.06,2.06,2.24,85.7,8,Female,61.15
7.65,3.33,3.53,1.76,1.07,2.04,3.87,3.02,90.5,10,Female,56.87
8.6,6.29,1.11,1.63,0.64,3.44,1.81,0.44,84.2,3,Female,86.47
6.81,5.83,4.1,1.46,1.79,0.0,3.31,0.63,96.6,5,Male,71.16
6.16,5.4,3.71,3.78,1.33,1.41,4.28,2.41,56.1,9,Male,55.59
6.73,5.89,6.07,0.36,2.13,1.25,2.16,1.22,84.7,3,Male,70.12
7.29,1.53,3.51,2.36,0.69,1.07,1.83,1.28,83.7,7,Male,46.95
7.21,6.53,2.27,1.76,1.67,1.58,2.07,2.91,88.8,1,Female,81.88
5.7,5.09,3.43,0.58,3.48,1.3,2.48,1.5,96.5,10,Male,68.12
7.11,6.02,3.07,1.18,1.31,0.95,2.82,1.61,67.3,1,Male,75.11
7.27,5.08,4.07,2.32,1.65,1.22,2.46,1.77,96.1,1,Female,75.72
10.02,4.57,3.53,1.14,0.17,1.59,2.08,1.83,87.8,5,Male,72.81
9.25,4.09,1.86,2.26,0.82,1.52,4.45,2.62,75.8,8,Male,61.93
5.98,5.05,1.37,3.73,1.87,1.33,2.3,0.91,67.1,3,Female,69.15
6.66,4.03,3.84,2.17,1.24,0.79,1.88,1.83,80.4,7,Male,62.05
5.24,5.8,5.3,0.55,1.99,3.17,3.33,3.05,81.4,4,Female,72.04
6.29,2.12,3.6,1.15,1.84,1.45,3.35,3.92,82.1,10,Male,42.17
7.38,3.69,4.56,1.71,0.45,1.73,3.91,0.78,70.5,5,Male,55.73
8.45,7.57,4.82,1.65,2.31,0.84,4.43,2.3,85.3,5,Male,80.54
6.13,3.56,3.85,2.15,0.51,1.33,2.85,1.83,73.1,1,Male,63.64
6.22,4.14,2.44,2.31,0.89,1.33,2.21,1.91,92.6,3,Male,65.56
4.42,3.18,3.75,3.73,1.68,0.0,0.6,1.29,98.5,1,Female,57.0
6.8,5.0,5.07,2.0,2.75,0.7,1.56,2.68,68.2,9,Female,59.92
5.73,3.4,4.19,0.85,0.7,0.69,2.71,2.63,78.7,5,Male,54.99
6.36,4.22,4.47,3.15,1.62,0.78,1.32,4.27,89.7,4,Male,61.73
5.95,5.77,2.9,3.26,1.62,0.45,0.91,0.81,81.3,3,Female,69.7
6.89,3.45,3.24,2.23,2.03,1.23,2.57,0.43,61.8,8,Male,47.43
4.89,5.68,3.35,1.75,2.45,2.18,3.28,3.85,88.4,7,Male,67.76
5.24,5.73,3.43,2.62,1.18,1.29,2.25,1.95,70.7,4,Female,64.11
9.56,6.08,5.02,1.79,2.31,0.37,3.4,1.59,80.4,3,Female,78.28
5.46,4.71,0.45,0.0,2.56,0.48,3.12,2.17,66.1,10,Male,59.67
5.68,9.36,3.54,2.56,2.93,0.94,3.65,0.74,87.5,1,Male,90.83
9.2,6.08,3.4,2.89,1.9,0.21,4.67,2.34,72.9,6,Female,69.42
10.49,4.99,1.72,3.44,1.63,1.41,5.11,1.93,88.8,10,Male,67.47
5.59,3.19,4.37,1.27,1.12,2.15,3.23,2.97,75.4,4,Female,52.29
6.56,4.35,2.56,2.23,0.33,0.8,2.04,2.77,72.2,1,Male,69.64
7.41,6.64,3.04,2.25,1.28,1.25,2.56,2.85,82.9,9,Male,70.07
9.07,7.06,5.9,2.09,1.59,0.9,4.07,2.17,65.1,10,Female,59.06
5.82,6.72,4.81,2.11,1.41,0.76,1.61,3.44,99.6,1,Male,75.26
6.71,5.68,4.25,2.04,1.98,1.33,3.95,2.52,80.2,4,Male,72.23
7.93,2.62,4.0,2.21,0.34,0.74,2.33,1.52,71.2,1,Female,57.98
7.52,5.23,3.29,2.74,1.35,0.63,2.73,1.27,73.2,9,Female,59.78
6.55,2.64,6.1,3.22,3.1,0.07,1.69,1.37,78.2,9,Male,44.36
6.84,2.27,4.54,1.24,2.3,1.25,1.18,2.53,89.9,9,Female,52.59
5.35,4.86,2.53,1.83,1.99,1.95,2.22,0.8,67.3,4,Male,68.55
6.71,5.28,1.68,1.58,1.81,1.7,3.8,2.14,73.6,8,Female,66.65
6.68,5.86,4.24,1.43,1.21,2.24,1.8,1.25,77.4,2,Male,74.23
7.28,5.25,3.43,0.38,0.1,0.73,4.11,0.87,96.5,2,Male,72.16
6.33,5.3,1.64,2.02,1.87,1.8,1.93,1.02,90.0,6,Male,66.68
7.57,3.02,4.06,2.48,0.0,0.43,1.43,1.98,97.1,10,Female,52.49
8.22,4.34,3.15,1.84,1.24,1.7,2.75,2.69,78.4,3,Male,70.95
7.19,2.24,4.19,1.99,1.5,2.35,3.18,1.39,95.2,5,Female,59.53
7.42,1.49,4.07,2.42,1.14,1.55,2.69,0.13,93.2,10,Male,49.06
7.06,5.61,2.71,3.41,3.24,2.36,2.65,4.84,86.4,5,Female,71.71
7.0,3.37,4.32,1.58,2.96,0.78,4.1,3.01,87.3,9,Female,53.36
6.13,5.81,2.85,0.83,2.33,1.11,2.59,2.84,70.9,7,Male,69.48
7.38,6.16,2.94,1.91,0.76,0.56,2.03,3.47,99.9,9,Female,71.15
6.88,3.57,2.81,3.88,3.04,1.22,1.37,2.08,75.1,4,Male,66.16
9.51,5.39,4.97,0.84,2.0,1.39,3.77,1.88,84.7,9,Female,66.77
8.89,3.51,3.14,2.65,0.75,1.22,2.07,3.22,86.1,9,Male,64.24
7.46,1.73,5.28,3.16,1.53,0.87,2.17,3.21,61.5,9,Male,39.38
6.08,4.68,5.82,0.0,2.27,0.86,3.55,2.55,77.4,10,Female,58.93
5.67,3.79,2.54,2.41,1.02,1.44,4.55,2.79,80.4,4,Male,52.82
8.43,3.84,0.0,2.6,1.61,1.09,2.75,0.89,76.6,9,Male,63.71
7.32,7.46,4.86,1.73,1.75,0.39,2.36,1.77,77.5,7,Male,72.62
7.58,2.21,3.06,1.35,0.62,0.0,2.49,3.53,95.9,1,Female,57.69
4.91,5.07,2.37,1.41,1.28,0.78,2.04,2.72,68.1,10,Female,55.57
8.11,3.01,2.73,1.67,0.68,0.23,2.14,0.68,62.8,8,Female,47.63
7.55,5.86,2.96,1.7,2.19,0.62,2.15,1.52,71.0,7,Female,67.05
5.67,4.95,5.19,1.51,0.77,0.9,3.41,3.39,86.9,1,Female,67.98
6.43,5.07,3.71,1.66,1.73,1.1,2.41,2.41,88.1,10,Female,60.28
7.32,3.08,5.17,3.19,0.39,0.73,3.86,2.16,85.3,10,Female,46.38
7.06,3.35,4.14,0.79,0.59,2.73,2.38,2.19,88.9,9,Female,56.03
6.65,5.89,3.1,0.25,0.55,0.32,2.13,1.92,81.1,4,Female,78.87
6.88,7.16,2.99,3.21,1.27,2.05,3.78,1.53,71.8,1,Male,79.73
6.7,5.22,4.23,1.81,1.64,1.09,2.52,1.25,66.7,8,Female,58.94
7.18,3.15,4.57,1.61,1.79,0.74,2.37,2.91,62.9,6,Female,53.87
8.77,5.01,4.8,1.89,0.08,1.61,2.53,2.21,75.3,3,Male,68.13
3.92,8.14,3.16,2.21,1.37,0.88,3.97,2.64,87.5,3,Female,73.75
6.72,4.65,3.73,1.48,0.9,0.64,2.81,2.49,80.8,7,Female,62.49
7.21,6.69,4.26,2.51,1.93,2.45,3.75,3.27,78.3,9,Female,71.86
7.36,3.39,3.0,1.04,1.29,0.0,2.27,2.41,65.3,6,Female,60.82
6.55,4.44,2.02,1.7,1.44,1.03,3.59,2.74,100.0,10,Male,64.14
4.89,5.43,2.45,0.0,0.9,1.33,2.74,2.15,68.1,6,Female,62.88
7.39,5.1,3.19,3.17,2.88,2.19,3.38,1.15,79.4,6,Male,67.97
9.07,3.35,4.36,1.82,0.47,0.92,3.47,1.8,90.0,4,Male,67.93
5.16,3.29,5.14,2.67,1.18,3.06,1.56,2.53,78.5,1,Female,58.06
8.04,5.98,1.74,2.48,1.59,1.73,2.57,2.61,68.3,3,Female,73.36
6.61,6.29,2.72,2.55,1.3,0.0,3.46,3.31,87.7,4,Female,80.18
6.93,6.77,3.03,1.99,0.89,0.18,3.62,1.59,61.9,7,Female,63.22
5.74,7.21,4.53,2.39,0.05,1.37,3.75,2.2,98.9,2,Female,72.76
6.6,4.7,2.81,1.04,0.95,0.4,2.6,1.88,81.4,6,Female,64.71
8.56,4.03,2.94,0.83,0.73,1.58,4.04,3.46,75.0,6,Female,65.17
7.7,6.53,1.66,1.9,2.84,0.88,1.84,2.34,61.0,6,Male,76.28
9.08,5.57,4.13,1.32,3.31,0.36,1.01,2.36,64.2,10,Female,67.97
8.41,3.03,3.29,3.43,1.46,0.52,2.22,1.97,77.4,2,Female,61.78
7.53,2.95,2.65,2.38,0.38,1.8,3.7,1.8,100.0,4,Female,62.28
9.09,5.24,3.16,1.28,2.09,0.0,1.41,0.7,80.8,4,Male,72.86
7.53,4.23,4.97,1.73,0.72,1.93,1.03,0.86,82.2,8,Female,58.17
7.99,4.46,2.19,2.13,1.06,1.95,0.78,2.16,82.6,7,Male,68.31
6.64,6.11,2.41,1.93,1.0,0.97,3.24,2.05,100.0,9,Male,72.27
7.08,5.64,5.13,2.27,1.1,0.22,1.05,2.17,72.7,6,Male,60.46
6.16,6.49,3.6,2.07,1.22,1.59,3.05,2.85,96.8,9,Female,65.42
8.19,1.6,4.37,0.61,0.45,0.86,2.17,2.08,73.2,1,Female,58.71
5.59,4.88,4.02,0.0,0.94,0.14,1.73,1.69,69.6,2,Male,63.72
7.94,5.54,3.45,1.63,2.32,2.54,1.5,1.81,77.0,7,Female,67.81
6.77,2.21,3.05,2.56,1.47,0.58,2.71,2.22,77.0,3,Female,49.79
8.41,3.52,4.58,1.64,1.6,0.17,1.75,1.66,84.7,3,Male,68.37
7.9,3.24,5.01,3.24,0.0,1.4,2.5,2.96,50.1,3,Female,52.36
9.18,4.53,4.91,1.95,2.26,1.15,2.9,1.99,79.8,2,Male,72.87
7.88,6.94,1.96,3.36,0.95,2.24,3.11,2.23,70.8,3,Female,80.22
5.11,7.53,5.2,3.15,2.4,0.93,3.43,1.27,69.3,10,Male,61.54
6.92,3.28,3.03,3.05,1.62,0.94,2.66,2.96,62.5,1,Male,60.45
5.59,5.29,2.52,0.8,1.05,1.43,1.45,3.3,73.6,10,Female,60.15
6.38,5.34,3.28,2.02,0.16,1.34,2.97,0.77,71.8,6,Male,58.63
8.81,5.08,4.58,3.22,3.24,1.36,3.16,2.36,72.9,8,Female,58.86
7.77,5.1,4.2,2.27,2.14,1.39,2.32,1.9,58.3,8,Female,65.83
6.16,4.96,3.17,2.55,2.19,1.32,2.21,2.26,79.2,1,Male,71.48
5.78,7.03,4.59,0.61,2.96,0.91,4.98,2.41,68.5,3,Female,72.88
7.04,6.15,3.68,3.92,1.68,1.78,1.21,0.0,58.4,9,Male,57.56
5.54,2.91,2.76,1.21,2.58,0.95,2.99,2.68,71.4,7,Female,55.95
6.19,5.69,2.58,0.01,1.12,1.76,3.55,3.0,68.7,4,Male,71.2
7.37,5.84,4.03,1.65,2.09,2.17,2.16,3.1,78.5,6,Male,68.66
8.39,4.97,3.39,0.0,1.0,0.73,2.33,1.15,71.3,5,Female,67.5
7.73,6.2,1.71,0.91,1.1,2.88,2.1,1.97,60.6,1,Female,81.41
4.25,4.78,4.6,4.56,1.58,0.7,2.5,1.51,67.3,10,Male,43.88
7.37,4.8,2.88,1.62,0.49,0.71,3.4,0.28,57.3,3,Female,65.22
7.09,4.68,5.57,0.57,1.76,1.58,2.3,1.44,91.6,9,Female,66.47
7.5,1.47,1.68,2.03,1.25,1.51,5.61,1.02,93.6,3,Male,56.48
8.94,4.38,3.27,1.1,0.0,1.25,2.05,2.3,95.0,7,Female,66.52
4.52,3.5,2.59,2.86,1.13,1.77,3.88,0.53,70.9,5,Female,49.56
6.29,2.72,2.23,1.11,1.22,1.38,3.04,1.12,93.6,9,Female,53.43
7.71,6.65,2.87,2.27,2.18,2.65,2.61,1.53,82.9,7,Male,70.21
5.1,5.26,5.8,0.85,1.73,1.16,3.97,2.69,68.1,6,Female,60.3
8.77,4.46,3.69,4.6,2.66,0.6,0.9,4.5,70.5,4,Female,63.1
7.44,3.65,2.47,2.5,1.92,0.81,2.93,2.27,75.9,9,Female,53.7
8.02,4.94,1.12,1.85,1.06,1.53,1.78,1.07,79.2,2,Female,76.41
6.31,5.99,1.26,1.71,1.45,1.54,2.06,1.39,82.4,6,Male,76.87
7.98,3.26,2.8,1.45,1.22,1.34,2.02,2.59,78.0,3,Male,62.55
8.28,4.49,2.68,1.24,1.89,0.61,1.54,0.79,73.8,5,Female,67.22
7.28,5.8,3.21,1.21,1.55,1.98,0.85,2.99,94.2,1,Male,83.51
7.28,1.6,0.55,3.68,1.0,2.56,2.89,2.25,76.6,7,Female,49.52
7.32,4.41,3.38,1.45,1.51,1.22,2.43,1.89,75.9,8,Male,59.82
5.96,3.86,4.84,0.0,1.87,2.47,2.2,0.48,75.4,7,Female,51.94
6.82,4.3,5.61,0.83,0.69,1.81,3.26,2.83,76.6,7,Male,54.9
6.82,3.75,1.04,2.93,1.75,2.75,2.95,1.31,61.7,1,Female,70.16
7.46,4.71,2.46,1.75,0.24,1.53,2.23,2.14,66.0,7,Male,63.45
8.2,7.39,2.39,1.87,2.38,1.3,5.55,1.86,100.0,4,Female,85.41
5.73,4.01,3.69,3.17,1.92,1.79,3.52,0.57,58.2,7,Female,47.55
6.85,4.94,1.91,1.22,2.8,0.9,4.94,1.79,81.3,7,Male,66.34
8.78,7.49,5.69,2.63,0.61,1.48,2.09,0.91,82.1,3,Male,74.67
6.11,3.67,3.56,1.33,2.41,2.13,2.75,1.41,90.2,2,Female,66.68
6.01,7.22,3.34,2.58,2.25,1.77,1.26,2.39,82.4,2,Male,80.21
7.24,4.51,5.57,1.61,1.35,1.18,2.17,2.63,100.0,5,Female,64.54
8.01,7.17,3.48,1.76,1.2,1.34,1.92,1.98,80.9,6,Female,77.01
7.01,5.63,4.02,2.82,0.63,1.73,5.5,1.2,94.2,1,Female,74.67
8.59,4.96,2.52,2.75,0.42,1.71,1.81,1.42,90.5,8,Male,64.13
8.03,4.4,1.72,1.83,0.9,1.73,2.27,1.4,96.5,3,Male,77.29
8.01,3.56,2.71,1.53,0.5,1.44,1.05,0.08,78.3,9,Male,59.68
7.66,4.61,6.34,3.6,2.78,0.62,3.03,2.07,82.8,7,Male,64.33
9.79,5.85,4.32,2.59,0.3,0.73,1.6,0.5,73.6,8,Female,66.78
6.75,4.48,3.86,1.61,1.62,1.52,3.42,2.07,79.9,3,Female,70.38
4.6,4.03,2.23,1.35,1.85,1.78,0.71,0.69,80.6,7,Male,61.56
8.93,4.12,4.68,3.02,1.79,1.69,2.38,0.91,53.1,7,Male,55.81
6.45,5.99,1.73,2.12,1.86,0.73,0.65,2.6,76.3,9,Female,64.24
7.13,6.34,1.46,1.84,2.26,1.09,2.01,2.02,88.7,6,Female,80.57
8.57,3.5,2.77,2.11,1.14,0.38,2.21,0.3,61.8,8,Male,54.8
5.08,3.5,6.04,2.34,1.57,0.23,1.9,1.5,66.2,5,Male,52.73
5.5,5.07,5.97,1.94,1.27,1.26,2.0,2.24,91.9,10,Male,57.06
5.08,6.79,2.91,3.2,2.54,2.15,3.47,1.44,94.1,8,Male,73.42
6.05,6.22,2.62,3.26,3.18,1.27,4.67,1.69,70.6,1,Female,73.37
7.53,2.62,1.37,2.53,0.54,2.54,2.84,2.22,80.1,8,Female,55.81
7.63,4.1,3.6,3.37,0.0,1.09,1.64,2.04,77.1,2,Female,58.34
7.33,3.1,3.71,2.01,1.96,1.22,2.56,1.11,92.1,1,Female,67.99
5.3,4.1,4.53,2.69,2.36,0.51,2.15,2.02,71.6,6,Male,57.61
4.23,6.91,4.68,3.0,3.07,0.96,3.39,1.74,73.5,5,Male,70.47
7.07,2.37,3.24,3.02,2.09,0.37,2.79,3.55,94.1,5,Male,56.3
6.43,2.07,4.22,2.92,2.62,0.12,0.92,1.91,66.0,5,Female,43.24
7.55,3.26,2.59,2.63,2.83,0.38,3.6,2.12,72.0,4,Male,59.34
7.84,4.93,4.2,3.96,2.67,1.26,3.47,2.23,79.6,10,Male,58.22
7.17,5.43,2.84,1.46,2.2,0.68,4.0,1.71,96.3,8,Male,70.17
7.91,5.16,4.1,1.84,0.47,0.85,1.98,1.35,63.7,8,Female,53.05
7.28,6.26,3.99,1.79,1.49,1.49,2.8,2.41,69.5,6,Male,68.56
7.64,1.86,3.59,1.63,1.74,0.12,1.32,2.42,85.1,8,Male,47.71
6.15,6.28,4.53,0.01,1.42,1.26,2.45,3.87,87.0,6,Male,75.98
6.78,4.03,1.46,3.37,1.47,1.79,2.9,2.67,80.5,10,Male,50.39
7.24,5.6,2.12,0.97,2.75,1.85,1.86,2.68,76.6,1,Female,84.06
7.98,2.51,3.15,2.17,0.89,1.56,2.84,2.65,79.6,8,Female,52.21
6.53,4.51,1.62,0.58,2.14,1.16,2.67,1.38,59.9,5,Female,58.73
7.63,4.85,2.97,2.62,1.75,0.76,2.05,0.87,79.2,4,Female,72.97
6.68,6.23,3.01,1.21,0.81,1.14,3.9,1.1,95.8,7,Male,75.04
6.86,2.12,5.2,0.86,0.64,2.36,2.27,2.62,62.2,10,Female,44.49
8.0,4.55,3.69,2.19,0.14,1.39,2.63,3.28,68.6,3,Female,65.37
4.61,2.87,4.84,1.3,1.89,1.13,1.03,2.66,73.2,5,Female,48.84
5.44,5.26,3.89,1.43,1.45,1.59,3.02,1.85,74.0,3,Male,66.22
5.22,5.67,2.8,2.17,0.84,1.23,2.02,3.51,100.0,9,Male,66.8
4.2,6.43,3.67,2.8,0.0,1.36,3.46,1.6,66.8,6,Female,57.83
6.19,3.7,4.45,1.18,1.85,1.03,1.19,0.97,64.4,3,Female,56.1
7.9,5.89,5.05,1.01,1.36,0.91,2.93,2.23,87.3,10,Female,65.9
6.66,6.54,3.33,2.02,0.93,1.9,0.32,3.16,70.2,3,Male,76.04
7.24,2.04,1.36,2.54,0.73,0.0,3.12,1.24,87.5,2,Male,62.01
8.31,5.42,1.27,3.46,1.31,1.54,2.33,0.47,75.6,3,Female,78.81
8.59,5.94,3.08,0.93,1.88,0.87,2.9,2.03,83.5,4,Male,80.41
6.92,4.11,0.46,1.68,1.24,0.0,1.9,2.69,59.2,3,Female,62.44
8.62,2.68,5.83,3.18,0.55,0.52,1.55,0.0,83.5,1,Female,57.83
7.11,5.91,4.28,3.97,1.45,1.17,2.07,2.88,80.6,10,Male,61.9
6.0,2.7,2.67,1.01,2.34,1.27,2.69,0.77,74.9,4,Male,59.79
6.29,4.23,2.06,1.26,1.53,1.72,3.08,2.65,63.2,10,Male,57.25
5.22,4.44,4.84,2.38,1.55,1.77,2.8,0.2,80.6,7,Male,54.29
5.93,5.57,2.05,1.42,1.24,0.12,1.56,0.67,86.7,9,Female,62.92
6.57,3.56,2.18,1.24,0.79,1.46,4.34,2.56,71.6,4,Female,63.18
7.96,3.47,2.5,2.24,0.76,1.71,2.83,3.09,71.9,7,Female,59.11
9.06,4.65,3.65,3.55,0.17,1.35,1.88,1.99,87.5,4,Male,69.23
5.34,6.01,4.31,0.69,2.44,1.55,2.92,4.16,98.5,4,Female,73.32
7.47,7.93,5.05,3.5,1.87,0.0,2.76,1.08,89.3,10,Male,76.0
5.75,2.24,4.86,1.43,1.57,0.51,2.32,1.07,80.8,9,Male,44.04
7.57,4.97,3.5,2.35,1.74,2.16,2.21,1.73,75.1,4,Female,68.43
6.84,2.87,4.83,3.59,1.77,1.0,3.48,1.69,77.7,1,Female,57.78
4.8,6.03,2.63,2.33,0.91,2.76,4.23,2.26,62.1,6,Male,62.11
8.11,3.09,1.13,1.7,1.24,0.31,0.46,1.33,76.1,10,Male,52.5
6.27,3.49,2.63,2.72,1.12,2.29,3.73,2.51,91.4,10,Female,54.7
6.36,3.62,2.45,1.83,3.51,0.77,2.52,2.49,78.5,5,Female,59.1
5.72,4.39,2.68,2.52,2.32,1.8,2.74,3.45,70.5,6,Male,61.06
6.21,4.98,2.25,1.8,1.63,0.99,3.85,1.56,69.4,9,Female,53.85
7.51,5.23,2.9,2.86,2.59,1.28,0.0,2.3,77.6,2,Male,69.36
6.77,4.49,4.31,0.61,2.49,1.62,3.31,2.55,63.2,3,Male,66.66
7.39,2.51,5.73,0.99,0.4,0.77,3.78,1.99,67.1,2,Male,49.08
7.43,5.59,1.26,0.59,1.32,1.76,1.81,1.81,96.4,6,Male,79.03
8.58,4.42,1.83,1.94,1.49,1.01,1.11,0.14,65.6,9,Male,61.55
6.59,6.24,2.47,0.47,1.99,1.32,4.14,2.08,68.4,4,Male,74.19
5.23,3.44,4.5,1.31,1.32,0.0,0.74,2.54,81.5,9,Female,47.65
8.28,2.1,3.23,0.89,1.42,0.96,2.92,1.95,72.7,6,Male,53.64
6.6,4.45,2.56,3.48,1.13,2.08,3.52,1.3,79.1,3,Male,63.16
8.34,6.44,4.43,1.01,2.34,1.69,2.9,0.49,88.4,10,Female,73.13
7.46,4.74,4.74,0.71,0.35,1.82,3.06,2.41,59.4,7,Male,55.93
6.84,4.2,3.48,2.25,1.16,1.24,2.23,2.03,87.1,6,Female,61.21
7.42,3.19,2.44,3.69,0.03,2.37,2.96,3.25,71.0,2,Male,62.73
9.34,7.14,3.85,1.88,0.68,1.4,1.79,0.7,74.6,6,Female,74.88
9.49,2.96,3.2,1.96,1.75,0.74,1.92,1.58,100.0,3,Female,64.48
7.08,3.41,3.19,3.29,1.77,1.8,2.54,0.81,61.2,5,Male,51.98
7.19,5.36,2.83,2.88,1.25,1.85,0.96,2.92,85.1,10,Female,66.95
8.29,1.72,4.7,2.43,2.4,1.64,3.08,3.12,91.5,10,Female,48.75
5.99,6.41,3.82,1.42,2.58,0.92,0.02,3.73,69.8,5,Female,73.24
7.4,5.44,4.85,2.46,1.44,1.4,2.86,2.47,70.0,4,Male,66.75
6.97,5.85,5.24,0.64,1.7,2.18,2.96,2.71,73.6,3,Male,76.65
7.38,5.34,4.1,1.38,1.14,1.53,1.71,2.39,69.7,3,Female,63.69
6.0,4.26,2.84,3.43,2.0,0.17,1.27,2.52,78.8,6,Male,59.29
5.09,2.91,4.85,3.3,0.54,0.76,2.09,2.04,88.7,10,Female,42.51
4.51,4.29,4.11,2.44,2.94,0.73,3.14,2.56,73.6,9,Male,51.21
5.66,3.04,6.88,0.07,2.41,0.67,2.85,3.93,89.1,3,Male,59.7
6.45,5.23,3.9,0.79,0.54,0.0,1.39,2.2,94.8,9,Male,65.0
6.65,5.71,4.41,1.32,0.87,2.52,2.61,2.02,83.2,5,Male,68.38
9.32,6.72,3.88,1.83,1.84,0.59,2.76,2.18,84.3,7,Female,71.51
8.33,5.06,3.37,0.75,1.23,0.64,2.72,1.87,70.9,3,Male,78.09
5.85,5.89,3.16,1.75,1.94,0.0,1.51,2.22,46.5,9,Female,56.89
7.42,4.05,3.88,3.77,1.21,1.81,2.66,1.84,85.0,5,Female,61.48
6.51,3.78,4.18,2.4,2.72,1.14,3.42,3.03,87.6,8,Female,60.75
6.66,5.21,5.0,2.22,1.51,0.95,3.04,2.94,80.9,3,Female,65.72
7.22,3.92,3.9,0.98,3.44,0.99,2.91,3.95,88.9,10,Female,63.99
7.74,4.9,2.9,0.36,1.98,1.61,4.14,1.98,71.4,5,Female,67.87
6.59,2.91,3.08,0.77,0.42,0.86,2.67,2.26,84.2,7,Female,59.61
8.28,3.18,1.78,0.32,3.17,0.0,1.66,2.22,95.7,6,Male,70.44
5.63,5.45,5.66,2.08,2.38,0.3,1.66,2.18,86.0,6,Female,60.87
7.01,5.83,2.8,2.38,1.8,0.26,2.68,3.02,94.1,3,Male,82.84
10.12,3.02,4.76,1.03,2.02,1.39,1.06,0.54,94.2,10,Male,61.05
7.27,5.51,3.86,2.15,0.55,1.85,2.19,2.41,63.3,3,Male,65.84
8.72,3.7,3.89,3.47,0.06,2.23,2.96,3.8,86.6,4,Female,59.7
7.11,4.52,3.35,3.96,1.47,0.06,3.67,3.23,70.4,5,Female,61.45
7.7,6.63,2.48,2.77,2.6,1.63,0.96,3.12,64.7,5,Female,80.31
6.93,5.71,2.24,1.83,1.82,0.77,2.6,2.76,74.6,3,Male,75.11
6.8,5.69,5.75,2.74,2.87,3.25,2.43,1.46,99.0,9,Male,67.03
6.06,7.36,3.65,3.35,2.56,2.17,2.54,1.33,71.5,7,Male,75.42
7.52,3.44,4.96,0.0,1.52,2.39,2.64,1.33,56.9,10,Male,50.79
5.98,3.02,5.3,3.48,2.45,1.76,2.47,0.98,60.7,4,Male,47.69
7.8,3.42,2.97,1.46,2.72,1.47,3.89,2.85,83.7,5,Male,62.89
8.3,4.12,4.05,1.47,1.44,0.92,3.74,3.32,68.9,6,Female,62.18
7.44,0.97,3.56,1.65,1.33,0.78,4.64,2.39,53.5,6,Female,42.32
6.66,4.19,2.0,2.32,1.61,0.64,2.49,2.72,61.1,2,Male,67.87
7.54,3.68,3.26,0.89,0.0,1.63,2.09,2.26,80.0,9,Male,57.13
6.63,5.68,4.26,1.72,1.72,2.29,1.53,2.51,87.4,10,Female,66.1
8.12,5.03,2.85,2.53,2.08,0.95,1.98,0.09,72.7,6,Female,67.44
4.8,3.6,3.08,2.22,1.62,0.69,3.21,2.28,85.8,4,Female,60.91
6.6,5.38,3.27,2.38,1.78,0.16,3.37,1.62,89.0,5,Female,70.07
4.61,5.58,6.24,1.68,1.47,1.37,3.18,1.96,68.6,1,Male,62.39
5.21,3.35,1.12,2.69,0.0,2.06,1.84,2.2,76.5,1,Male,62.14
8.64,3.76,4.15,3.06,2.83,2.1,1.84,1.36,70.8,4,Male,64.97
8.07,1.16,3.17,3.0,1.21,2.16,4.46,1.03,84.5,3,Female,53.42
6.14,2.86,2.67,2.43,1.01,1.49,1.67,1.33,70.7,3,Female,60.35
5.2,3.39,3.14,2.94,2.59,1.26,3.92,0.7,63.4,4,Male,53.96
3.44,4.61,4.37,2.87,2.28,2.1,2.9,0.96,78.6,2,Female,56.21
6.35,3.08,4.44,4.68,1.72,0.42,1.77,1.08,91.3,5,Female,50.27
9.9,3.73,3.74,3.22,2.12,0.89,1.32,0.71,84.1,1,Female,71.16
7.52,2.66,4.92,1.91,0.58,2.4,1.81,2.48,90.1,8,Female,54.6
6.33,4.76,5.15,1.09,1.44,0.45,2.92,1.19,89.0,7,Female,57.74
7.56,5.14,4.56,1.74,2.54,1.18,1.59,0.32,78.5,2,Female,73.68
5.13,5.1,2.79,1.67,0.96,1.64,4.05,1.64,70.8,2,Female,63.57
6.64,4.52,4.14,2.51,0.7,1.26,2.29,1.0,67.6,1,Female,64.08
7.12,2.19,4.15,1.3,1.56,2.0,3.2,3.31,59.0,2,Male,55.78
6.9,3.57,2.44,3.19,1.58,2.27,3.12,2.12,92.3,6,Female,58.66
7.95,3.89,1.46,0.61,2.02,1.54,4.12,0.68,74.0,1,Female,73.45
7.41,3.9,0.87,0.37,0.4,2.17,2.06,2.51,57.5,1,Female,74.12
7.8,4.61,3.59,1.86,0.0,0.55,2.61,2.08,92.8,6,Male,64.11
6.17,6.64,3.89,1.16,2.24,1.09,1.1,1.79,79.1,10,Male,67.12
8.08,5.72,1.96,0.74,0.63,2.88,2.6,3.42,89.6,5,Male,79.32
8.95,3.02,4.86,1.36,1.01,2.56,3.64,1.12,74.9,3,Female,61.2
5.84,5.52,3.7,1.24,0.0,0.31,2.72,2.93,68.5,9,Male,56.47
5.93,5.46,5.25,2.01,2.32,1.19,4.81,1.63,83.3,9,Male,57.88
8.6,3.29,3.98,1.38,1.78,1.3,3.02,1.98,84.3,9,Female,52.6
6.77,5.77,2.11,1.46,1.75,1.49,1.96,1.33,74.6,4,Female,74.71
8.68,4.26,4.1,2.0,1.74,2.09,2.96,1.38,93.8,1,Female,71.33
6.47,2.39,4.37,3.01,0.0,2.49,1.04,1.61,89.3,10,Male,46.25
8.75,5.18,2.79,3.47,0.71,1.23,1.7,0.29,84.8,9,Female,66.11
7.16,4.83,1.63,2.15,1.14,1.99,1.28,2.31,64.7,6,Male,66.65
7.31,4.16,3.63,2.23,0.9,1.65,2.52,2.1,63.0,8,Male,52.13
8.88,4.44,2.2,1.82,1.28,1.19,2.44,0.65,92.4,10,Female,65.41
6.57,3.42,4.96,2.48,1.7,0.01,3.71,2.59,51.7,1,Male,53.63
5.87,5.42,2.97,2.39,2.31,1.91,2.4,3.31,76.9,5,Male,66.64
6.46,4.43,5.74,3.33,0.32,1.62,1.5,1.4,79.8,9,Male,56.55
7.54,4.75,0.74,0.11,1.49,1.47,4.06,1.29,72.1,8,Female,63.85
5.12,5.04,3.68,1.77,2.07,0.51,0.0,3.0,77.6,2,Female,70.11
7.76,2.77,5.36,2.34,0.76,2.57,2.54,2.36,83.0,1,Female,65.13
6.35,3.16,2.34,1.97,1.35,1.31,2.72,1.88,71.0,4,Male,59.16
8.38,1.19,3.29,1.06,1.87,0.4,2.49,2.73,88.6,5,Male,53.36
4.13,5.35,2.98,0.7,1.51,0.29,3.0,2.25,85.0,2,Female,67.41
6.06,2.68,2.61,2.81,2.04,1.67,2.61,3.29,75.8,3,Male,54.32
4.98,4.7,3.82,1.24,1.58,1.7,3.0,1.98,68.1,6,Female,58.04
6.01,5.06,1.82,0.25,1.25,0.88,1.9,2.38,76.9,8,Male,64.95
7.3,5.4,3.36,2.86,0.56,1.52,1.04,2.99,100.0,6,Male,70.19
6.78,2.69,4.17,2.46,1.7,1.67,2.45,0.0,68.9,6,Female,54.04
6.7,4.4,3.22,1.88,1.58,1.3,1.47,3.02,96.4,8,Male,63.84
6.81,7.01,2.2,1.09,0.71,0.71,1.77,1.55,56.9,7,Female,65.24
7.24,7.07,4.84,1.89,1.97,1.87,3.66,2.45,67.7,3,Male,79.67
5.79,5.98,4.45,3.22,2.51,1.79,4.06,3.5,71.5,3,Male,65.09
7.85,5.01,2.15,0.39,0.97,1.6,3.64,1.72,89.4,2,Female,78.8
7.8,2.99,1.82,0.44,0.92,0.62,3.46,1.59,78.7,2,Female,67.39
7.46,5.58,2.26,1.37,0.89,0.27,2.56,1.95,93.7,9,Female,68.01
7.67,4.26,4.21,1.97,0.16,1.25,3.52,0.69,74.0,7,Male,58.91
7.36,5.34,3.86,1.5,3.1,1.85,2.86,3.98,77.4,7,Female,69.14
9.44,3.55,4.53,2.64,1.14,1.93,4.45,1.96,74.1,5,Male,59.1
6.9,4.24,3.08,3.09,0.81,1.61,1.58,3.48,100.0,1,Male,66.67
6.63,4.75,2.3,2.28,0.6,0.88,3.17,1.7,64.6,5,Male,56.31
6.1,4.87,4.69,2.56,1.19,0.64,1.24,2.03,71.9,2,Female,71.77
5.76,5.24,2.78,2.27,0.94,1.19,3.18,2.85,66.3,10,Male,57.53
5.51,3.63,3.74,2.01,2.65,1.19,0.78,1.01,84.9,5,Male,63.62
5.93,2.49,1.49,0.71,0.5,1.98,1.29,1.91,64.3,2,Male,66.07
6.92,6.94,2.76,0.97,0.27,0.86,1.22,2.82,99.9,3,Male,82.48
7.4,8.23,4.81,0.65,1.94,0.92,2.75,1.81,79.0,7,Male,78.09
7.06,5.17,2.57,1.85,1.41,2.64,2.85,1.57,82.9,5,Male,65.82
6.08,2.51,4.56,2.23,1.32,2.29,4.95,3.0,83.6,1,Male,56.65
8.08,3.34,0.47,0.55,1.95,0.58,2.41,3.26,77.8,4,Male,68.79
7.89,5.26,2.77,2.07,1.61,2.23,3.27,3.4,79.5,7,Male,67.85
6.81,6.51,3.28,1.12,1.46,0.41,2.66,1.39,79.0,6,Male,74.72
6.22,2.68,5.77,0.93,0.38,0.9,3.19,1.48,84.2,6,Male,50.75
7.66,4.31,1.98,1.37,0.17,0.98,2.64,1.58,68.1,7,Female,63.1
7.23,4.79,4.37,0.88,0.94,1.15,3.6,2.65,66.1,8,Female,54.17
5.26,5.8,4.87,2.61,0.63,1.63,1.45,0.92,87.9,5,Male,64.58
6.92,3.98,2.56,1.83,1.72,1.27,0.05,0.97,78.0,8,Male,61.17
7.31,2.15,3.01,2.82,0.06,1.63,2.92,1.36,53.9,10,Male,44.92
5.92,5.43,3.68,1.56,1.14,0.92,0.69,1.16,72.3,2,Female,69.53
7.23,6.19,1.57,1.59,1.36,1.46,3.81,2.8,96.4,8,Female,74.34
5.25,4.38,2.91,3.87,1.47,1.26,1.95,2.74,76.1,3,Female,64.92
8.6,5.11,5.16,0.38,1.82,0.23,1.46,1.57,71.6,2,Female,71.15
8.5,3.79,4.18,3.28,1.24,1.54,5.2,1.83,60.1,3,Male,59.91
6.7,3.23,3.3,3.65,0.97,1.27,2.48,0.0,71.2,10,Female,47.15
7.44,6.04,3.65,2.77,2.5,0.7,2.29,1.59,64.0,7,Female,64.46
4.11,5.08,4.26,1.67,1.24,0.9,3.25,3.12,83.2,5,Male,58.38
5.61,5.24,4.5,3.43,2.64,0.92,3.32,1.54,78.6,3,Female,64.57
6.65,6.75,2.78,1.68,1.24,1.03,3.64,1.02,73.6,6,Male,69.77
5.71,2.92,5.5,1.29,1.49,2.43,1.17,3.24,68.9,6,Female,46.22
7.86,3.67,5.21,1.61,1.39,2.66,3.04,1.0,96.3,5,Male,65.24
9.4,4.74,4.38,1.43,1.68,0.0,2.21,3.39,69.5,5,Male,68.72
5.59,3.65,2.4,1.05,1.16,1.54,1.58,4.6,69.6,8,Male,53.49
6.0,5.67,2.17,3.11,1.58,1.87,2.55,1.9,75.1,6,Male,64.31
7.28,4.22,3.08,1.23,2.72,1.05,0.69,3.12,76.8,1,Male,74.63
8.93,3.01,3.58,1.97,2.34,1.85,3.42,0.5,83.8,4,Male,68.82
5.53,4.6,1.2,0.56,2.34,2.36,2.21,0.46,89.2,1,Male,79.32
7.3,4.76,4.14,2.03,0.43,0.24,2.02,1.28,88.3,10,Female,60.32
9.19,5.9,5.17,0.84,0.56,1.29,2.36,2.74,100.0,4,Female,77.03
5.02,5.09,4.25,0.82,1.67,2.57,2.33,2.0,57.7,10,Male,54.08
5.46,5.19,2.62,1.89,2.12,0.33,3.64,1.83,80.8,3,Male,67.89
6.49,4.98,2.47,3.06,1.08,1.12,1.4,0.84,71.8,4,Female,63.03
6.38,4.22,3.89,2.44,0.94,0.89,2.12,1.89,100.0,5,Male,64.09
7.98,3.43,3.3,2.51,2.62,1.94,2.28,1.42,80.1,10,Male,53.47
7.29,4.93,4.08,1.87,2.05,2.03,1.43,1.17,53.6,1,Male,65.9
4.87,4.0,4.28,1.66,2.35,1.31,2.66,1.09,83.2,8,Male,52.57
7.62,7.03,4.92,2.79,1.15,1.22,1.78,2.17,81.2,7,Male,70.03
6.31,6.51,2.03,1.44,1.08,0.0,1.1,1.35,87.1,3,Female,78.15
8.53,5.45,3.79,2.83,2.26,2.2,3.03,1.99,69.3,9,Female,58.0
6.25,5.07,3.03,3.24,1.29,0.95,4.05,0.41,81.9,6,Female,58.82
6.24,4.37,3.37,1.16,1.01,1.1,2.55,2.45,74.8,6,Female,64.6
7.65,2.61,4.62,1.31,0.77,1.88,2.4,2.22,69.9,4,Male,54.79
7.92,4.18,4.77,1.45,1.09,1.34,2.38,1.79,82.1,5,Female,64.48
7.54,4.65,5.32,0.53,2.2,1.9,1.98,2.15,79.8,9,Female,61.89
4.98,4.84,4.05,1.53,0.29,1.62,3.67,2.84,90.6,10,Female,54.32
7.65,5.2,3.36,3.3,2.0,1.34,2.59,0.7,78.3,9,Female,59.05
5.76,5.88,3.17,0.95,0.93,1.42,0.32,2.06,85.2,4,Male,71.27
7.28,3.46,1.24,3.33,1.33,0.41,3.7,0.83,63.5,7,Female,59.64
5.29,3.48,5.24,1.57,1.38,1.1,3.45,2.08,94.7,10,Male,47.13
7.54,6.68,3.08,4.11,1.32,1.96,3.1,1.77,68.7,7,Male,73.18
6.03,5.66,4.16,1.32,1.27,0.57,0.0,1.98,88.8,1,Male,73.96
5.46,3.91,4.38,1.86,1.14,0.7,2.5,2.76,81.2,8,Male,51.53
7.86,4.34,1.88,1.09,1.04,0.58,3.39,2.74,79.6,6,Male,66.29
7.29,4.35,2.3,1.31,2.56,1.31,2.88,2.98,87.1,5,Female,69.6
6.26,4.55,5.51,3.34,1.52,2.18,2.71,1.64,52.3,1,Female,56.03
8.74,5.21,3.88,2.47,1.4,1.58,3.4,2.63,71.1,5,Female,67.81
6.47,8.3,2.75,3.03,0.98,0.0,2.64,2.46,87.0,8,Female,71.82
7.04,4.78,3.34,0.68,1.17,1.65,3.7,1.67,100.0,6,Male,69.98
7.32,5.49,4.91,2.65,0.99,0.89,2.66,2.11,77.7,3,Female,68.15
6.26,1.97,4.71,1.03,2.11,1.56,2.58,1.88,48.7,9,Female,41.4
7.57,3.77,1.59,0.66,0.9,1.1,3.39,3.26,74.2,5,Male,63.28
6.36,6.34,5.62,2.24,0.0,0.6,2.1,2.73,77.3,7,Male,63.99
6.51,5.1,4.76,2.23,1.55,1.15,1.4,1.7,91.3,1,Female,73.19
8.64,0.0,3.3,2.05,1.28,0.89,2.5,1.64,78.6,2,Female,50.79
5.75,5.51,1.95,2.72,1.03,1.42,3.09,2.86,62.7,3,Male,72.69
4.1,7.38,4.87,2.87,2.23,0.58,3.43,3.21,89.6,2,Female,76.19
8.93,1.51,4.12,3.47,0.0,0.41,3.43,2.28,84.8,5,Female,48.06
10.06,6.78,1.6,0.81,2.76,1.71,2.43,2.59,69.6,5,Female,90.05
6.51,0.34,3.2,3.5,2.34,1.98,2.33,3.17,86.6,1,Female,54.01
4.68,5.91,7.56,3.88,1.0,1.61,1.91,1.84,71.4,7,Male,57.25
6.63,4.49,3.52,1.63,1.14,0.75,2.75,2.08,74.4,5,Female,56.32
6.66,0.98,2.54,0.33,1.9,0.68,0.86,2.44,71.6,4,Female,51.12
6.77,5.17,2.19,0.62,1.92,0.72,2.52,1.61,74.3,3,Male,71.42
5.66,6.23,5.8,1.54,0.99,1.82,5.35,3.53,88.9,4,Female,62.64
7.7,5.05,4.6,4.01,0.21,0.62,1.0,1.61,56.6,2,Female,62.26
7.63,5.38,5.33,2.02,3.19,1.82,2.66,2.06,91.2,9,Male,64.61
5.21,3.88,3.82,1.38,2.26,1.65,2.88,3.72,80.1,6,Female,52.86
7.84,1.71,5.13,1.31,1.63,2.07,3.01,0.32,73.3,9,Male,41.76
9.46,5.54,2.4,0.68,1.64,1.94,1.53,2.19,78.2,9,Male,76.55
7.21,7.12,3.71,2.87,2.0,1.58,3.02,1.41,67.1,5,Female,75.63
6.6,6.19,3.87,1.91,2.09,0.17,1.97,2.0,58.4,4,Female,65.89
6.83,1.52,5.3,4.1,0.0,1.63,1.07,0.91,67.4,8,Female,34.43
7.74,2.23,3.91,2.63,1.22,1.28,3.45,1.67,55.3,4,Male,51.76
4.92,3.23,2.69,2.83,1.14,0.94,3.16,2.02,61.8,5,Female,44.34
7.2,2.11,3.58,1.76,1.37,2.15,1.53,2.21,58.5,5,Male,52.48
6.53,4.57,1.32,0.91,2.12,1.09,1.96,2.81,92.7,7,Female,64.41
9.22,5.09,0.48,1.13,0.07,0.83,1.92,0.0,62.6,1,Female,81.36
6.79,2.35,4.58,0.63,0.42,1.99,0.86,1.89,77.5,3,Female,57.91
9.0,5.67,3.01,2.91,0.95,0.92,3.26,1.84,91.4,7,Female,65.89
5.68,5.4,3.16,1.62,1.62,0.79,3.3,1.94,88.2,5,Male,66.53
7.7,3.68,4.58,2.95,2.17,0.41,2.17,2.03,74.5,7,Female,56.3
7.38,4.24,5.32,2.14,2.81,0.63,2.47,1.25,74.5,7,Male,51.92
5.96,1.58,4.19,1.71,1.27,0.69,2.61,0.61,80.2,4,Male,47.76
7.21,4.0,6.01,0.83,2.16,1.63,2.74,2.2,100.0,5,Male,65.97
8.46,4.51,4.15,2.3,2.07,0.49,1.15,1.11,83.0,1,Female,66.59
6.61,4.75,3.89,1.78,1.93,0.0,2.99,2.36,86.0,8,Female,62.63
4.97,5.07,3.81,2.9,1.48,1.41,1.32,1.16,100.0,5,Female,65.2
6.98,4.87,1.83,1.28,1.18,0.76,3.18,2.62,81.3,3,Female,74.22
5.92,4.1,4.74,2.62,0.65,1.19,1.44,1.95,91.8,6,Female,56.97
6.59,4.93,0.32,3.64,0.59,2.1,1.2,2.01,83.7,1,Female,72.49
6.9,6.0,2.74,2.27,1.78,1.25,2.47,1.78,83.6,5,Female,69.56
4.95,4.36,3.53,2.79,1.46,2.26,2.45,1.63,66.4,10,Male,48.47
5.06,4.98,2.47,2.57,1.17,1.15,2.6,1.79,64.5,4,Female,60.67
7.58,4.22,2.91,3.9,2.03,1.9,1.61,3.06,71.9,4,Female,68.05
6.37,3.53,5.89,2.37,1.34,0.82,2.7,0.62,88.6,5,Female,53.59
3.92,5.28,4.94,2.7,0.77,1.28,2.8,1.42,88.0,3,Female,56.93
7.94,3.67,2.61,1.96,1.29,0.55,3.67,2.95,94.0,3,Female,67.03
7.33,5.08,2.89,1.23,2.16,0.63,2.69,2.74,77.9,5,Female,65.27
6.14,4.54,1.84,0.79,0.68,1.04,1.9,3.21,84.5,7,Male,65.47
5.42,4.04,4.42,3.27,1.67,0.27,1.15,1.95,84.5,3,Female,61.49
8.0,4.01,3.18,0.99,1.46,1.31,0.97,0.81,76.7,3,Female,70.29
7.42,3.74,0.94,2.75,0.89,0.99,2.82,1.0,74.1,8,Female,57.04
9.86,2.03,3.63,2.42,1.27,1.36,3.29,1.73,60.2,6,Male,49.77
7.5,5.07,4.07,2.92,0.24,0.28,1.61,2.68,76.2,4,Male,63.2
7.47,4.85,4.75,1.49,1.59,1.69,2.76,1.77,76.8,9,Male,58.8
6.8,5.77,3.4,1.21,0.41,2.39,2.33,1.7,91.6,10,Male,63.79
7.98,3.7,3.02,2.38,2.36,2.24,3.22,2.36,92.8,9,Male,66.17
7.75,7.34,6.08,1.71,1.43,2.53,3.37,2.02,79.7,3,Female,76.82
8.5,3.93,3.51,0.77,1.04,1.23,0.23,1.6,100.0,10,Male,62.99
6.37,3.19,4.44,3.94,2.43,0.95,3.53,1.1,80.3,4,Male,52.57
6.48,3.01,2.8,1.21,0.67,1.54,2.75,2.85,90.4,1,Male,63.47
6.43,1.9,4.4,1.01,0.9,1.03,1.97,2.94,76.8,6,Female,44.81
7.95,6.8,1.61,1.76,0.04,0.0,2.0,1.05,64.3,10,Female,63.59
8.8,6.56,2.9,3.25,2.55,1.77,2.53,1.64,72.9,1,Male,88.1
6.45,5.4,1.93,0.0,3.0,1.04,2.0,2.6,95.7,1,Male,85.03
6.49,3.16,2.71,3.17,0.16,0.17,1.56,0.98,74.8,1,Male,58.0
7.38,7.22,5.13,1.09,0.85,0.84,1.79,2.33,72.4,9,Female,65.77
6.71,3.97,2.7,2.26,1.56,1.05,1.46,1.71,78.0,3,Female,68.58
8.14,4.1,4.43,1.32,1.09,1.21,3.85,0.9,73.3,5,Female,58.2
4.3,6.66,5.47,3.99,1.47,1.22,2.56,3.6,92.3,1,Female,66.92
6.01,5.49,3.46,2.12,1.41,2.16,4.75,1.69,100.0,10,Female,64.07
6.06,7.8,4.79,1.29,1.83,0.3,2.87,2.47,78.1,8,Male,68.32
4.22,4.87,4.19,1.7,0.73,1.09,3.09,0.99,84.5,6,Male,53.3
5.84,3.9,3.65,2.09,1.65,0.58,1.44,3.4,89.7,9,Male,52.83
5.9,3.58,4.48,2.18,0.61,2.08,2.28,3.75,79.3,3,Male,60.2
6.76,1.73,5.89,2.44,1.17,0.81,2.57,0.65,67.5,5,Male,42.21
8.34,4.08,2.67,2.0,0.11,0.96,1.86,1.85,73.1,10,Male,53.14
6.71,6.22,2.25,0.62,1.18,1.93,2.04,3.2,82.9,6,Male,76.55
5.76,5.4,2.18,1.66,1.04,2.13,2.92,1.58,82.7,4,Male,67.74
6.93,4.53,4.79,2.61,2.25,2.23,2.94,2.37,56.5,7,Female,50.94
8.26,3.01,4.97,1.33,1.45,0.05,1.16,0.49,72.8,10,Female,44.85
5.83,4.84,2.8,2.67,1.6,1.54,2.78,1.29,69.2,1,Male,67.33
5.91,6.02,0.72,2.03,1.48,1.39,3.05,2.27,88.6,10,Male,65.9
7.67,5.15,2.62,1.78,0.0,1.16,1.91,1.47,69.6,5,Female,66.33
6.73,4.75,4.21,3.19,0.0,1.25,1.81,1.68,72.5,1,Female,67.69
7.78,3.3,3.41,0.26,1.25,2.1,2.94,0.64,72.0,10,Male,51.42
6.98,5.8,3.73,1.32,1.72,1.93,0.0,2.59,87.5,6,Female,80.69
7.84,0.0,2.82,3.23,1.31,1.83,2.5,0.79,89.6,3,Female,50.36
5.76,5.07,4.82,3.83,0.81,1.34,4.13,3.39,83.9,2,Female,63.34
6.99,8.36,3.95,4.29,1.31,2.79,0.0,1.39,91.3,1,Female,84.68
6.75,2.24,4.26,2.05,1.24,0.92,3.32,2.72,92.8,6,Male,51.37
5.54,4.14,3.71,2.46,2.12,0.07,3.04,2.63,56.3,3,Male,56.03
5.12,4.49,4.18,2.82,2.08,1.01,1.06,1.11,85.1,4,Female,63.94
7.82,3.81,4.1,3.28,1.06,1.24,3.02,1.48,73.6,6,Female,54.63
6.58,6.05,2.29,2.31,1.46,2.11,3.5,1.59,62.9,10,Female,62.77
5.77,5.21,3.98,2.93,1.72,0.84,1.32,1.65,74.2,9,Male,56.83
6.88,4.73,4.53,2.46,1.84,1.54,1.79,0.83,86.8,2,Male,71.72
8.35,5.7,5.0,2.52,2.82,0.17,2.53,2.48,95.5,4,Male,77.83
4.26,4.53,4.04,1.08,1.48,1.96,3.48,1.38,61.9,3,Female,58.88
5.2,9.27,2.25,1.67,2.43,1.25,1.96,1.9,85.4,4,Male,91.12
5.89,4.73,2.45,1.48,0.57,1.0,2.46,2.91,100.0,10,Male,64.38
8.75,4.79,2.93,0.81,0.99,2.69,1.84,2.51,100.0,4,Female,79.38
7.34,1.93,3.75,0.35,0.0,1.95,2.52,1.44,40.0,7,Male,42.81
7.92,3.68,3.34,1.58,1.62,0.47,3.55,2.94,100.0,9,Male,61.86
5.63,6.22,2.04,1.74,2.02,1.12,2.61,2.6,89.5,3,Male,82.27
5.66,2.5,2.03,2.11,0.0,3.12,2.14,1.36,50.3,5,Female,48.55
7.54,1.26,0.77,2.56,1.65,2.59,2.47,1.54,68.8,9,Male,49.86
7.07,4.55,0.0,2.19,1.98,1.85,1.7,2.9,93.1,4,Male,74.48
7.66,6.56,3.33,1.74,1.94,0.0,1.51,2.7,82.3,7,Female,77.78
6.77,4.56,6.52,1.08,0.54,2.13,3.7,0.65,71.1,2,Female,61.79
7.33,4.0,5.84,2.88,2.12,0.76,4.14,1.09,78.8,10,Female,48.34
7.19,1.71,2.23,1.9,1.51,2.13,0.71,2.63,84.6,2,Female,61.2
7.93,5.18,3.69,1.57,1.97,0.69,3.08,0.94,71.0,7,Female,63.43
7.97,5.49,1.6,1.81,1.4,1.54,3.36,2.72,76.5,10,Female,66.24
5.06,1.83,1.79,1.27,1.8,0.75,1.29,3.74,88.8,2,Male,59.99
4.3,6.2,1.94,1.47,2.39,0.95,2.03,2.34,69.6,5,Male,68.62
8.2,5.65,3.21,1.44,1.34,1.64,1.92,1.17,61.7,10,Female,57.72
8.43,6.2,3.26,1.71,1.73,0.28,4.4,2.16,70.4,1,Male,82.8
5.78,5.38,3.83,2.66,2.5,2.86,4.15,2.93,67.3,4,Male,66.36
4.77,5.48,4.36,2.41,1.39,0.48,1.58,2.09,70.7,10,Male,53.84
7.12,5.28,3.06,3.55,0.6,0.44,1.04,2.44,57.3,2,Female,65.63
8.12,5.8,3.55,3.21,2.04,1.64,3.27,1.28,80.8,10,Female,66.85
9.16,1.77,2.08,3.96,2.65,2.1,3.04,1.35,88.4,8,Male,55.56
7.62,2.25,1.75,2.56,2.53,0.97,3.74,2.82,68.3,3,Male,58.03
6.55,3.4,1.55,2.54,2.07,0.45,1.44,1.36,70.2,3,Male,61.61
5.93,4.31,4.34,1.51,0.0,0.55,3.22,0.0,75.8,4,Male,60.37
7.01,5.08,3.06,2.83,0.99,0.48,1.77,1.72,67.1,6,Male,62.16
6.64,4.99,1.07,1.34,1.03,1.42,3.12,2.28,89.8,10,Male,64.58
5.78,6.18,3.42,0.53,1.54,1.15,2.46,2.95,67.3,8,Female,63.6
9.46,6.22,1.88,3.53,2.85,1.5,4.4,3.48,71.7,1,Female,82.82
9.14,3.19,5.66,0.75,0.64,1.46,2.95,2.08,68.8,6,Male,58.39
8.36,4.86,2.75,2.44,3.29,1.78,2.19,2.59,90.1,4,Male,73.6
5.89,3.23,4.39,1.12,1.19,0.91,2.64,2.11,75.2,6,Female,54.46
8.03,4.22,4.92,3.13,0.89,0.68,2.4,2.32,100.0,5,Male,66.09
7.77,4.98,2.26,3.26,2.18,1.31,1.35,1.83,82.2,6,Male,69.83
7.53,0.0,3.6,2.53,2.24,1.16,4.42,2.35,91.9,8,Male,41.58
8.5,8.12,4.22,3.25,2.02,1.38,4.1,1.34,74.1,3,Female,78.09
7.76,5.35,3.65,2.01,0.88,0.7,2.32,3.78,66.7,4,Male,69.54
7.89,3.61,3.97,4.23,1.9,1.65,3.2,0.0,77.6,1,Male,58.82
7.76,7.39,1.77,2.75,0.67,0.38,4.55,2.51,69.9,4,Female,78.0
7.41,3.98,4.22,1.1,0.86,0.89,3.74,2.29,54.0,10,Male,48.49
4.86,4.7,2.87,2.07,1.42,1.99,2.19,2.33,90.2,8,Female,62.62
7.1,3.77,3.95,1.85,0.84,0.41,2.41,0.94,78.4,7,Male,52.65
6.33,6.98,4.7,1.75,2.34,1.94,0.78,0.49,69.6,9,Male,64.0
5.46,4.34,4.37,0.34,1.04,0.21,3.27,2.55,82.5,6,Male,59.68
9.02,4.72,3.95,2.39,1.32,0.09,3.74,3.21,78.6,1,Female,71.54
9.07,6.31,4.33,0.61,0.8,0.15,3.75,2.2,94.9,7,Male,68.52
8.63,5.38,4.39,0.0,2.33,1.28,3.2,2.72,83.2,2,Male,78.21
7.31,4.42,5.44,1.66,0.97,1.71,2.85,1.59,76.1,2,Male,69.39
8.62,6.17,3.46,1.24,2.41,2.1,1.5,2.3,86.3,7,Female,78.65
7.01,8.31,3.71,1.14,2.35,2.05,2.82,3.1,77.6,10,Female,73.42
7.24,4.98,4.71,0.0,1.14,1.8,1.87,1.72,80.2,4,Female,70.05
5.69,4.68,2.86,1.15,1.52,0.62,3.03,3.07,92.7,4,Male,70.86
7.48,4.76,1.76,1.83,1.12,0.61,1.74,0.53,64.0,7,Male,57.2
7.07,6.47,4.14,1.37,1.94,1.75,3.02,1.45,67.6,4,Male,71.56
5.44,3.6,3.23,2.39,1.34,2.19,3.82,2.49,73.0,2,Male,63.62
6.94,4.08,1.93,3.39,1.17,0.48,2.88,3.71,74.7,3,Female,60.15
6.9,2.19,4.15,2.52,1.54,2.11,2.83,2.01,91.9,9,Female,48.27
9.16,2.72,5.36,3.03,0.23,0.0,3.41,1.07,61.0,7,Male,45.0
8.07,3.72,1.38,3.11,1.44,1.47,4.27,3.69,77.6,4,Female,64.78
7.01,4.42,4.83,0.98,2.02,1.13,2.39,1.89,71.4,10,Male,58.45
7.3,7.15,0.2,2.44,1.61,1.06,3.02,2.6,98.4,4,Female,90.54
7.05,5.3,2.98,3.0,2.26,1.22,4.01,1.7,88.6,7,Male,65.78
6.76,3.13,5.89,1.56,1.2,0.6,3.17,2.13,80.9,2,Male,54.12
5.7,3.41,3.07,1.21,1.13,1.51,0.5,1.49,89.6,10,Male,57.29
6.82,6.56,3.62,2.53,0.61,1.24,1.78,4.03,62.2,3,Male,73.97
6.1,6.19,4.49,0.52,1.18,1.85,3.25,3.07,100.0,5,Female,74.14
5.5,4.54,1.27,0.91,3.07,2.31,2.1,3.59,67.9,6,Female,68.57
7.61,3.84,3.59,1.33,1.72,1.29,3.94,1.29,93.1,6,Male,65.22
7.47,6.19,3.58,2.45,1.03,0.63,4.36,0.36,84.6,6,Female,66.16
4.86,3.01,5.92,2.22,0.7,0.4,1.91,1.74,81.2,8,Male,41.37
6.85,5.09,1.89,3.03,0.22,2.39,1.47,4.26,92.6,9,Male,65.74
8.19,7.91,3.0,1.08,0.84,2.3,2.14,1.71,90.0,4,Male,81.92
8.27,4.81,2.29,1.02,2.11,1.82,2.08,2.95,79.3,7,Male,69.35
8.23,3.34,2.16,2.52,1.16,1.24,4.04,1.08,72.9,6,Male,56.17
7.05,5.12,4.97,1.2,0.73,1.77,1.46,1.25,79.5,5,Female,65.48
5.99,3.79,3.53,1.4,0.82,2.11,3.24,1.93,76.8,6,Female,53.63
5.7,2.41,2.78,0.14,2.02,0.77,3.89,3.9,82.2,9,Male,51.8
7.41,5.55,2.83,2.29,1.43,1.22,3.32,2.99,90.2,7,Male,70.31
7.46,6.18,2.77,3.54,1.0,0.43,2.94,0.15,83.6,1,Female,75.84
8.54,4.03,2.88,0.97,1.25,1.11,2.34,2.6,80.2,1,Female,74.33
8.32,3.93,1.86,3.02,3.26,2.28,4.35,0.97,70.2,8,Male,63.21
6.84,3.06,3.16,1.94,2.48,1.95,2.25,1.39,81.9,6,Male,58.07
5.51,4.28,3.03,0.23,2.67,1.29,3.45,2.46,57.6,6,Female,58.6
6.62,3.66,2.51,1.11,0.1,0.0,2.34,3.26,68.4,9,Female,49.96
7.26,2.98,3.7,1.04,1.38,0.74,0.66,3.21,85.3,3,Female,61.47
6.76,7.34,3.81,1.68,0.98,1.27,2.23,2.3,88.6,3,Male,85.09
6.31,5.2,2.78,2.42,1.94,1.05,2.34,2.31,77.8,7,Female,63.56
7.3,5.36,3.31,3.85,2.35,1.22,2.36,3.21,80.4,8,Female,64.51
6.4,5.83,6.31,0.57,1.76,1.37,1.84,0.58,82.4,10,Male,59.21
6.25,5.66,6.26,1.52,0.8,0.83,3.13,3.64,86.2,10,Male,58.01
7.37,3.88,2.13,1.1,0.97,1.19,3.24,1.34,75.6,4,Female,62.94
6.52,4.91,2.31,0.73,2.0,1.1,2.19,2.23,66.2,2,Male,69.66
7.29,4.1,2.12,2.1,2.08,0.71,2.19,1.55,82.6,7,Male,65.86
7.33,5.16,4.87,2.0,1.61,2.49,1.45,0.96,100.0,2,Male,70.85
5.63,5.01,2.98,0.19,1.6,0.87,2.75,2.42,66.9,5,Male,64.54
6.42,3.93,3.81,2.02,1.54,0.0,3.88,2.21,76.5,4,Female,56.56
8.73,2.51,6.1,0.79,1.72,2.45,3.88,1.91,73.4,4,Male,50.37
5.61,4.72,3.49,2.01,2.07,0.61,1.9,1.86,100.0,9,Male,61.02
4.46,4.19,4.42,3.27,2.0,1.83,4.49,3.37,66.5,4,Female,50.86
4.77,1.66,4.18,2.46,1.52,0.72,2.14,3.97,76.1,9,Female,35.55
7.03,5.26,2.74,2.18,1.46,1.6,1.48,3.13,73.6,3,Male,79.13
7.04,5.95,4.88,1.47,1.43,1.17,1.14,2.25,62.9,3,Male,70.82
6.86,8.29,2.4,2.07,0.88,1.9,1.42,0.53,62.3,3,Male,83.53
8.46,3.91,5.24,2.56,0.87,1.05,2.83,2.56,84.8,8,Female,56.34
3.79,3.69,2.74,2.46,1.94,0.74,2.24,2.6,86.5,8,Male,49.13
7.48,2.84,2.88,1.9,0.93,1.38,1.87,2.69,71.3,1,Male,62.19
8.87,4.81,2.08,2.22,2.15,0.93,1.65,0.97,94.9,4,Female,75.57
5.65,4.8,2.3,0.68,1.46,0.0,1.41,2.77,51.0,10,Male,47.89
6.54,3.28,2.95,1.27,2.16,0.78,1.61,3.41,62.9,6,Female,61.47
6.1,4.24,0.34,2.71,2.01,3.21,3.52,1.12,68.1,2,Female,68.85
5.93,1.53,3.2,2.84,2.17,0.0,4.3,2.62,77.9,3,Male,47.29
6.61,5.89,2.84,2.09,1.12,1.37,4.37,1.27,72.6,5,Female,67.8
8.71,3.34,4.53,3.48,1.83,1.03,3.19,1.91,75.6,3,Male,56.79
9.2,4.45,4.05,2.51,2.09,2.49,2.01,1.15,83.8,5,Female,66.7
6.6,2.36,2.58,1.77,0.26,0.42,1.83,1.68,95.5,6,Male,59.27
9.29,3.63,2.9,0.78,2.86,1.27,3.26,1.69,87.6,5,Male,68.6
7.04,4.08,3.19,3.44,3.31,1.68,2.25,2.37,78.7,6,Male,62.76
9.1,4.48,5.43,2.77,2.26,1.07,2.91,2.8,77.0,1,Male,70.58
6.89,5.22,2.43,3.8,2.14,0.66,4.43,3.09,91.2,6,Male,67.15
7.16,6.66,2.56,4.17,1.97,1.18,2.72,1.41,100.0,1,Male,81.83
7.44,5.6,2.03,0.71,1.24,0.98,4.78,2.32,85.7,7,Male,77.03
10.81,5.94,1.57,0.72,1.41,0.98,1.37,1.01,72.1,6,Male,77.85
8.02,6.67,3.9,0.0,2.27,1.85,2.95,1.9,81.1,7,Male,73.84
6.15,5.35,3.76,2.92,0.72,1.48,2.81,2.04,85.0,4,Female,67.63
8.16,4.44,5.17,2.66,0.65,1.59,1.52,1.17,71.3,3,Female,59.38
6.57,6.01,4.85,2.1,1.18,1.43,3.3,2.5,88.4,7,Female,69.0
6.41,6.11,6.62,0.77,2.03,1.87,4.03,1.86,81.2,1,Female,72.12
8.09,5.47,3.4,1.91,0.81,2.11,4.7,2.14,92.0,5,Male,72.37
7.04,2.32,3.16,2.18,1.32,1.0,2.91,3.1,66.3,3,Male,55.44
7.33,3.24,1.81,2.78,1.41,1.77,0.6,1.62,57.1,4,Female,58.23
7.02,4.09,4.41,2.27,0.69,0.29,2.98,2.77,73.3,5,Male,59.86
7.4,5.67,3.65,2.66,0.0,0.0,3.24,3.3,78.3,5,Female,67.77
7.51,4.47,4.35,1.88,0.68,2.48,2.26,3.24,56.4,3,Male,63.95
4.68,6.21,2.02,3.18,1.71,0.97,2.72,1.83,70.7,2,Male,66.47
7.8,6.47,3.96,2.63,1.89,1.38,2.02,1.12,93.4,5,Male,75.48
5.82,6.3,3.77,0.81,1.9,0.34,2.37,1.36,84.4,3,Female,73.91
5.27,6.31,3.68,3.39,1.99,0.31,3.52,0.57,79.7,1,Female,76.32
6.93,2.94,2.61,3.23,1.0,0.7,3.89,2.62,65.3,9,Female,42.75
7.1,5.22,5.05,2.47,0.83,1.65,1.23,2.67,93.0,5,Female,65.7
6.17,3.59,6.17,2.28,1.8,0.84,1.99,2.11,73.0,1,Female,61.3
8.0,2.03,2.06,3.66,1.33,0.96,0.91,0.76,79.1,4,Female,53.92
5.39,4.07,4.44,0.37,2.23,0.68,4.34,1.67,82.9,2,Female,61.6
6.51,6.49,0.0,3.24,1.81,2.02,3.37,3.24,80.1,10,Male,75.65
6.3,5.19,4.37,1.52,2.53,1.81,0.5,2.55,95.9,5,Male,72.53
6.94,7.53,1.07,3.1,1.13,0.86,2.44,2.7,84.9,9,Female,77.99
7.33,4.77,2.82,2.12,2.35,1.68,2.22,4.98,82.1,4,Female,74.08
5.79,8.17,1.79,0.76,3.13,1.03,1.74,2.3,77.0,10,Male,78.13
7.87,4.77,3.22,1.5,1.54,0.96,3.54,0.06,83.2,10,Female,60.3
7.08,4.53,4.59,3.02,1.9,1.17,3.51,1.01,75.5,7,Male,59.71
4.73,2.58,1.09,1.79,0.76,1.65,2.77,2.28,80.3,5,Female,52.18
4.65,6.17,3.03,1.38,2.22,0.58,1.86,2.02,73.9,10,Female,66.02
6.99,3.75,2.83,1.37,2.4,1.55,1.87,1.85,72.0,6,Female,59.88
6.73,3.53,5.56,2.64,1.1,2.95,2.54,1.86,67.0,2,Female,60.39
6.88,6.42,4.06,3.75,1.97,1.33,2.04,1.29,74.7,1,Male,76.5
6.97,6.24,1.97,0.0,1.72,1.23,2.49,2.34,74.0,6,Female,73.19
7.27,6.2,2.89,4.8,1.81,1.14,3.06,3.25,100.0,3,Male,79.12
8.14,3.96,5.52,2.2,2.15,1.53,0.97,3.56,89.9,8,Female,61.11
5.67,4.42,4.43,2.58,1.92,0.07,1.74,3.53,76.4,6,Male,52.48
5.59,4.41,2.31,1.56,1.39,2.39,2.47,1.14,72.9,5,Male,62.3
5.69,5.67,3.15,2.0,2.17,1.89,4.07,1.98,85.4,3,Female,68.47
7.35,6.83,3.19,2.19,2.39,0.75,3.35,1.72,100.0,3,Female,84.3
8.49,5.05,2.8,0.95,1.06,1.22,2.5,2.53,87.6,3,Female,75.61
6.48,7.46,1.28,1.19,1.5,0.81,2.9,1.93,57.4,7,Female,75.86
4.0,5.85,2.62,3.18,0.09,1.41,2.4,1.8,88.4,8,Male,57.99
4.96,4.15,5.31,0.45,1.97,1.24,3.58,3.31,90.5,10,Female,49.12
6.0,5.74,3.0,2.44,2.48,1.36,2.93,2.09,100.0,7,Female,67.56
6.33,7.06,3.37,1.63,1.29,0.48,3.78,2.11,75.0,6,Female,76.87
6.51,7.5,3.68,1.04,1.61,0.86,1.14,2.37,79.7,7,Female,84.11
7.05,6.28,6.38,3.97,1.32,2.0,1.69,2.61,83.4,3,Female,75.57
6.63,4.54,3.51,1.05,1.19,0.83,2.77,2.61,68.8,9,Female,51.71
8.26,4.17,4.92,0.87,1.69,0.0,2.99,3.4,67.7,1,Female,62.96
6.19,5.36,2.72,1.81,0.87,1.09,4.9,0.84,82.8,10,Male,55.54
5.97,7.01,3.16,1.23,1.31,2.89,0.69,2.29,59.5,2,Female,79.69
7.57,5.15,3.52,2.01,0.78,1.79,2.47,1.91,62.2,10,Male,63.01
5.16,5.18,2.49,2.16,1.97,0.79,2.42,1.73,87.8,8,Male,65.22
7.47,4.58,3.24,2.23,1.69,1.16,2.74,2.68,84.0,5,Male,67.36
7.12,4.01,4.65,1.88,1.16,1.68,4.23,3.17,93.0,5,Male,59.74
6.82,4.26,2.46,1.3,1.53,0.0,3.38,1.47,83.6,3,Female,66.28
8.91,4.7,3.5,2.64,1.32,0.6,0.9,3.52,78.1,3,Male,71.7
6.25,7.08,4.42,1.89,2.42,1.48,4.03,0.71,93.5,4,Female,79.65
9.47,4.14,2.43,1.5,1.15,2.32,4.01,2.53,72.9,9,Female,61.14
6.73,4.58,4.92,3.48,2.01,0.89,2.76,1.2,74.0,3,Female,62.59
5.47,3.2,3.59,1.88,0.94,2.3,0.88,1.42,77.2,5,Male,56.18
7.08,5.57,3.29,3.09,2.15,0.67,2.35,2.05,83.4,7,Female,67.04
5.71,6.55,0.89,3.23,2.33,0.0,2.97,1.64,77.2,8,Male,67.74
6.1,6.94,3.01,3.29,2.37,1.72,3.5,0.0,60.2,4,Female,70.83
7.48,4.81,3.98,2.69,2.68,1.58,0.73,2.55,74.8,9,Male,61.13
7.67,5.36,5.77,2.0,1.73,1.72,1.73,2.7,77.6,2,Female,68.62
6.25,4.27,4.24,1.94,2.49,1.69,3.6,1.86,79.4,8,Male,59.68
8.18,5.29,4.96,1.76,2.8,1.33,4.0,1.78,72.6,2,Male,76.18
8.39,4.97,1.93,0.0,0.6,1.02,2.93,1.66,84.1,10,Female,66.37
8.72,4.59,3.34,2.72,1.02,1.05,3.65,0.46,58.7,1,Female,66.58
7.64,4.71,5.09,2.24,0.3,0.88,2.96,0.36,83.0,9,Male,57.44
8.64,5.18,2.35,2.83,2.35,0.92,3.46,2.72,99.5,8,Female,72.42
4.74,4.06,4.75,1.88,0.29,0.0,2.65,2.96,70.7,2,Male,58.91
6.62,4.14,4.45,2.66,0.08,0.35,2.98,2.54,78.7,8,Male,52.33
5.96,7.06,3.86,0.62,0.62,1.09,1.28,2.34,75.0,4,Male,76.3
7.14,8.57,3.07,0.83,0.11,0.0,3.22,2.7,75.2,10,Male,78.78
6.31,2.69,2.22,0.0,1.72,0.0,1.25,2.64,65.7,10,Male,52.94
6.8,2.61,5.81,1.87,0.63,0.97,3.22,1.29,100.0,10,Male,45.61
9.26,3.06,4.32,1.23,0.15,1.11,2.06,2.2,82.6,7,Female,60.68
6.8,4.35,3.94,1.1,1.47,0.98,2.87,1.73,70.0,9,Male,52.0
7.5,5.84,2.96,2.33,1.51,0.0,1.55,1.75,68.6,5,Male,68.36
6.72,5.39,3.55,1.57,0.0,2.29,2.0,3.03,78.7,1,Male,75.4
7.09,4.76,3.71,0.57,0.93,0.19,2.87,3.42,52.0,9,Female,58.61
7.01,5.29,4.02,4.54,1.44,0.63,3.25,0.0,90.6,1,Male,67.75
7.54,3.46,4.45,1.96,1.21,0.32,3.59,1.77,71.8,7,Male,52.46
8.4,4.13,2.48,0.92,1.24,2.11,1.35,1.72,82.7,6,Female,68.28
8.98,4.47,1.59,1.33,2.44,1.49,1.0,3.05,83.2,4,Male,76.69
7.37,2.12,3.61,1.83,3.22,0.87,1.52,0.69,89.6,8,Male,50.37
7.71,2.76,1.23,1.82,1.25,0.82,1.43,0.0,83.9,3,Female,65.76
5.62,2.82,3.08,3.3,0.44,1.33,4.07,2.74,86.9,10,Male,41.65
6.89,5.65,2.84,1.92,1.31,0.33,3.84,2.87,90.2,9,Male,68.58
8.13,4.87,4.14,3.86,1.66,1.47,1.5,0.39,74.0,10,Female,60.69
8.04,5.42,6.08,1.57,1.46,0.82,4.21,1.89,100.0,9,Female,61.54
7.25,1.74,0.97,2.43,1.99,1.56,3.78,3.38,82.2,9,Female,47.96
8.06,2.27,6.46,3.02,3.27,1.54,0.87,1.03,77.7,10,Female,45.54
7.59,5.49,3.2,3.2,0.13,0.78,1.47,2.09,67.9,10,Male,56.32
8.44,0.33,3.95,3.31,1.09,0.0,0.84,2.46,75.5,8,Female,39.56
7.35,6.34,1.66,1.73,2.73,1.03,2.41,0.72,82.8,8,Female,74.28
6.57,1.77,4.8,1.99,1.08,0.19,2.52,1.49,79.1,2,Female,48.38
7.4,5.77,3.55,0.0,2.13,1.26,2.52,0.48,99.9,2,Male,86.1
3.48,3.17,3.42,1.8,2.0,1.02,0.47,1.85,73.3,4,Female,51.35
7.46,6.07,0.98,3.09,2.49,0.79,1.07,1.29,86.2,4,Female,82.14
3.0,9.31,3.6,2.9,3.03,0.29,2.76,2.19,64.5,4,Male,74.05
4.93,1.09,4.6,1.91,1.77,2.03,3.12,2.57,100.0,3,Female,50.72
7.54,5.54,3.19,3.7,0.1,0.88,0.48,3.25,63.7,3,Female,68.9
7.57,1.79,5.03,1.62,0.94,2.85,1.22,4.1,100.0,6,Male,56.01
5.61,5.14,4.97,1.28,3.25,1.22,3.52,2.19,76.4,8,Female,58.88
6.15,4.19,2.67,1.53,0.37,1.45,1.28,1.72,51.2,9,Male,49.32
8.64,4.69,5.57,0.88,1.9,1.23,2.49,1.66,94.2,2,Male,72.43
6.42,3.13,3.56,2.62,0.0,1.44,1.18,1.13,79.0,6,Female,50.83
9.69,5.67,3.56,2.29,0.42,1.96,3.33,2.4,72.6,5,Female,72.69
7.0,2.33,3.63,2.61,2.21,1.97,0.48,1.55,85.7,8,Male,58.03
7.49,6.36,3.59,1.59,1.53,0.0,2.2,2.47,86.0,9,Female,69.84
8.94,3.89,0.08,1.94,1.2,1.8,3.44,1.16,83.0,4,Female,74.0
7.16,2.4,3.26,0.0,0.85,1.55,3.11,1.58,91.6,8,Female,57.52
5.8,6.89,1.73,2.38,0.0,1.23,2.04,2.39,81.0,6,Male,71.07
6.87,4.4,5.61,2.1,2.05,2.4,1.8,1.89,85.8,3,Female,60.72
6.96,7.36,5.56,0.9,1.27,2.43,2.27,0.27,71.7,6,Female,71.83
5.36,6.33,4.61,1.9,0.28,1.83,1.21,1.99,87.2,1,Female,76.55
6.69,3.3,3.19,1.74,1.52,0.82,2.4,1.28,71.8,1,Male,68.12
6.11,4.37,2.19,3.76,1.96,0.37,2.42,3.06,64.5,5,Male,56.62
8.11,4.68,2.65,0.94,1.34,1.73,2.08,2.87,75.5,10,Male,65.83
7.04,6.79,6.03,2.33,1.59,2.15,3.5,0.0,74.7,6,Male,67.69
6.66,5.16,2.6,0.91,1.53,0.0,1.43,2.72,89.1,7,Female,67.06
6.87,4.76,0.44,1.44,0.93,1.96,0.8,2.35,60.6,9,Female,59.39
7.27,4.2,4.84,2.28,1.54,1.02,1.97,0.66,91.1,5,Female,60.87
7.74,4.42,5.45,1.79,2.09,0.0,2.62,2.79,70.5,6,Male,60.61
5.8,6.46,5.66,1.99,2.33,1.53,2.39,0.85,48.4,3,Female,68.02
5.75,4.51,4.85,2.33,2.13,1.84,2.35,3.03,63.5,3,Male,52.8
8.33,3.91,5.06,1.51,0.96,0.95,1.37,1.42,74.3,10,Female,54.59
6.51,3.65,3.57,2.88,2.01,0.46,1.52,0.63,83.3,7,Male,54.39
5.3,3.67,0.8,1.69,1.87,2.4,2.01,3.91,76.4,2,Male,66.82
7.53,2.4,3.54,1.9,0.93,0.73,1.93,0.61,63.5,5,Male,52.05
7.56,3.37,4.31,2.36,1.13,2.01,3.6,1.27,68.7,8,Male,56.48
5.16,6.75,3.32,2.23,2.04,0.14,2.76,1.45,63.7,9,Female,59.25
7.28,4.19,3.26,2.64,2.6,1.49,1.97,1.59,81.1,7,Female,61.98
7.88,5.56,2.25,2.32,0.05,1.47,3.6,2.63,76.9,1,Male,70.92
7.45,0.78,2.2,2.47,2.81,1.81,2.95,2.05,85.4,4,Female,55.7
7.76,5.35,5.89,1.67,2.43,2.25,1.14,2.9,56.8,5,Female,62.63
5.31,4.26,5.94,0.93,1.66,0.63,0.0,2.33,71.6,2,Female,65.14
7.4,3.78,3.5,0.57,1.31,1.56,1.17,0.49,100.0,5,Female,68.4
6.64,4.77,3.87,0.33,1.81,0.24,3.09,2.49,85.7,4,Male,67.2
6.42,3.76,2.22,3.76,0.99,0.24,3.39,2.21,74.4,6,Female,54.49
8.04,1.31,4.34,0.0,1.36,0.8,0.84,1.44,66.2,4,Male,52.41
8.78,5.88,5.79,3.19,0.32,1.49,3.16,3.87,91.3,4,Male,73.4
9.15,4.86,1.51,1.18,0.11,2.37,3.12,2.55,96.4,9,Male,67.59
8.58,4.03,4.1,3.19,3.37,2.5,3.9,2.85,64.2,5,Male,62.55
6.87,3.05,4.2,0.0,1.55,0.95,3.45,2.88,65.4,2,Male,59.42
7.42,2.3,4.19,1.76,1.66,1.41,3.85,1.62,81.3,8,Male,50.12
7.92,4.84,5.64,3.45,1.48,1.86,2.99,2.57,82.5,3,Female,69.77
7.15,6.92,6.15,2.71,0.84,1.74,2.95,2.28,83.8,2,Male,70.48
7.16,4.8,3.2,1.66,1.25,1.08,2.16,1.5,100.0,8,Male,68.7
7.99,2.43,4.38,0.06,1.57,1.25,3.32,0.9,66.3,3,Male,57.73
6.93,4.84,3.61,0.68,1.34,1.12,1.17,2.02,78.5,1,Male,71.31
6.12,4.42,2.68,3.39,0.9,1.05,2.36,2.53,86.7,2,Male,69.09
6.5,5.8,3.85,1.65,1.88,0.96,3.04,2.01,86.5,8,Female,64.83
7.76,5.41,4.37,1.93,1.65,1.12,3.91,1.84,70.2,3,Male,63.4
7.0,0.02,3.78,2.28,1.81,0.92,2.02,2.02,70.7,4,Male,33.24
7.41,5.32,2.35,0.7,2.06,0.41,3.47,1.74,72.5,6,Female,65.2
7.8,2.99,2.9,2.41,1.36,1.8,2.3,3.39,98.4,3,Male,65.5
6.55,2.37,2.91,1.58,1.36,1.56,3.49,2.24,66.3,2,Female,56.71
7.91,4.22,2.4,2.29,2.69,2.51,1.7,1.56,74.1,1,Male,75.49
7.45,5.12,3.91,1.42,0.74,1.46,3.23,0.37,87.3,1,Male,72.23
5.52,2.04,4.04,0.43,0.0,0.91,2.4,1.82,64.9,10,Male,34.31
8.73,5.56,4.77,1.57,1.94,0.76,1.31,1.48,81.1,10,Female,63.43
6.4,5.65,2.39,2.64,1.0,1.23,2.35,1.45,55.2,7,Male,60.08
5.01,4.57,2.75,2.39,0.64,1.59,3.82,2.85,80.3,5,Female,65.09
5.75,3.2,5.52,2.03,2.21,1.03,1.48,2.07,78.6,9,Male,49.33
5.77,3.03,3.29,2.9,1.38,0.17,1.02,0.49,80.0,9,Female,43.05
7.06,6.04,3.54,1.8,0.49,0.68,2.9,2.56,67.6,5,Female,66.22
6.67,2.23,3.27,2.06,3.05,1.21,0.82,0.58,80.7,8,Male,53.87
6.6,6.1,4.97,1.52,0.21,1.72,4.06,2.62,77.5,1,Female,71.91
7.74,4.25,5.02,2.96,1.43,0.16,4.04,1.57,93.6,2,Female,61.11
7.41,4.36,4.95,2.29,0.0,1.39,3.54,2.08,85.7,9,Male,56.73
7.38,1.94,3.53,1.44,1.72,1.35,2.49,1.98,60.6,6,Male,49.99
7.49,4.28,2.37,0.51,0.99,0.88,4.16,1.87,68.0,9,Male,57.22
7.74,5.42,6.0,3.1,2.16,0.79,3.85,2.19,70.6,6,Male,58.59
4.47,2.5,4.61,1.26,1.49,0.68,1.97,2.07,80.2,2,Female,55.99
6.56,5.25,2.91,2.07,2.58,1.3,3.94,3.68,76.0,2,Female,67.48
4.38,4.63,5.35,4.35,1.16,1.99,1.59,2.2,75.9,6,Female,47.84
7.04,3.53,2.8,2.8,0.22,2.04,2.3,2.22,100.0,2,Male,65.38
6.99,5.78,5.33,3.61,1.69,0.41,0.71,1.36,71.8,9,Female,58.88
8.25,1.2,5.42,1.46,1.3,1.07,2.65,2.34,94.7,3,Male,50.5
8.43,5.02,2.3,3.07,0.04,0.0,2.21,1.08,76.2,7,Female,61.68
7.24,6.93,4.26,2.03,0.66,1.28,2.05,3.04,51.9,3,Female,70.23
6.4,6.66,4.52,2.37,0.91,1.62,2.33,0.66,80.3,8,Female,66.4
7.58,5.08,6.9,4.02,2.74,2.3,1.92,1.24,91.4,3,Female,66.89
6.37,4.05,2.54,1.72,2.07,0.0,2.54,0.53,85.6,6,Male,60.79
7.0,3.55,5.36,2.02,1.22,0.44,3.78,2.38,81.1,3,Female,56.04
8.18,4.05,3.52,1.1,1.88,1.3,1.44,1.62,78.3,9,Female,63.54
6.33,5.32,1.89,2.89,0.0,0.07,3.36,2.62,72.1,6,Male,63.83
7.97,3.29,3.34,1.44,1.05,1.32,2.72,1.12,88.8,6,Female,62.5
7.81,5.64,3.5,3.02,1.82,1.64,2.87,2.48,72.8,3,Male,69.8
5.85,7.7,2.12,0.35,1.63,0.3,2.47,2.52,70.3,2,Female,81.22
8.17,4.41,3.91,2.55,1.07,1.29,1.78,2.19,82.9,8,Male,62.36
7.84,2.48,4.75,1.36,1.47,0.35,2.94,2.03,74.4,1,Male,57.13
7.12,2.48,3.81,2.73,1.77,2.16,3.02,2.12,93.4,1,Female,60.53
6.09,5.66,2.8,1.99,1.49,1.34,1.7,1.18,83.6,7,Male,67.73
5.97,4.41,3.31,1.46,2.19,0.75,1.16,1.03,68.7,7,Male,54.71
6.35,5.82,3.49,1.61,1.75,0.33,2.59,2.49,64.3,4,Female,66.79
7.65,3.7,3.78,1.15,1.91,1.47,3.25,1.67,71.1,8,Female,59.02
5.85,5.75,4.94,2.84,2.87,2.15,3.51,2.41,100.0,1,Male,76.58
7.53,4.26,3.85,0.95,2.16,0.66,3.7,3.4,75.1,5,Female,61.18
5.51,3.4,1.68,1.73,2.89,0.89,2.87,1.59,87.1,10,Female,56.55
6.76,3.9,2.77,2.35,0.96,0.67,2.24,1.46,62.3,4,Male,56.65
7.13,2.7,3.72,3.61,0.23,2.29,2.5,1.71,65.0,8,Female,48.16
9.93,7.48,4.96,1.99,1.39,0.0,1.26,2.04,75.7,4,Female,82.66
5.35,4.36,5.19,1.76,1.32,2.1,1.82,2.55,98.4,3,Male,64.27
8.77,5.47,5.81,2.27,2.67,0.94,2.45,1.97,62.5,4,Female,65.07
7.18,3.69,3.67,0.0,0.6,1.15,2.23,3.87,70.4,3,Female,61.02
7.49,2.92,4.49,0.8,1.44,0.96,2.59,2.38,88.8,2,Female,70.84
7.14,4.15,1.61,1.62,1.82,1.37,1.13,2.7,97.1,10,Male,57.97
7.53,6.15,4.06,1.29,1.58,0.69,1.35,1.97,83.2,6,Female,67.12
6.82,3.72,2.1,0.4,1.36,1.94,3.28,2.91,86.1,10,Male,62.08
8.74,3.19,3.42,2.86,1.79,1.97,1.67,1.82,67.2,7,Female,59.43
6.45,4.73,7.44,2.26,2.36,0.51,1.82,1.42,62.1,9,Male,49.63
8.36,5.25,3.89,2.14,2.73,1.67,2.6,2.81,64.3,4,Female,64.51
6.23,6.96,2.38,1.31,1.53,0.95,1.57,1.95,67.5,2,Female,80.18
6.93,5.03,4.03,2.08,0.85,1.24,3.61,2.22,80.7,10,Female,54.23
5.71,5.47,2.83,2.51,2.73,2.27,1.24,2.88,63.4,9,Male,61.03
7.55,5.58,2.25,1.74,0.64,0.73,2.5,2.13,81.0,10,Male,65.25
8.73,2.77,6.23,2.44,2.93,1.85,1.75,1.87,74.2,10,Male,50.68
6.91,3.06,4.89,1.2,2.58,1.52,2.66,1.52,71.2,3,Female,56.66
6.76,2.87,3.95,2.1,2.69,1.06,2.0,2.96,88.6,6,Female,61.64
5.66,2.5,2.99,3.14,2.05,1.46,2.48,1.69,66.5,8,Female,48.18
6.72,5.69,3.1,3.23,0.0,1.37,3.72,1.95,95.2,9,Female,60.22
5.09,4.94,5.51,3.33,0.67,0.39,1.81,2.26,88.0,2,Female,60.51
5.9,4.62,3.9,2.29,1.75,0.78,1.8,2.25,66.1,10,Male,49.96
7.27,0.61,0.0,2.03,0.96,0.47,2.18,2.91,92.4,8,Male,50.15
8.58,7.58,6.65,1.55,1.25,1.01,3.97,1.94,64.7,5,Male,73.83
10.37,3.16,3.74,0.19,1.99,2.14,2.41,3.24,93.5,8,Female,61.68
6.3,7.58,3.95,0.66,1.36,1.61,3.73,1.78,82.0,3,Female,74.47
8.72,2.33,4.91,1.83,0.52,0.2,2.32,2.33,59.1,4,Male,48.34
7.29,3.28,4.11,1.89,2.21,1.01,3.69,1.83,62.5,2,Female,62.98
6.82,1.2,4.47,3.41,1.91,1.36,2.91,3.88,73.1,4,Female,47.55
7.52,5.04,2.95,3.31,1.3,1.72,3.05,1.68,88.4,4,Female,74.39
7.07,2.85,1.9,1.31,2.07,0.74,1.06,1.77,76.0,6,Female,58.74
7.13,2.89,3.86,2.82,1.58,0.33,0.92,2.1,75.7,5,Male,52.58
6.51,2.44,5.36,1.52,2.57,1.16,3.57,1.76,78.5,3,Female,49.69
5.32,5.67,2.66,2.68,1.62,1.6,3.56,2.28,54.1,4,Female,60.71
5.15,5.57,2.55,2.81,2.56,1.36,4.92,3.11,87.9,6,Male,65.17
7.78,7.22,5.09,3.24,0.0,0.58,1.01,2.13,94.1,8,Female,63.84
6.67,3.47,2.91,1.51,1.87,2.43,2.99,2.17,87.5,9,Male,55.15
6.28,4.83,2.97,3.01,1.18,1.13,1.48,1.79,72.9,3,Female,62.96
7.01,2.57,3.01,0.13,0.81,1.34,1.76,1.55,67.4,5,Female,55.22
7.95,4.0,3.42,3.3,2.43,0.74,2.0,2.09,65.0,8,Female,56.3
7.22,3.72,1.45,1.97,2.21,1.97,2.88,2.01,64.4,3,Male,66.66
6.21,5.2,2.8,2.0,0.0,1.6,1.84,3.06,100.0,8,Female,61.11
8.47,6.03,3.8,0.0,2.07,1.42,2.53,1.14,77.1,6,Male,71.14
8.9,5.99,3.79,1.61,1.98,0.39,3.33,3.31,88.9,2,Male,83.42
7.59,3.24,5.01,3.36,0.92,1.97,3.63,1.87,88.2,7,Male,52.63
8.17,6.0,5.89,1.57,0.83,1.73,3.19,2.13,79.7,2,Male,75.49
8.49,4.43,5.47,2.71,0.23,1.91,2.95,1.04,66.8,6,Female,56.29
8.36,4.01,4.69,2.03,1.23,1.23,2.36,2.51,84.2,4,Male,65.31
7.74,3.44,3.31,3.06,1.36,1.15,1.93,1.14,65.0,1,Female,63.79
7.72,3.66,2.69,2.19,2.14,1.07,3.04,2.34,85.2,7,Female,60.17
7.62,7.11,3.52,1.07,1.72,2.8,1.45,2.25,65.6,7,Female,73.07
5.68,4.96,4.26,2.06,0.65,0.82,2.62,1.71,72.8,3,Male,59.99
7.84,4.76,4.57,3.6,1.69,0.37,1.42,0.14,72.7,1,Male,66.72
5.37,4.11,4.31,2.5,1.3,0.94,2.46,3.94,94.8,9,Female,56.45
6.05,8.17,3.34,1.88,0.75,0.83,1.45,1.05,48.8,5,Male,70.76
8.56,6.46,4.52,4.26,0.23,2.08,2.1,2.25,100.0,9,Male,72.72
8.01,3.42,5.14,3.16,2.0,0.25,1.82,1.34,68.3,5,Female,59.75
8.78,4.09,4.64,2.82,1.86,0.81,1.7,2.94,76.5,8,Female,56.54
6.67,4.18,3.46,2.32,1.95,1.33,2.41,1.66,83.0,9,Female,60.66
5.62,4.72,2.42,2.73,0.92,2.09,0.08,1.32,81.9,7,Male,61.89
6.71,3.45,2.39,2.76,1.64,1.7,0.7,2.54,88.1,9,Male,58.72
7.12,5.16,2.61,0.0,0.4,2.33,3.3,0.86,85.3,1,Male,75.97
7.09,6.68,3.83,2.39,0.71,1.44,2.65,1.63,100.0,8,Female,75.25
8.36,2.53,4.18,1.84,1.53,1.06,1.78,2.62,86.8,8,Female,55.59
6.57,2.81,1.66,1.5,1.71,1.8,3.47,3.36,76.6,9,Female,52.8
7.42,3.78,2.84,1.8,0.2,0.24,1.86,1.13,71.4,7,Female,54.57
5.81,3.84,3.82,0.44,0.65,0.0,1.92,1.45,71.1,3,Female,55.53
7.54,7.5,2.33,0.2,1.21,1.88,1.72,2.32,93.5,7,Female,81.9
7.0,6.0,4.06,3.25,2.27,1.35,4.41,0.2,99.1,8,Female,70.93
6.1,5.92,3.1,2.46,0.85,1.87,2.74,3.22,90.0,10,Female,67.0
6.72,4.1,2.56,0.0,1.61,0.6,2.7,1.1,40.0,8,Female,50.73
6.78,4.07,3.57,1.42,1.7,2.1,2.97,1.61,51.0,9,Male,48.3
6.68,2.32,4.01,2.88,1.3,1.67,0.65,2.23,77.9,8,Female,51.01
9.13,5.67,2.4,1.72,1.71,1.18,1.91,2.05,76.0,2,Male,81.26
6.88,5.24,3.18,3.25,0.42,1.35,2.95,1.13,78.2,8,Female,54.08
6.71,6.43,4.11,3.05,0.98,1.44,2.5,3.55,93.0,8,Female,76.8
4.48,4.18,2.51,0.64,2.65,0.6,4.71,0.0,92.4,2,Female,66.66
5.93,4.29,1.34,1.86,2.7,0.93,1.96,0.99,80.1,2,Male,75.34
6.68,4.76,1.5,1.55,2.17,1.43,3.44,1.43,59.7,3,Female,68.26
6.18,5.84,2.96,0.61,2.38,0.9,3.31,1.15,63.2,6,Male,63.54
8.66,2.29,1.79,0.55,0.04,0.17,2.64,3.1,78.8,8,Female,55.49
6.8,5.6,3.05,1.19,0.74,1.41,2.82,0.51,83.0,9,Male,59.43
8.55,4.47,5.66,1.36,1.25,1.79,2.21,3.4,63.4,2,Female,65.67
7.07,2.91,1.71,2.28,3.43,1.95,0.53,1.75,85.9,10,Female,55.17
7.04,1.37,3.13,3.04,1.25,1.57,2.85,0.78,57.0,2,Male,47.74
6.89,4.3,6.27,2.51,2.1,1.77,2.93,0.11,46.0,6,Female,50.43
7.0,6.67,4.03,2.75,1.8,1.89,3.09,1.81,67.5,10,Female,64.12
9.06,7.01,3.02,1.73,1.78,1.26,2.56,1.37,94.5,5,Female,79.67
4.22,5.03,3.3,2.6,1.48,0.0,3.47,2.21,96.3,10,Female,53.47
4.6,7.44,4.06,1.85,0.54,2.01,1.63,1.59,58.9,7,Male,58.93
6.35,4.44,5.7,1.56,0.0,0.57,3.97,2.86,59.8,4,Male,55.34
7.02,5.93,2.81,3.9,2.53,0.41,1.51,1.87,87.1,9,Female,67.3
7.83,3.82,2.52,0.0,1.01,0.43,2.39,1.62,72.7,1,Female,66.09
7.57,3.73,1.71,0.13,0.01,2.94,3.18,2.88,94.4,8,Female,68.93
6.54,3.48,3.63,2.38,1.85,1.51,1.99,2.21,86.9,4,Female,63.21
8.22,1.41,1.67,1.74,1.84,0.47,3.25,2.7,89.0,8,Female,52.9
8.24,6.43,2.9,0.56,2.11,0.72,2.16,3.03,68.1,1,Male,81.18
7.22,3.54,2.32,0.95,2.39,1.2,2.62,1.74,83.3,10,Male,56.23
8.16,3.3,4.9,1.08,0.76,1.58,2.32,2.03,100.0,2,Female,65.04
7.33,2.73,2.84,2.89,0.8,1.4,1.92,2.76,79.7,7,Male,57.13
6.33,4.19,4.02,3.21,1.25,0.55,4.75,0.0,77.5,3,Female,59.16
7.84,7.15,1.41,3.64,2.16,1.42,1.66,1.91,72.8,10,Female,69.57
7.13,7.64,3.67,0.41,0.0,0.77,0.21,1.8,58.8,9,Male,72.71
7.0,2.01,1.94,0.63,1.6,1.93,1.7,2.34,64.8,9,Female,49.44
8.77,3.97,2.95,0.56,2.25,1.24,2.63,1.28,67.3,4,Male,64.79
4.06,2.95,6.37,3.29,2.21,0.67,2.12,2.99,58.3,2,Female,51.63
5.3,5.98,4.71,2.42,2.07,1.68,3.52,1.34,59.5,1,Female,63.79
5.58,4.93,3.33,2.08,2.35,1.47,3.48,1.59,48.6,3,Male,58.4
6.56,3.55,7.66,2.23,0.0,0.87,2.18,1.4,68.6,7,Female,43.94
6.69,4.61,2.31,1.94,2.79,1.71,0.82,3.11,86.1,4,Female,73.42
5.19,3.78,5.01,0.88,1.76,1.64,1.22,0.12,74.2,1,Male,58.99
5.82,6.92,1.51,2.51,2.57,2.04,2.47,3.61,74.3,10,Male,64.07
5.97,5.32,3.18,1.81,0.56,1.7,0.94,3.33,87.2,9,Female,62.99
9.95,5.5,1.75,0.8,0.1,1.05,2.13,1.49,98.3,5,Female,77.47
9.16,0.5,3.83,2.57,2.93,0.02,3.92,2.92,100.0,3,Male,55.45
6.51,4.4,3.57,1.57,0.76,1.33,2.84,2.12,79.7,5,Female,59.62
6.56,7.62,3.1,2.23,1.25,1.44,2.55,3.49,74.6,3,Female,77.12
5.62,6.49,4.92,1.88,1.92,1.24,1.46,2.86,73.0,1,Female,73.34
4.71,1.73,2.76,2.89,2.12,0.0,2.68,3.97,85.1,4,Female,48.5
6.86,4.03,3.92,2.22,2.36,1.68,2.24,0.59,76.1,2,Male,62.99
5.8,2.7,4.57,1.12,1.68,0.56,2.74,2.17,76.2,2,Female,58.64
6.9,7.07,1.57,2.32,0.66,1.68,3.23,0.45,77.0,10,Female,66.09
5.08,4.87,2.53,2.35,2.07,2.39,3.4,1.53,66.7,1,Male,66.67
6.09,3.35,3.57,2.51,2.08,1.02,2.63,4.02,50.0,9,Male,46.12
7.18,4.55,4.32,3.04,0.05,1.51,3.01,2.42,70.0,10,Female,46.33
7.44,0.59,5.35,1.38,2.63,1.22,1.99,2.89,95.5,5,Female,46.99
7.5,2.87,3.22,2.67,0.0,1.57,3.63,2.46,94.9,9,Male,52.36
5.42,4.55,3.09,0.28,2.33,1.27,1.61,2.41,89.3,6,Male,66.04
8.03,5.77,2.37,1.88,0.99,0.84,2.29,1.53,72.1,10,Female,61.97
6.04,1.59,3.93,1.73,2.06,0.57,3.74,1.36,68.5,9,Female,39.76
7.76,3.93,3.11,3.45,1.91,2.31,2.02,1.51,97.5,7,Female,65.05
6.99,6.01,3.14,1.84,1.47,1.51,1.16,0.0,65.0,6,Male,69.13
5.35,2.32,3.38,2.61,1.86,1.78,2.09,1.93,78.5,1,Female,58.95
6.62,4.84,4.22,0.24,1.43,1.48,3.89,2.22,98.3,3,Female,75.11
7.44,4.6,2.77,1.65,2.07,1.88,0.23,1.44,79.5,10,Female,62.64
7.74,7.07,2.5,1.15,3.25,0.57,2.6,1.88,74.5,10,Male,69.67
6.83,4.15,4.06,4.48,0.43,1.26,1.87,2.47,91.9,8,Male,54.82
8.84,4.24,0.0,1.33,0.0,1.55,2.33,2.8,78.9,5,Female,68.16
8.21,5.78,2.72,2.07,1.17,2.1,2.15,0.92,80.4,5,Female,76.13
6.69,2.51,2.0,2.13,1.11,3.07,3.46,1.28,96.2,5,Female,64.19
7.9,4.17,5.06,0.41,1.2,1.49,2.55,2.68,47.5,8,Female,52.89
9.32,3.82,2.93,1.47,0.76,0.74,3.51,2.53,82.3,3,Female,72.06
9.35,4.29,2.77,2.4,2.2,0.36,3.78,3.21,68.8,6,Female,68.23
5.53,5.77,3.44,2.09,0.39,0.57,2.53,3.17,75.5,7,Female,62.54
5.89,5.33,2.73,0.0,1.86,0.66,2.14,4.17,79.4,7,Male,69.08
8.78,3.38,2.98,1.43,2.01,0.0,2.88,1.74,69.9,2,Male,68.44
5.73,4.71,3.63,3.02,1.75,0.73,3.07,3.42,80.7,9,Female,51.93
5.41,6.74,2.95,2.59,1.89,1.7,1.35,1.17,82.6,5,Male,73.92
6.42,3.25,2.94,3.22,2.26,1.25,2.74,4.15,80.4,10,Female,53.39
7.5,4.72,2.19,1.01,1.54,1.02,2.25,2.41,79.3,5,Female,65.53
6.88,4.21,2.0,3.28,1.22,0.06,2.08,2.49,76.6,8,Male,63.27
6.22,4.41,3.58,1.96,1.89,1.94,1.81,2.89,76.8,2,Male,70.8
6.19,2.05,3.9,3.59,1.98,1.56,1.87,0.78,79.0,9,Female,46.92
6.15,6.62,1.64,2.0,2.21,1.19,3.76,1.03,66.7,1,Female,79.3
5.94,3.34,4.49,0.0,0.13,0.0,2.14,2.1,93.2,6,Female,53.14
9.74,6.04,4.49,2.85,1.35,0.86,3.64,2.31,76.9,8,Male,64.44
7.36,3.57,4.77,1.56,0.65,1.5,2.63,3.87,73.2,4,Female,58.56
8.06,3.56,3.89,1.62,1.95,1.18,1.37,1.15,82.8,10,Female,58.05
6.41,6.32,4.33,0.55,2.08,1.33,2.69,3.39,76.6,7,Female,70.99
6.78,5.99,6.34,3.62,1.28,1.68,1.31,1.76,92.9,10,Female,64.78
6.14,4.81,3.11,1.48,0.92,1.31,3.11,1.75,88.7,6,Female,63.36
3.82,5.64,2.14,3.58,1.98,1.65,2.29,1.85,79.1,8,Female,59.18
5.35,4.07,1.51,1.57,1.39,0.61,3.36,1.73,89.3,1,Female,69.07
4.83,4.49,5.78,1.07,2.64,0.34,3.93,2.44,80.8,1,Female,59.76
4.3,3.51,5.8,3.32,2.92,1.53,0.76,1.64,64.2,6,Female,51.64
5.57,5.86,2.3,1.93,2.3,1.68,2.04,0.73,88.7,4,Female,73.27
8.59,3.46,2.55,1.94,1.69,1.56,1.29,1.76,55.2,5,Male,61.2
6.95,6.73,3.08,0.72,2.96,1.29,4.66,2.41,40.0,7,Female,68.98
8.55,4.03,5.09,1.54,1.69,0.97,2.06,0.74,86.4,4,Female,63.18
7.49,4.53,1.83,2.43,1.12,1.35,1.18,2.52,83.3,10,Female,62.54
7.94,5.64,0.94,0.7,0.96,1.47,4.74,3.06,82.5,8,Female,71.92
5.92,4.54,6.32,1.46,0.94,1.51,1.77,3.33,94.7,7,Female,61.29
7.63,4.05,3.91,1.58,1.49,3.02,0.88,2.3,77.7,9,Female,59.63
7.87,4.45,4.09,2.07,1.87,0.56,1.34,0.38,73.5,1,Male,60.75
6.31,5.84,3.23,3.48,0.37,3.46,2.64,2.58,87.6,2,Female,71.26
7.67,3.51,4.11,1.7,1.14,0.32,2.55,2.87,69.4,9,Male,47.3
7.68,4.31,1.53,1.31,1.67,1.47,1.66,1.37,75.1,8,Female,69.7
6.34,4.52,2.41,4.75,2.01,0.36,2.01,1.93,81.0,6,Female,64.71
5.65,5.8,3.64,1.57,1.48,1.41,2.55,2.44,82.0,2,Male,66.49
5.58,4.35,0.55,1.81,1.7,1.89,3.82,3.61,74.0,3,Female,65.51
7.1,7.21,3.11,1.64,0.51,1.22,2.83,1.77,72.1,6,Female,69.16
7.39,4.27,3.03,1.72,0.77,1.88,1.94,2.8,64.6,1,Female,68.44
6.05,4.14,3.11,2.08,1.45,0.9,2.27,2.28,68.6,9,Male,50.45
7.03,4.24,2.78,2.92,1.91,0.0,3.27,2.18,99.8,4,Male,67.03
7.68,2.53,2.21,2.4,1.69,1.64,4.18,3.2,74.8,10,Female,46.42
7.74,2.94,1.13,3.08,0.82,1.22,1.4,1.25,80.3,6,Female,60.56
8.86,3.7,3.69,3.04,1.31,0.86,3.61,2.21,60.1,4,Female,54.3
8.53,6.2,3.11,2.21,2.71,0.91,2.19,2.02,100.0,1,Female,93.85
5.8,4.45,1.71,2.38,1.94,1.48,0.88,0.64,67.7,9,Female,61.45
9.02,3.77,3.58,3.11,1.37,0.63,0.68,3.11,63.9,7,Female,65.34
6.36,6.34,3.12,0.89,0.68,1.46,3.83,2.75,77.3,9,Male,67.3
8.25,6.83,2.9,4.5,0.93,2.03,3.95,2.03,67.3,3,Male,79.25
7.08,6.38,0.7,1.49,1.51,2.64,1.93,1.76,82.4,2,Female,87.0
6.51,3.22,4.39,1.65,1.72,2.18,2.29,2.0,59.9,3,Male,53.46
4.83,3.76,1.9,0.79,1.95,1.31,0.72,2.64,91.6,4,Female,65.29
6.79,7.22,3.58,0.82,1.81,1.38,3.26,2.05,89.3,4,Female,81.99
5.13,4.86,2.45,2.97,1.2,0.92,2.47,1.4,76.6,8,Male,60.16
8.16,4.1,2.99,4.27,1.09,0.87,0.95,1.53,58.1,10,Male,51.23
8.82,5.58,5.0,1.43,3.14,1.81,2.7,1.99,68.3,1,Male,78.43
6.04,6.01,4.19,2.35,1.05,0.98,1.11,1.16,78.8,6,Male,64.52
7.36,3.64,4.97,2.22,0.47,1.46,3.06,2.3,63.5,7,Male,49.46
6.13,4.83,3.93,3.0,0.19,0.53,1.42,1.29,65.4,3,Male,55.64
6.25,5.89,4.01,4.22,1.22,2.16,2.84,1.14,90.6,5,Female,68.77
7.93,2.76,1.18,3.52,2.25,0.97,1.85,4.87,79.9,8,Female,57.15
6.95,4.52,3.09,1.76,1.04,1.96,0.13,3.75,79.5,6,Male,62.07
9.09,2.83,3.21,2.53,2.68,0.71,3.5,2.13,84.3,1,Female,66.21
6.42,3.02,5.09,2.63,1.49,0.67,3.55,2.77,76.0,5,Male,52.15
8.2,3.66,2.84,1.98,2.39,2.13,1.98,2.92,77.3,4,Male,69.39
7.12,5.22,3.84,0.9,0.89,0.76,2.77,1.93,83.5,2,Male,71.31
7.95,4.02,3.79,1.2,0.91,0.1,2.94,2.25,87.7,2,Female,71.19
6.46,3.53,5.0,3.15,1.57,0.47,2.97,1.76,84.0,4,Male,60.33
6.94,4.58,3.33,3.25,1.89,1.8,4.23,3.13,95.5,9,Female,60.43
6.86,2.78,4.58,1.79,1.36,1.73,2.92,3.14,78.3,9,Female,51.71
6.0,5.14,1.28,2.26,1.73,0.67,2.14,3.41,61.8,2,Female,68.03
7.79,6.2,1.4,3.2,1.97,0.76,2.93,2.24,91.1,7,Female,71.49
7.78,4.38,0.53,0.3,0.36,1.67,2.07,3.95,75.1,8,Male,64.14
7.71,4.2,4.52,1.55,1.23,2.12,1.43,1.93,68.8,5,Female,59.22
8.84,5.06,4.38,4.02,1.09,1.15,3.72,3.84,86.5,1,Male,71.84
8.74,1.46,4.67,2.3,1.12,1.59,3.03,1.58,82.4,8,Female,52.58
6.55,5.31,2.62,0.87,1.83,1.81,0.64,0.83,62.7,2,Male,70.54
7.45,9.15,2.77,2.12,1.1,2.71,1.82,3.83,86.0,2,Male,93.68
6.25,4.32,3.34,3.02,0.0,0.39,3.26,2.59,100.0,3,Female,65.2
7.03,4.32,5.38,0.0,1.31,0.73,0.94,2.47,81.9,1,Male,65.2
6.28,5.62,5.7,2.18,0.65,0.85,1.75,1.68,74.9,10,Male,54.88
8.94,6.97,4.53,1.63,1.9,1.78,5.16,1.24,58.0,6,Female,73.17
7.44,5.96,3.93,0.36,2.14,1.02,2.17,1.32,100.0,9,Male,75.97
6.74,1.27,5.24,2.08,0.0,1.42,3.58,2.12,71.8,1,Male,51.13
8.43,5.35,3.17,1.86,0.88,1.29,4.0,1.86,61.1,2,Male,71.38
4.4,8.36,2.99,1.98,1.78,1.2,1.59,0.25,79.3,2,Female,81.04
4.58,5.43,3.33,1.65,0.37,1.28,2.77,3.52,90.1,1,Female,70.5
7.96,2.77,2.23,0.98,2.13,1.92,4.56,1.62,92.8,8,Female,61.11
7.07,4.92,3.27,0.55,2.34,0.52,2.96,3.11,69.9,2,Female,71.25
7.3,2.58,2.05,1.31,1.37,1.1,4.87,1.36,76.8,10,Male,49.35
5.41,6.35,4.83,2.86,0.88,0.35,1.86,2.14,78.0,8,Female,57.63
6.97,3.07,4.21,2.23,0.0,1.36,4.3,2.88,89.7,3,Female,60.15
9.4,4.61,5.36,1.93,2.15,1.06,2.52,2.75,85.1,3,Female,72.2
7.99,3.21,1.38,0.96,3.1,1.95,2.17,1.76,81.2,4,Male,67.57
7.2,3.68,5.97,1.63,2.94,1.2,3.14,2.46,89.0,6,Female,63.51
6.47,6.73,1.46,2.74,1.34,0.89,2.39,2.61,61.7,7,Male,69.84
6.53,4.66,1.94,2.5,0.63,1.03,2.42,1.87,83.1,5,Female,61.14
4.44,3.66,2.69,1.52,2.17,2.41,2.99,1.0,80.7,9,Female,55.54
7.31,2.78,5.2,0.0,1.4,0.1,0.69,1.44,77.4,8,Female,49.3
8.01,1.69,3.79,1.33,1.88,0.76,1.7,1.66,75.0,3,Female,54.8
5.11,2.62,3.18,1.52,1.74,1.23,3.22,2.02,79.6,4,Male,53.7
6.21,4.67,2.47,1.09,1.57,0.75,3.49,3.43,71.2,9,Male,60.94
5.61,5.97,1.71,1.59,2.32,1.54,2.86,2.82,100.0,8,Female,72.78
5.84,3.66,4.97,2.82,2.35,1.16,2.78,1.27,94.3,10,Male,52.75
7.06,6.86,4.54,1.96,1.08,1.38,2.9,3.65,91.1,1,Male,76.78
4.5,3.42,5.26,2.99,0.76,1.28,3.46,1.93,71.6,1,Male,49.46
7.74,4.14,4.02,0.49,0.0,1.13,1.07,2.61,66.5,6,Female,59.7
7.9,2.88,0.07,1.69,1.22,0.3,1.99,1.15,75.5,3,Female,63.4
6.7,5.99,1.88,0.06,0.63,1.32,2.43,1.59,79.4,8,Male,69.02
4.02,7.65,4.1,1.57,1.84,0.0,2.7,2.93,60.6,8,Female,65.75
5.8,1.86,3.02,0.95,1.23,0.73,0.39,1.21,83.8,5,Female,50.26
8.48,3.98,2.77,3.28,1.32,1.54,1.24,2.05,91.0,1,Female,71.07
3.67,6.4,2.07,2.41,2.15,2.03,2.48,2.42,51.2,4,Male,65.96
6.58,2.33,4.73,3.01,1.82,2.84,3.51,1.08,67.2,3,Male,45.27
5.58,5.35,4.09,1.57,1.41,0.9,2.08,0.4,92.7,4,Male,70.62
7.97,6.33,4.15,0.98,2.85,0.59,1.83,2.82,82.5,9,Male,71.79
6.19,4.62,2.68,0.95,2.09,1.57,3.03,4.58,67.6,8,Male,61.22
7.48,5.33,3.73,2.27,1.17,2.51,2.17,2.41,86.8,7,Female,66.17
7.68,7.14,1.76,3.81,1.2,2.27,3.38,2.59,70.9,1,Female,84.53
9.2,7.42,3.33,2.41,2.13,0.48,2.28,1.2,75.2,7,Male,77.44
6.76,4.41,0.21,1.63,1.66,1.1,1.38,3.32,64.3,6,Female,69.6
7.45,3.7,1.46,1.81,0.6,1.8,3.92,1.66,78.2,7,Male,55.3
5.22,3.12,3.08,1.97,2.22,1.84,3.74,3.05,90.2,5,Male,58.62
8.43,5.97,6.59,4.03,2.51,1.61,1.54,2.55,72.3,6,Female,65.82
6.09,2.44,1.16,3.23,2.45,0.89,2.9,2.57,85.7,4,Male,60.11
6.33,4.12,1.88,2.26,2.73,1.61,2.17,2.53,77.4,8,Male,65.29
6.97,4.65,3.78,2.11,3.16,1.85,3.12,2.51,90.9,5,Male,65.28
5.12,3.75,5.8,2.3,2.88,0.55,1.62,2.26,72.4,9,Female,43.56
7.27,4.92,3.76,2.49,1.77,2.13,3.37,2.87,96.7,10,Female,61.87
8.16,8.35,4.41,1.59,1.33,1.89,3.69,1.35,86.2,8,Male,73.84
7.35,4.32,3.06,1.16,0.04,0.68,1.55,1.79,80.9,6,Male,68.97
5.09,3.85,2.84,3.03,1.51,1.85,2.57,3.32,81.4,5,Male,61.39
6.85,6.02,3.61,2.02,1.92,1.77,3.72,2.16,72.4,6,Male,69.57
7.89,4.86,2.64,2.95,1.53,1.8,1.5,1.71,71.6,8,Male,65.23
4.75,6.66,4.44,3.65,0.0,2.3,1.83,2.93,81.1,9,Female,63.77
5.71,4.75,1.41,2.52,1.27,1.19,3.16,2.75,63.6,8,Female,56.02
8.05,4.13,4.66,2.36,2.02,1.43,2.34,0.83,70.8,8,Female,55.52
7.32,1.82,3.55,5.2,0.68,0.0,0.92,2.66,66.8,5,Male,46.21
7.49,2.07,3.22,2.21,1.63,1.98,2.18,2.12,84.9,3,Female,57.78
9.23,1.75,1.36,0.91,1.85,1.91,4.25,2.64,85.0,4,Female,61.13
7.56,5.07,2.23,1.72,2.39,2.15,4.56,2.01,93.2,10,Male,65.27
7.79,2.46,5.06,3.55,2.87,0.54,1.86,2.42,74.0,5,Male,53.82
10.25,6.38,3.23,0.71,1.2,1.87,1.59,0.35,68.3,5,Female,81.32
6.74,4.55,3.86,1.25,1.65,1.91,2.04,1.19,60.4,5,Female,57.26
6.04,4.13,2.36,3.11,1.67,0.74,4.3,2.67,81.3,4,Female,61.53
7.51,3.23,3.46,1.73,2.02,1.94,3.34,4.36,94.8,2,Female,68.8
7.53,5.43,1.72,1.89,1.93,1.52,3.96,2.33,77.1,3,Male,71.13
6.37,3.29,3.63,3.07,2.64,0.01,3.5,1.38,78.3,3,Male,59.49
5.76,3.02,3.98,1.28,0.0,1.61,1.18,2.12,77.9,2,Female,57.51
9.77,6.28,3.92,0.53,1.83,0.66,1.55,1.2,81.0,2,Female,80.74
7.39,5.03,2.33,0.61,1.89,0.03,1.8,3.12,90.0,10,Male,64.89
6.12,4.15,3.06,2.58,1.31,1.46,1.98,2.04,100.0,1,Male,72.36
8.1,5.46,4.2,2.26,0.0,1.15,1.82,2.95,84.0,2,Female,75.72
6.87,4.51,3.23,1.31,1.45,2.18,1.94,1.86,84.8,6,Female,66.72
6.7,5.07,3.13,0.84,0.93,1.33,3.14,3.03,75.1,10,Male,64.86
7.67,3.27,5.97,1.73,2.84,1.74,2.64,0.54,76.7,7,Male,57.3
5.45,7.61,2.26,3.12,1.8,1.56,3.72,2.02,76.5,2,Female,81.24
7.42,3.63,4.9,1.16,0.86,1.91,2.75,2.49,73.6,7,Male,53.24
9.3,6.83,2.0,1.34,0.0,0.58,1.82,1.76,79.5,6,Male,81.98
7.56,4.22,4.35,0.81,1.97,1.34,2.69,2.32,85.5,8,Female,59.34
6.55,5.71,4.42,1.63,2.06,1.1,0.99,2.31,78.8,3,Female,74.04
6.39,5.6,2.84,2.34,1.33,1.66,0.19,2.94,74.6,5,Female,62.56
6.51,6.22,1.92,4.12,1.98,1.38,3.14,2.56,79.5,10,Male,63.4
6.7,3.24,0.94,2.22,1.22,0.77,3.52,2.35,66.5,8,Male,49.8
6.55,6.11,2.7,1.95,2.35,0.96,2.57,2.79,87.6,3,Female,76.9
8.1,7.27,4.18,2.86,2.29,2.35,2.11,0.78,73.0,8,Female,68.55
4.92,4.11,2.1,2.7,0.19,0.01,1.16,1.32,64.1,9,Female,48.64
8.03,4.55,3.63,1.42,0.38,1.7,3.67,0.75,83.5,8,Male,62.25
6.54,3.71,1.58,4.3,3.13,2.07,2.99,2.49,84.1,7,Female,59.44
7.45,3.98,3.2,1.98,2.25,1.61,2.79,2.37,67.7,8,Male,57.0
5.65,7.07,2.01,2.24,0.49,2.58,2.5,3.25,85.5,6,Female,76.02
8.59,2.99,3.4,2.55,0.24,1.86,2.03,2.32,85.6,3,Female,63.02
8.49,3.09,2.85,2.35,1.67,1.47,1.39,1.43,100.0,5,Male,70.07
8.15,6.92,1.95,3.53,0.59,0.87,2.75,2.12,75.2,6,Male,72.35
5.18,5.44,2.64,1.41,1.25,1.48,1.96,0.31,77.3,8,Male,63.07
7.99,7.68,2.29,2.78,1.46,1.68,2.08,1.63,70.7,8,Female,76.84
7.49,3.82,1.79,2.16,1.43,1.2,4.22,0.0,83.9,2,Male,63.31
5.07,4.69,4.91,2.98,2.4,0.68,2.45,2.3,77.9,1,Female,64.18
6.97,3.51,3.03,1.79,2.97,0.36,0.05,1.75,89.9,2,Male,69.25
7.44,4.71,0.64,1.65,1.12,1.33,1.96,1.88,72.8,3,Female,71.11
7.67,1.84,2.69,2.73,0.6,0.16,1.5,1.16,83.7,3,Female,60.55
7.21,5.53,4.69,2.36,1.81,0.87,2.36,1.4,75.1,5,Male,69.47
7.35,4.99,2.51,1.18,2.81,0.0,1.08,2.62,55.9,8,Male,60.36
8.77,4.41,5.45,3.35,1.18,1.78,2.93,0.71,85.5,5,Male,64.53
8.47,3.91,2.39,2.73,2.18,2.01,2.2,2.46,57.0,5,Female,65.05
3.56,3.16,4.15,1.93,0.83,1.26,2.02,1.27,76.1,10,Male,41.7
6.62,5.59,4.85,1.53,1.52,2.48,2.65,0.49,76.3,8,Male,58.8
6.8,2.74,4.09,2.36,0.57,2.14,2.42,3.1,77.9,8,Female,46.97
4.9,5.27,1.71,2.66,1.51,1.54,2.37,3.2,78.6,8,Male,63.62
7.11,7.61,2.27,0.41,1.41,1.12,2.28,1.51,78.4,1,Female,88.98
8.5,6.73,5.02,2.38,1.99,0.96,2.48,1.51,82.4,8,Male,69.91
5.7,2.24,2.45,2.65,2.92,1.59,2.84,1.77,76.7,5,Female,57.46
7.4,3.69,4.77,0.0,1.19,1.1,2.72,1.27,100.0,7,Female,65.8
5.9,5.13,2.94,2.2,0.0,1.58,3.63,1.43,73.9,8,Female,61.59
6.19,4.39,3.68,2.69,1.34,1.64,1.95,2.41,63.3,1,Male,68.19
8.77,2.4,1.7,2.58,1.74,1.04,2.74,3.87,61.1,7,Male,54.79
6.35,5.08,2.71,2.8,1.66,1.97,4.95,1.68,85.9,9,Male,56.95
7.55,4.48,2.36,1.67,1.37,1.04,2.46,2.92,58.9,6,Female,61.08
4.75,7.37,3.79,0.96,2.69,1.21,2.5,2.32,63.5,7,Female,68.82
9.23,4.12,3.62,0.2,1.61,0.52,1.24,0.49,61.8,1,Male,68.58
7.72,6.25,4.1,3.09,1.42,1.01,1.79,1.98,83.5,8,Female,66.75
6.78,2.6,2.86,2.7,0.88,2.71,2.39,1.86,94.0,10,Female,48.12
7.69,2.96,2.29,3.17,0.1,0.57,3.03,3.32,66.7,4,Female,57.8
5.31,5.58,3.74,1.27,1.76,1.51,3.15,3.35,83.1,5,Female,72.25
8.42,6.13,2.16,2.8,1.7,0.88,2.83,2.34,46.4,6,Female,74.38
6.61,3.06,4.9,0.5,0.65,0.0,3.3,3.09,69.1,2,Female,56.75
6.76,4.54,3.35,1.13,1.46,1.59,1.5,1.87,85.2,1,Female,72.1
6.41,2.43,3.08,2.13,1.38,0.81,2.99,3.01,74.3,1,Female,58.24
6.3,4.23,4.1,2.66,1.0,1.42,2.51,2.09,89.9,2,Male,69.37
7.83,5.76,3.4,3.68,0.87,1.89,2.62,2.99,51.2,8,Male,63.67
7.31,3.85,1.34,1.76,1.82,1.36,2.14,3.08,69.2,7,Female,61.35
7.78,4.13,2.12,1.13,1.32,1.43,1.55,2.64,83.4,7,Male,69.38
6.99,2.81,4.88,1.08,1.03,0.59,1.28,1.33,83.3,1,Male,61.1
7.62,3.53,3.61,1.31,0.81,1.69,2.82,1.62,84.2,3,Male,62.22
6.5,7.14,1.31,4.22,1.4,1.07,3.0,2.68,80.5,10,Female,68.66
9.68,4.61,3.96,2.76,2.24,0.0,2.37,2.8,64.3,6,Male,69.09
5.12,3.0,2.77,3.11,1.67,1.78,2.49,2.14,68.7,1,Female,59.81
8.51,4.03,2.36,1.76,1.31,1.99,1.78,1.72,100.0,10,Female,63.34
8.64,2.1,2.01,2.0,1.75,2.24,3.0,2.17,62.9,6,Male,57.91
5.98,2.98,4.8,2.7,2.59,2.72,2.56,1.75,61.0,5,Male,53.11
9.68,6.54,0.94,1.49,1.89,1.74,2.13,1.75,86.2,6,Male,83.75
8.19,4.29,2.41,1.71,1.71,1.56,3.37,3.76,65.3,4,Male,65.02
8.17,7.34,3.66,1.33,2.01,1.96,3.15,1.57,99.5,7,Male,78.58
7.03,4.36,5.55,1.55,1.37,0.58,0.96,2.46,100.0,4,Male,61.67
6.74,4.45,4.22,2.05,1.65,0.03,2.55,2.14,75.1,4,Female,59.93
6.75,5.46,2.4,1.18,1.11,0.87,1.54,0.9,81.7,2,Male,74.14
7.47,0.49,5.49,2.29,0.26,2.09,2.64,0.87,56.1,2,Male,44.6
8.68,4.81,1.74,2.28,1.77,0.74,0.0,1.93,90.4,10,Female,70.26
7.22,4.43,3.84,1.82,1.78,1.53,2.7,0.24,51.1,3,Female,61.27
5.91,6.73,4.13,1.17,1.27,1.6,3.21,3.65,61.9,2,Male,67.67
7.99,5.95,2.35,2.1,2.33,1.37,2.39,1.67,79.4,5,Female,76.51
8.11,2.8,4.41,1.5,0.92,0.31,1.34,1.6,84.6,1,Male,58.45
7.79,6.36,2.83,2.05,0.08,1.44,4.46,3.1,60.2,5,Female,71.4
7.89,4.11,4.4,3.1,0.94,0.9,3.66,1.87,71.5,2,Female,64.72
6.67,3.14,1.11,0.75,0.27,2.39,1.97,2.59,58.1,3,Female,61.28
5.89,4.8,3.94,4.17,1.77,2.0,2.24,1.48,74.2,2,Female,66.47
5.96,4.2,2.96,1.93,0.9,0.93,0.52,2.04,68.4,9,Female,56.62
5.04,6.81,4.99,2.41,2.29,2.44,2.97,2.87,70.4,5,Male,68.42
7.28,5.01,3.44,1.25,2.27,1.44,1.13,1.22,85.8,1,Female,76.16
6.9,4.81,5.12,3.14,0.76,0.03,3.17,2.47,81.4,10,Male,48.44
6.47,5.85,4.16,1.87,0.85,1.15,3.53,0.0,84.7,10,Male,58.62
3.45,6.14,3.33,1.61,1.93,2.34,2.43,3.14,76.4,2,Female,68.15
5.5,5.68,4.52,1.42,2.28,0.63,1.44,1.5,86.6,1,Male,70.57
8.35,6.63,4.53,1.73,0.0,1.15,3.75,1.92,77.6,2,Male,73.84
6.2,5.41,4.11,2.42,1.73,0.25,2.5,1.91,72.1,3,Male,60.35
7.43,4.75,0.52,2.17,0.0,0.36,2.59,1.12,84.8,5,Female,71.49
5.33,6.36,2.22,1.96,1.06,0.62,1.57,1.05,72.9,8,Male,65.43
8.73,4.36,5.3,1.29,2.37,0.34,2.69,2.47,74.0,10,Male,60.32
6.83,4.55,1.87,1.23,3.91,0.77,2.3,2.51,90.8,9,Male,69.84
7.35,7.08,4.65,1.54,1.31,2.42,1.17,1.2,89.7,10,Female,72.56
9.79,6.93,4.42,2.46,0.5,1.17,3.84,2.49,74.4,1,Male,83.55
8.82,4.49,2.56,2.66,1.09,1.75,4.26,2.5,88.5,10,Female,62.69
6.63,3.82,0.91,2.8,1.55,1.96,3.52,1.66,62.7,7,Male,61.24
6.29,6.69,2.76,2.0,0.96,0.42,3.37,0.84,74.5,2,Female,73.26
6.61,5.7,6.2,2.38,0.76,0.62,4.27,1.97,69.0,10,Female,51.84
7.61,4.97,2.38,1.83,1.16,1.74,1.45,2.33,78.0,8,Male,64.88
6.87,4.02,2.47,0.26,1.82,0.76,1.44,1.95,86.8,8,Male,68.92
6.53,5.0,2.2,1.78,1.36,1.69,2.09,1.47,84.7,7,Male,64.43
8.76,4.47,5.08,1.62,0.79,2.37,2.8,2.42,83.0,8,Male,65.26
6.86,3.5,3.18,0.96,0.96,0.18,2.21,3.14,79.6,1,Female,61.85
9.76,4.69,2.69,1.43,1.17,0.95,1.48,1.31,76.1,6,Male,70.22
7.11,4.9,5.34,2.14,0.7,1.06,2.51,1.73,92.4,7,Female,60.61
9.14,3.94,4.25,0.87,0.93,0.83,2.41,4.47,59.4,9,Male,53.22
7.43,5.86,2.3,1.29,2.01,0.77,3.34,2.26,70.0,7,Male,67.3
8.16,6.43,1.91,3.55,1.32,0.86,2.54,0.86,82.9,3,Female,79.97
6.13,5.95,5.01,0.4,0.1,1.19,0.6,1.57,96.3,7,Female,66.62
5.98,4.09,3.52,1.82,2.32,1.32,2.89,1.32,73.8,3,Male,60.0
7.55,5.63,1.49,0.83,1.83,1.87,4.08,2.34,74.9,3,Female,79.85
8.19,4.62,1.18,1.25,0.39,1.18,2.53,2.28,62.5,7,Male,63.99
7.05,2.65,2.05,1.8,1.21,1.98,3.49,1.43,71.5,4,Female,58.6
5.46,5.51,1.89,1.01,0.87,0.79,1.99,3.67,86.5,4,Male,75.16
5.37,4.72,0.84,2.57,2.04,0.36,3.07,2.08,97.0,6,Male,71.9
5.29,8.39,2.07,3.35,1.2,0.99,1.76,1.59,74.5,2,Female,75.65
4.88,6.69,2.31,2.84,1.44,1.52,2.25,0.9,68.4,2,Male,72.44
7.13,5.57,2.9,3.02,1.35,1.8,2.26,1.19,78.8,5,Female,64.19
8.35,4.87,5.7,0.62,0.32,2.22,2.98,0.88,58.6,2,Female,72.52
6.98,4.75,3.15,1.76,2.62,1.4,1.68,1.83,92.8,8,Male,66.98
4.29,2.99,3.28,2.47,2.03,1.73,1.04,1.2,63.2,7,Female,49.98
6.77,1.89,4.16,2.87,0.9,2.16,2.97,2.71,81.8,10,Female,41.16
6.8,3.19,3.19,3.75,1.65,0.65,2.93,1.47,81.6,2,Male,59.17
9.52,4.43,4.02,3.07,2.28,1.05,2.61,2.76,85.5,8,Male,67.95
5.25,1.34,3.86,2.9,1.54,3.14,3.43,2.44,81.1,1,Male,53.4
6.53,3.68,3.66,4.63,2.75,1.8,2.3,2.58,78.0,7,Male,60.42
9.05,4.13,7.1,2.1,3.83,1.56,2.78,2.81,83.1,2,Male,66.64
7.54,4.18,4.68,1.71,1.4,1.83,2.15,3.79,88.0,8,Female,60.17
7.68,3.51,2.09,2.18,1.03,0.27,2.24,1.24,99.6,1,Male,72.56
7.14,3.99,3.98,1.08,0.71,0.75,2.84,2.76,64.8,1,Male,65.5
7.4,7.09,2.47,2.07,0.0,0.49,4.77,2.36,55.9,3,Female,73.77
7.93,5.49,4.08,0.27,2.5,1.49,3.24,2.96,59.4,4,Male,66.75
6.03,3.66,1.71,1.47,1.22,0.94,3.05,2.1,56.2,8,Female,49.46
8.05,4.4,2.06,1.88,2.2,1.27,3.27,3.06,63.6,2,Female,71.44
5.35,4.46,3.95,2.95,2.36,0.98,0.15,0.84,62.1,8,Female,48.44
7.39,3.35,4.8,3.11,0.64,0.06,2.82,1.1,73.0,5,Female,49.49
7.21,3.35,4.15,1.04,0.76,1.82,3.41,1.49,88.3,1,Male,65.46
6.26,6.02,4.61,4.08,2.9,0.0,2.58,1.93,85.5,10,Female,57.97
6.97,3.87,3.99,2.15,1.44,0.69,2.46,2.04,70.5,6,Male,57.1
6.25,2.86,3.72,2.24,0.97,0.28,1.56,1.33,71.6,9,Female,45.59
5.71,4.44,2.85,0.38,0.66,0.58,2.07,1.11,100.0,1,Male,69.81
6.58,4.68,4.56,1.38,1.39,1.34,1.67,1.41,85.1,5,Male,62.02
5.68,1.54,4.83,3.05,2.71,2.06,3.5,0.46,80.1,2,Male,53.67
7.39,4.44,3.42,2.17,2.05,0.11,4.0,1.74,79.5,6,Female,63.02
5.62,5.8,3.35,2.11,1.65,0.81,4.44,1.95,74.5,8,Male,61.55
7.85,5.18,5.57,2.23,2.77,0.0,1.65,2.4,100.0,9,Female,65.03
5.58,7.84,3.47,0.56,2.62,0.78,1.83,2.15,75.7,10,Female,69.37
6.32,6.38,3.6,1.9,1.77,1.25,1.75,3.61,79.8,3,Male,74.06
6.25,6.67,4.13,3.41,3.72,1.74,1.48,2.73,58.2,3,Male,66.08
8.59,8.7,3.37,3.09,1.3,0.0,1.5,2.66,70.4,8,Female,76.99
7.4,5.64,2.43,1.87,2.38,1.59,1.98,2.33,71.4,8,Female,66.35
6.75,4.74,3.99,3.56,1.19,0.52,3.37,2.48,83.8,4,Female,64.57
7.6,5.96,3.45,0.74,2.22,0.35,1.78,1.8,68.7,4,Male,71.58
4.47,3.66,5.89,1.03,1.3,1.25,3.55,2.09,78.6,2,Female,57.73
6.95,4.66,4.52,3.86,1.87,1.64,3.87,3.73,70.7,8,Male,54.96
9.4,3.53,2.73,2.58,3.41,1.13,2.79,1.94,64.8,2,Male,69.29
7.16,5.1,4.45,1.71,2.26,0.43,3.73,0.8,64.3,6,Female,60.44
7.08,3.52,3.9,1.94,1.88,1.13,1.14,2.63,75.9,4,Female,63.38
7.66,3.47,5.2,1.19,0.88,0.69,1.94,2.79,79.2,6,Male,59.99
8.07,5.12,2.82,2.28,1.65,1.62,2.69,2.14,75.7,10,Female,59.7
4.6,4.29,3.75,2.2,0.69,1.95,2.72,0.31,68.0,9,Male,53.31
4.98,1.61,3.37,2.02,2.21,1.91,3.93,3.16,76.3,10,Male,38.2
7.25,2.32,3.58,0.84,2.19,1.19,1.5,2.21,74.1,7,Female,52.99
6.14,2.78,2.35,2.26,1.36,1.99,1.96,1.72,65.5,5,Female,52.51
8.57,3.18,4.25,1.47,2.83,0.49,2.42,3.07,79.0,10,Male,59.37
6.62,5.12,4.04,1.01,2.72,2.45,1.98,0.18,99.7,6,Female,68.17
4.68,4.83,5.17,3.27,1.62,0.48,1.46,2.1,76.2,4,Male,59.63
5.48,6.1,3.49,4.17,1.95,0.0,2.02,1.51,60.5,9,Male,49.74
3.7,5.63,2.96,3.94,1.03,2.16,2.25,3.34,95.6,10,Male,60.63
6.72,6.11,4.53,2.65,1.28,0.7,3.95,2.22,93.1,5,Female,69.02
6.77,5.41,2.47,1.73,0.64,1.28,1.48,1.22,95.2,9,Male,65.25
6.49,4.81,4.91,1.93,1.12,0.48,3.32,3.02,77.5,5,Male,58.61
8.29,6.15,4.91,2.41,1.42,2.85,3.77,0.0,68.6,5,Female,68.57
8.44,5.88,5.13,1.58,0.17,2.48,1.99,2.46,67.3,6,Male,65.71
6.8,5.06,3.99,3.32,1.96,2.28,2.76,0.86,91.7,6,Male,61.55
4.44,6.41,2.87,0.0,2.32,1.26,3.08,1.58,97.3,9,Male,67.29
7.74,0.98,3.64,1.7,1.49,1.89,2.91,1.78,67.0,10,Female,42.49
7.67,4.06,3.99,2.8,0.0,1.16,2.58,2.82,47.8,8,Male,48.05
7.37,4.04,2.77,1.15,1.3,1.99,1.82,3.98,77.8,6,Male,62.56
8.18,6.23,5.23,1.76,0.39,0.91,3.16,0.4,67.1,2,Female,70.58
5.6,6.86,4.25,2.59,1.01,2.31,2.13,2.4,69.5,4,Male,71.5
9.41,2.32,2.34,3.52,2.66,0.88,2.53,3.98,75.1,2,Male,66.71
5.85,6.62,5.95,0.71,0.0,0.96,2.68,1.48,82.9,1,Female,73.34
7.9,2.74,3.63,0.63,0.85,0.87,3.36,1.43,68.6,7,Female,55.65
4.98,2.79,2.08,1.05,2.16,1.33,4.43,2.21,79.6,3,Female,58.79
5.88,4.15,2.42,0.46,0.94,0.93,1.76,2.75,76.5,1,Male,67.96
8.82,4.02,5.43,0.53,0.88,1.54,2.55,2.59,50.3,3,Male,63.03
6.69,2.16,5.87,1.03,3.13,0.86,1.02,1.68,84.5,1,Male,57.24
8.01,5.47,4.81,3.23,1.8,1.75,3.98,1.28,72.6,2,Female,68.32
7.28,5.52,5.22,1.69,2.25,2.26,2.54,3.18,62.8,5,Female,61.31
6.87,6.08,5.08,2.03,1.9,1.25,2.2,1.3,69.3,7,Male,69.0
8.64,3.85,4.22,1.04,1.63,2.75,2.55,0.28,80.4,8,Female,66.74
6.72,4.44,3.93,2.63,2.51,1.99,2.6,0.69,78.6,4,Male,63.95
4.86,4.45,4.2,3.88,3.02,2.7,1.77,1.48,85.7,8,Female,59.02
6.04,7.03,4.46,1.11,0.15,1.16,3.69,3.34,83.2,1,Female,79.44
7.66,0.25,2.54,3.72,1.47,0.04,3.14,0.93,63.9,2,Male,45.51
7.47,3.06,4.45,2.36,1.47,0.71,3.28,3.37,42.5,4,Male,53.64
5.12,4.51,5.4,2.02,1.16,0.78,1.82,3.18,79.5,7,Male,50.7
6.13,2.87,3.23,2.4,2.28,0.53,1.77,2.2,85.6,2,Male,60.91
6.3,4.11,3.09,2.39,1.71,0.0,2.39,0.0,75.6,1,Male,58.53
6.56,4.31,4.12,3.86,3.04,1.92,3.3,0.93,85.9,6,Male,57.98
5.35,3.51,2.66,2.52,2.38,0.0,3.0,1.43,66.0,5,Female,49.47
6.25,4.6,1.79,2.54,2.59,1.85,1.72,3.56,73.8,5,Male,62.19
6.13,5.44,4.99,1.58,0.54,2.73,3.17,1.49,67.0,5,Male,59.94
7.93,4.15,2.91,2.84,0.86,0.66,1.53,1.3,86.4,10,Male,58.47
7.97,3.82,3.52,1.04,0.92,1.47,1.84,2.17,67.1,2,Male,63.69
6.83,4.25,2.71,2.11,2.56,0.92,2.66,0.73,100.0,7,Female,64.08
6.53,4.49,5.16,4.88,0.73,1.78,1.33,1.98,72.0,8,Female,49.13
7.17,1.89,4.61,0.0,0.75,0.36,1.54,1.28,87.6,8,Male,49.05
6.02,5.19,3.19,2.23,0.6,1.11,4.05,4.42,72.1,1,Male,66.88
5.62,3.82,1.97,2.27,3.7,1.98,3.87,1.17,94.1,4,Female,64.64
5.87,6.39,3.05,1.77,1.39,1.17,4.79,3.74,93.6,10,Male,69.09
6.24,5.39,4.24,1.8,1.92,0.06,2.95,0.97,74.1,8,Male,56.61
5.6,6.26,3.75,2.09,0.59,2.07,3.14,2.24,81.3,10,Male,57.54
7.19,2.98,3.64,1.75,2.27,0.29,2.35,2.45,93.3,8,Male,58.77
7.88,3.94,3.78,2.22,0.08,1.26,2.15,2.13,81.7,1,Female,62.14
5.1,2.64,4.49,1.51,0.72,1.61,3.37,2.07,67.0,10,Female,43.29
7.03,3.44,3.45,4.02,0.91,1.28,3.86,2.78,78.8,9,Male,47.15
6.74,6.38,4.09,1.75,1.68,2.98,3.29,2.38,69.0,7,Male,68.14
7.41,6.73,2.22,2.57,0.87,1.71,1.66,1.84,79.8,1,Female,79.43
6.98,2.78,6.82,1.33,2.72,1.06,2.89,1.39,68.6,10,Male,43.12
5.26,3.81,3.13,2.93,1.9,1.62,1.73,1.85,82.5,9,Female,51.73
5.49,4.39,3.76,2.73,0.95,1.35,2.18,1.84,56.5,9,Male,45.61
7.04,5.38,4.24,2.42,2.3,1.23,4.14,1.82,64.5,3,Female,61.83
8.23,1.86,2.97,0.97,1.19,1.37,1.3,2.07,68.5,10,Male,46.13
4.34,2.1,3.51,1.25,1.03,0.9,4.67,0.73,76.1,1,Female,52.26
7.41,5.23,3.49,3.69,2.22,1.35,3.05,1.08,59.9,6,Male,63.3
8.43,1.58,2.31,1.24,0.0,0.85,2.03,2.75,67.4,8,Female,45.92
6.82,3.83,4.07,2.64,2.09,0.0,2.57,0.0,87.3,3,Female,60.16
7.66,4.74,1.36,1.06,0.93,2.0,1.82,3.08,88.8,10,Female,66.19
6.16,5.12,5.78,3.01,0.93,0.8,1.95,1.5,47.6,6,Male,51.32
6.86,4.29,4.53,1.31,3.07,1.3,2.57,3.5,71.0,2,Male,67.33
5.05,3.95,4.33,1.04,1.08,0.67,2.17,3.1,93.3,10,Female,51.38
4.19,5.77,1.24,1.29,2.26,0.69,1.57,1.71,82.6,2,Male,73.78
8.13,4.93,2.47,1.45,1.72,0.47,2.28,1.8,82.9,10,Female,63.11
5.82,3.53,5.31,2.4,1.81,1.86,1.19,3.43,84.8,10,Male,43.19
6.45,4.56,8.9,2.07,1.3,2.03,1.23,3.15,66.5,10,Female,44.73
5.34,5.07,5.05,0.9,1.26,1.22,1.22,2.88,80.6,4,Male,66.6
5.31,7.08,4.85,1.97,2.72,0.82,4.17,3.03,83.7,5,Female,75.87
6.79,5.68,4.18,0.86,2.24,0.01,2.91,1.02,79.3,8,Male,67.54
6.12,6.32,2.4,2.64,1.1,1.76,3.1,2.18,73.3,9,Female,64.72
7.45,3.58,4.79,2.83,0.66,0.73,2.51,1.31,77.4,3,Female,54.76
7.54,3.71,2.07,1.98,1.03,0.42,3.01,1.0,64.3,5,Male,57.36
7.39,4.15,1.93,2.27,2.29,1.22,3.68,2.15,85.4,4,Female,66.54
7.29,4.28,1.84,3.75,2.44,0.97,2.91,1.63,60.8,7,Female,54.62
8.89,2.99,4.77,1.84,1.94,0.14,4.14,1.85,68.2,8,Male,48.47
5.72,6.4,3.43,1.06,0.21,0.23,2.46,1.55,86.2,5,Male,67.75
6.93,5.83,3.63,2.58,2.1,1.44,3.1,0.87,81.5,9,Female,60.0
8.36,4.04,3.48,0.87,2.54,0.74,3.2,3.53,72.2,4,Female,70.0
8.52,5.46,2.04,1.79,1.64,1.56,1.57,2.14,57.5,8,Male,68.36
5.29,4.83,2.63,1.4,3.08,1.3,2.54,0.7,77.4,5,Female,65.52
6.63,5.58,2.69,1.3,0.44,1.93,0.66,2.16,70.4,2,Male,74.19
8.63,2.48,1.67,1.75,2.05,0.62,2.37,3.37,83.8,4,Male,65.64
7.61,4.28,2.84,2.9,0.68,1.36,2.22,2.86,71.8,9,Female,54.57
7.23,4.41,2.09,3.11,2.35,1.65,2.16,1.53,57.0,5,Male,67.46
6.74,5.44,4.25,2.93,1.99,0.76,2.09,1.55,61.4,8,Female,55.74
6.54,3.56,4.36,2.34,2.94,1.99,3.01,1.14,72.9,7,Male,50.11
7.35,0.75,1.82,1.74,1.9,0.03,1.61,1.33,79.3,5,Male,51.02
6.7,2.88,3.11,0.0,1.18,0.62,4.36,1.41,64.0,3,Female,58.07
6.95,4.41,5.91,2.37,1.11,0.01,3.07,0.68,68.9,8,Male,49.24
7.09,4.6,2.23,0.0,1.3,0.68,1.7,1.6,87.5,7,Female,70.97
6.19,7.03,4.05,0.08,1.09,1.09,3.15,2.31,91.3,4,Female,78.56
7.64,5.37,3.64,1.84,2.58,1.78,3.49,1.63,81.3,1,Female,74.26
10.5,4.62,4.92,2.26,2.52,1.09,2.87,2.2,74.6,4,Female,68.83
4.87,4.45,3.88,1.55,0.3,0.78,1.49,3.46,70.5,1,Female,62.94
7.39,6.16,2.94,3.54,1.53,0.12,4.74,3.65,84.5,8,Male,67.12
6.09,3.61,3.59,2.46,1.55,0.35,3.14,1.94,74.2,3,Female,61.72
7.69,4.29,3.61,1.75,0.87,1.42,1.25,2.79,89.0,4,Male,70.64
7.06,2.87,3.38,3.39,1.85,1.82,2.71,1.85,89.7,3,Female,56.59
7.91,6.63,1.79,3.57,2.67,0.91,2.28,1.56,82.9,10,Female,71.13
8.41,5.09,5.12,2.51,2.21,2.05,2.51,0.99,72.0,9,Male,56.75
7.23,3.44,4.89,1.22,2.58,0.54,1.31,2.08,73.0,10,Female,55.6
8.36,4.33,2.14,1.45,0.93,0.93,2.55,2.98,58.3,8,Male,57.01
4.19,5.26,3.11,0.55,1.53,0.99,1.67,0.85,77.4,2,Female,68.47
8.91,4.12,3.21,1.96,0.89,2.27,2.15,1.74,77.0,7,Male,61.48
7.45,3.7,2.0,0.95,1.69,1.29,2.89,1.7,61.5,5,Male,55.82
8.29,3.52,1.07,1.67,1.76,0.0,2.02,2.22,100.0,8,Female,62.64
5.54,5.01,2.63,2.26,2.27,1.87,2.21,2.24,84.7,7,Female,64.05
6.0,3.96,3.04,0.02,2.55,2.49,3.32,2.48,67.9,7,Female,61.48
7.18,3.82,1.63,0.74,2.05,1.03,1.61,3.71,100.0,7,Female,70.6
6.98,2.5,3.73,1.49,0.81,0.57,1.85,1.22,72.0,9,Female,42.59
7.34,4.62,5.01,1.95,0.42,1.8,1.25,1.17,88.0,9,Female,58.93
8.3,4.23,4.59,1.51,1.92,2.57,1.68,2.22,79.1,6,Female,67.62
4.88,4.02,3.34,1.73,2.7,1.79,2.63,3.31,72.5,1,Male,66.7
8.17,4.8,1.11,1.29,1.48,0.06,3.14,0.68,74.0,1,Female,74.22
7.01,5.62,4.43,0.55,0.28,1.73,1.69,2.3,95.2,1,Male,77.51
6.76,5.55,3.69,1.47,3.17,1.48,3.11,1.82,88.5,9,Male,67.36
5.23,5.33,4.05,1.79,1.89,0.53,2.61,2.77,76.5,5,Female,67.27
7.6,4.14,6.02,1.69,1.64,2.1,1.12,2.57,53.4,5,Female,61.31
4.1,3.65,2.43,2.11,0.57,1.51,2.67,2.04,81.7,3,Female,60.07
7.78,2.93,0.0,2.42,1.51,2.12,3.69,2.44,63.0,10,Female,54.05
5.21,3.61,2.13,2.68,2.05,0.46,0.61,1.41,84.5,3,Male,62.69
7.06,4.53,4.13,1.37,1.9,1.48,4.51,2.72,69.4,9,Female,56.46
6.86,3.32,3.54,0.42,0.96,0.57,1.89,3.25,70.7,7,Male,55.71
8.4,4.64,1.92,3.27,1.45,1.37,0.85,2.09,70.3,4,Male,67.94
6.79,3.05,1.65,2.39,1.01,2.23,2.64,1.63,90.2,7,Male,64.57
6.17,2.01,3.04,1.05,2.83,0.2,3.33,1.87,56.8,10,Female,39.53
6.39,5.73,1.88,2.28,2.22,0.24,2.22,2.71,86.9,1,Male,82.41
8.53,3.79,4.18,3.07,1.08,1.87,2.81,1.96,82.1,1,Female,61.21
7.64,3.24,2.97,3.73,0.57,1.19,4.62,0.92,77.1,2,Male,58.53
6.54,2.86,2.68,2.25,1.72,2.02,2.71,2.86,72.6,7,Male,52.87
6.72,5.13,2.51,3.06,1.11,0.63,5.48,1.12,83.8,6,Male,63.79
5.12,6.56,3.84,0.79,1.17,1.24,3.76,2.38,72.7,7,Male,64.26
7.47,3.9,3.56,1.96,0.59,1.68,2.55,0.32,72.6,5,Female,63.06
4.89,4.18,3.76,1.66,0.69,1.35,2.79,2.1,78.8,9,Male,50.62
7.9,6.11,3.73,2.34,1.63,0.0,2.18,1.94,98.6,5,Male,72.57
7.15,1.78,3.41,3.61,1.29,3.18,2.75,0.23,59.8,5,Male,44.08
9.86,7.45,2.16,2.25,3.5,1.35,3.06,2.3,84.0,5,Female,87.54
5.68,8.17,2.55,1.06,1.98,0.26,2.1,1.01,76.3,3,Female,84.72
6.88,0.44,2.99,0.74,0.58,1.42,1.12,2.08,75.4,10,Male,41.96
9.16,4.35,6.18,3.65,0.27,1.5,3.82,1.63,59.7,1,Male,57.13
8.43,3.42,1.75,2.51,1.82,1.9,3.47,0.67,56.9,1,Male,63.2
6.16,4.1,2.96,2.45,1.18,1.85,1.08,1.06,82.1,5,Female,58.95
7.27,3.87,3.63,1.66,2.57,1.05,2.67,1.13,62.8,7,Female,55.8
7.0,5.72,3.11,2.27,1.73,0.0,3.53,2.88,90.2,5,Male,73.95
7.34,4.33,4.9,1.01,0.0,1.52,3.42,2.75,65.8,8,Male,54.14
6.16,3.13,3.1,2.39,0.68,0.05,1.81,3.98,84.6,4,Male,59.56
6.89,4.24,3.2,0.83,0.96,2.05,3.48,1.54,71.1,3,Male,67.0
5.08,5.27,4.56,1.64,1.85,0.69,2.52,1.51,70.5,7,Male,55.87
7.16,2.72,5.85,1.36,0.66,1.64,2.89,2.12,67.0,3,Male,48.73
7.54,2.03,5.33,0.0,1.62,0.74,1.58,1.68,83.2,6,Male,50.84
6.73,7.49,3.32,1.65,0.43,0.86,0.0,1.48,86.6,7,Male,78.08
5.06,3.54,3.44,1.1,1.5,0.64,1.72,2.05,74.2,2,Male,61.85
8.19,4.29,3.56,1.79,1.8,1.7,3.04,2.63,85.1,3,Male,70.62
7.44,3.9,3.69,2.0,2.67,0.77,2.29,0.1,78.2,1,Male,70.54
6.13,5.32,2.4,3.77,1.7,1.74,3.15,1.49,62.0,3,Female,65.83
6.66,7.16,4.72,2.3,0.85,0.78,3.61,0.74,82.5,9,Male,64.54
5.2,5.37,3.77,2.33,2.69,1.04,2.17,1.86,74.4,1,Male,65.48
5.77,2.22,3.44,2.5,1.35,1.22,2.07,2.39,46.6,8,Female,43.79
6.35,2.42,1.85,2.87,2.12,1.31,0.31,3.01,73.3,2,Male,60.57
8.47,3.9,3.58,2.45,1.01,0.55,0.95,1.61,57.7,5,Male,57.42
6.23,4.1,1.04,2.28,1.57,1.69,1.16,2.1,63.2,1,Female,68.05
7.77,1.92,2.74,2.71,0.86,1.01,3.06,0.49,75.0,5,Male,55.59
6.35,5.73,2.77,0.0,1.76,1.58,2.18,1.23,77.1,10,Female,67.63
7.3,2.87,3.87,4.09,2.14,1.19,1.97,2.19,68.0,2,Female,56.45
6.83,6.74,5.94,3.59,1.1,1.61,1.85,0.78,84.3,4,Female,71.25
8.05,7.23,4.24,2.22,1.06,0.91,1.72,3.11,76.6,3,Female,82.9
6.36,4.13,5.38,0.59,1.79,0.65,3.42,2.47,72.9,8,Male,54.49
5.11,5.16,4.34,3.21,0.84,1.5,2.59,1.19,78.5,9,Male,53.82
5.34,2.65,4.96,1.31,0.29,0.85,3.49,0.67,92.5,3,Male,46.9
6.36,5.44,5.91,2.53,1.78,2.22,0.31,1.35,52.2,2,Male,66.91
5.5,3.75,2.55,0.72,1.41,1.25,3.03,1.19,93.6,9,Female,54.18
7.49,2.87,2.46,4.23,1.4,0.24,2.02,0.9,70.6,2,Female,52.81
6.44,4.07,4.37,0.56,1.92,0.79,2.22,0.73,68.7,9,Male,47.95
9.85,3.8,3.5,2.07,2.03,0.5,3.85,1.79,73.2,6,Female,60.64
4.91,4.01,3.79,0.0,1.37,1.95,2.11,2.66,67.4,8,Male,55.13
7.24,5.92,3.18,1.96,0.6,1.74,2.99,1.36,65.5,9,Female,65.06
5.65,3.32,2.72,1.57,0.99,1.16,1.48,2.4,88.2,7,Male,57.64
6.41,7.1,5.61,3.14,1.97,1.4,2.54,1.71,79.9,4,Female,76.95
7.17,2.51,2.07,1.57,1.61,1.14,0.91,2.55,55.0,4,Female,54.91
4.21,6.92,4.39,3.14,1.06,1.8,2.44,1.29,86.1,7,Female,64.11
7.28,2.98,4.18,0.98,0.87,1.56,2.89,2.25,84.3,6,Female,51.21
9.28,4.5,1.45,1.72,1.99,1.69,3.61,2.11,60.2,10,Female,60.35
6.46,3.76,2.42,1.74,1.32,1.07,1.68,3.23,80.2,8,Female,52.46
7.31,3.98,2.64,2.5,2.1,0.76,1.97,2.5,85.4,9,Female,55.91
8.23,5.7,4.23,2.37,2.2,1.67,1.86,2.23,58.7,4,Male,71.25
6.8,6.75,3.02,2.72,1.25,2.29,2.25,0.68,81.4,5,Female,69.59
6.3,6.29,3.39,2.27,2.26,1.97,1.54,1.53,69.9,9,Female,60.62
4.27,3.89,1.61,2.66,1.61,2.31,0.34,1.28,84.5,3,Male,59.17
7.77,4.78,6.52,1.1,1.71,1.31,1.46,1.26,66.8,9,Male,57.34
6.86,3.33,3.59,2.39,0.0,0.52,2.45,2.01,90.5,6,Male,60.59
5.78,3.01,4.15,3.61,0.72,0.58,2.35,2.22,75.1,5,Male,49.37
7.15,2.78,2.8,0.32,0.77,2.17,3.05,2.25,70.6,10,Female,53.01
6.3,3.84,2.65,2.49,1.25,0.0,3.34,3.14,69.3,3,Female,56.71
6.37,4.87,5.99,2.68,1.59,2.25,2.05,2.44,88.5,7,Male,63.4
7.73,1.63,1.01,3.46,1.62,0.65,0.91,0.89,69.3,4,Male,52.49
5.39,4.43,3.86,2.73,1.73,2.55,2.9,2.18,90.7,10,Male,57.43
8.26,6.77,1.93,2.1,0.95,1.15,2.49,2.53,80.6,6,Female,77.61
5.32,6.18,2.97,2.43,2.05,1.71,2.24,3.14,61.4,6,Female,60.17
6.2,3.62,2.67,1.26,2.95,2.87,3.72,1.86,78.3,4,Male,62.11
9.31,2.4,2.22,1.61,1.22,0.97,2.95,1.87,78.6,1,Male,66.81
8.35,5.19,3.55,0.66,0.97,0.96,2.62,2.97,61.0,10,Female,54.66
7.12,1.02,0.16,3.49,0.95,0.71,2.66,2.16,78.1,5,Female,51.81
5.87,6.17,3.09,2.45,1.57,0.5,3.35,0.56,84.5,7,Male,62.05
6.36,4.18,3.38,1.08,1.08,0.97,1.81,0.37,91.5,10,Female,58.24
7.09,7.25,1.73,2.27,0.12,0.81,1.62,3.66,91.0,4,Male,78.24
7.05,1.91,5.47,3.16,0.33,0.32,2.27,0.46,100.0,1,Female,55.72
6.89,5.88,2.73,2.99,2.32,1.05,1.32,1.85,78.0,8,Female,69.68
6.96,4.35,3.19,1.07,2.53,1.51,2.45,2.79,84.6,7,Male,64.68
6.74,4.0,2.73,0.0,2.78,0.57,2.6,0.41,70.7,7,Female,60.55
5.27,2.45,3.39,2.4,1.68,1.09,2.43,1.03,100.0,4,Female,60.46
6.38,5.39,5.2,1.11,0.71,2.18,2.14,0.88,67.3,10,Male,52.62
8.1,5.51,6.71,2.62,1.15,0.21,4.15,3.62,100.0,5,Female,65.67
5.36,7.18,4.47,2.95,0.31,2.55,3.44,3.82,98.5,1,Male,81.29
6.77,6.01,4.91,3.11,0.28,0.73,2.4,1.34,68.6,6,Male,62.01
6.02,3.61,5.73,3.74,1.7,1.34,2.59,2.52,90.4,8,Female,50.04
7.13,2.99,3.82,3.24,1.93,2.1,3.88,2.28,83.5,5,Female,53.55
6.53,2.45,5.54,3.75,3.07,2.31,1.92,1.75,73.1,5,Male,53.17
8.77,6.71,4.53,3.38,1.43,1.53,1.53,0.54,76.4,10,Female,63.12
7.61,3.33,3.69,3.47,0.41,0.71,2.73,4.08,81.2,6,Female,62.2
5.43,6.72,3.96,1.96,1.4,0.65,2.91,0.37,82.3,4,Female,67.29
7.81,5.29,1.13,0.71,1.27,0.8,2.99,2.19,95.9,4,Male,75.44
6.07,4.99,3.88,4.48,1.11,2.52,3.33,1.42,84.9,8,Female,58.58
6.31,4.04,1.49,2.06,1.77,0.93,1.77,2.91,68.8,8,Female,60.07
7.38,5.49,1.39,3.23,0.53,1.43,1.09,2.76,86.9,1,Female,75.88
6.41,4.48,3.75,1.45,1.6,0.47,1.92,1.12,57.0,8,Male,58.49
8.07,3.95,2.05,2.96,2.02,0.39,3.08,1.29,73.4,4,Female,65.57
6.07,5.54,3.49,0.0,2.64,1.22,1.58,0.6,74.5,2,Male,73.33
6.26,4.28,3.68,1.59,1.75,0.97,0.57,2.18,85.9,2,Female,69.72
6.21,3.3,3.74,1.9,2.33,1.02,2.64,2.64,99.2,9,Male,59.66
6.32,5.4,2.32,2.46,1.14,0.16,1.93,1.6,80.6,3,Female,74.67
8.32,4.4,4.67,3.07,1.26,1.15,0.77,1.78,73.7,6,Female,61.48
7.75,5.23,3.38,0.91,2.58,2.28,2.57,3.72,69.6,6,Female,66.51
9.05,3.82,4.07,2.66,0.4,0.6,2.11,2.84,88.0,5,Male,59.95
9.72,2.69,1.94,3.23,1.18,1.83,4.18,3.21,75.7,4,Female,58.77
5.76,7.1,3.27,4.35,2.4,0.0,2.59,0.0,72.0,1,Male,72.82
7.08,6.82,4.93,2.71,1.33,0.64,3.09,2.49,89.4,1,Male,78.48
5.59,5.83,4.76,1.54,1.27,0.0,2.48,2.23,92.0,5,Female,67.51
6.07,3.92,2.46,0.73,1.29,2.07,1.9,0.87,66.5,9,Female,57.94
6.24,4.05,2.79,3.83,1.59,1.82,2.01,1.06,60.0,9,Female,44.65
5.73,6.57,2.21,2.74,2.37,0.48,3.58,1.8,76.8,7,Male,68.82
5.74,3.97,2.65,1.98,2.24,1.4,3.25,0.79,64.3,3,Female,61.98
6.83,3.55,1.68,0.38,1.51,2.04,1.01,1.28,62.7,10,Male,47.12
5.54,7.31,3.32,1.07,2.37,2.15,1.25,1.58,65.5,4,Male,77.8
8.01,4.43,4.32,2.63,1.77,0.92,1.31,2.52,90.6,9,Female,68.95
5.9,7.15,2.48,2.35,2.19,0.0,3.56,1.36,85.8,2,Female,82.06
10.37,2.4,3.38,0.05,0.68,0.57,0.77,1.6,100.0,6,Male,66.26
6.46,5.28,3.21,2.63,2.89,1.74,3.29,2.92,70.3,3,Male,68.92
7.09,7.61,4.87,0.43,1.68,2.67,2.9,0.41,94.0,5,Male,81.91
5.45,4.54,2.7,3.35,0.0,1.16,2.65,2.2,83.9,8,Male,59.8
9.05,4.1,2.75,2.21,2.83,0.78,2.03,2.35,71.3,10,Female,59.58
8.34,2.75,2.4,1.54,1.5,2.88,3.69,2.38,76.2,1,Male,70.52
7.36,6.12,2.02,2.99,1.18,1.48,2.61,1.55,71.3,5,Male,72.75
5.38,3.34,4.19,2.35,1.02,0.34,1.06,1.04,81.1,1,Male,63.59
7.25,4.36,3.32,3.32,1.85,1.12,1.29,3.37,89.8,6,Female,68.17
5.65,2.65,3.57,2.08,0.79,1.9,0.86,1.23,73.6,10,Male,45.13
8.75,6.84,5.16,2.14,1.04,1.15,3.7,0.99,88.2,4,Male,76.86
7.97,6.23,5.23,1.71,1.06,1.76,3.92,2.02,93.3,4,Female,73.55
7.11,4.45,1.36,2.26,1.27,0.08,3.59,1.33,95.9,3,Female,74.1
4.08,2.77,4.34,3.7,1.09,0.2,2.36,2.95,63.9,9,Male,35.56
5.82,6.8,3.79,1.5,2.18,0.69,1.07,1.76,77.4,9,Female,67.71
7.83,3.95,2.9,2.65,1.72,1.0,1.45,3.06,86.5,9,Female,59.85
8.46,2.84,3.93,1.12,1.81,1.43,1.51,2.4,65.0,3,Female,57.2
8.33,1.86,1.26,0.0,1.99,1.65,2.45,1.65,62.3,3,Male,61.76
5.09,3.53,5.4,2.21,1.43,2.93,3.89,3.0,77.7,2,Male,52.94
7.36,2.32,4.17,2.37,0.68,0.68,3.88,1.41,73.0,2,Male,52.31
8.22,3.57,2.38,1.89,2.94,0.98,2.01,1.71,75.9,8,Male,63.2
5.01,5.62,2.74,0.5,2.24,0.7,0.26,2.48,72.3,6,Male,67.92
6.99,3.94,1.29,2.3,2.79,1.96,1.33,2.2,100.0,9,Male,66.96
7.33,5.03,3.09,2.27,2.33,1.99,3.69,1.39,72.5,7,Male,61.72
6.64,3.41,2.87,1.11,1.13,0.89,2.73,0.62,85.0,10,Male,55.89
4.78,4.6,1.78,0.65,0.0,2.65,2.14,1.98,84.2,1,Male,67.95
6.61,7.38,4.51,1.75,0.52,0.7,2.07,1.35,57.7,7,Male,67.9
6.61,3.98,5.16,2.65,2.01,1.92,1.75,2.03,95.6,2,Female,70.26
6.82,5.08,3.46,2.42,1.42,2.22,1.3,1.62,85.5,4,Female,65.43
6.32,2.15,3.1,1.12,1.16,0.25,4.57,1.35,79.9,5,Female,49.84
6.47,6.78,4.07,2.14,0.0,1.6,4.22,1.76,90.7,6,Male,68.76
6.95,3.78,3.47,2.89,1.49,0.0,1.68,1.93,77.4,3,Male,62.33
7.53,6.08,2.09,0.83,0.63,1.78,0.75,2.63,88.6,2,Male,79.96
6.63,4.32,2.65,2.06,0.92,0.43,2.67,2.38,55.5,2,Female,58.61
6.51,5.42,3.11,3.34,2.18,1.6,2.35,3.88,87.8,3,Male,72.98
7.11,5.51,3.82,0.73,0.68,1.73,3.13,2.13,80.2,7,Female,64.43
4.69,3.82,3.51,3.16,0.75,1.98,3.35,1.39,80.4,9,Female,47.94
7.57,6.14,3.77,3.62,1.65,1.82,1.33,1.85,67.9,4,Male,73.33
7.0,3.36,1.52,1.78,2.2,1.24,3.78,2.51,75.4,9,Male,51.91
7.05,5.67,4.36,1.66,1.18,0.93,2.15,2.9,75.0,9,Female,61.39
8.15,3.91,3.5,3.03,2.67,1.15,3.11,3.21,64.3,3,Female,62.46
4.66,5.02,6.82,1.81,0.48,0.42,2.24,1.08,82.3,2,Female,58.81
4.63,3.81,3.0,0.0,0.34,1.05,3.42,3.15,96.9,4,Male,60.74
7.33,4.57,3.92,1.9,0.27,1.0,0.14,1.96,60.9,2,Male,61.05
6.99,2.89,7.18,2.47,0.18,0.65,3.24,1.17,83.9,10,Female,41.59
7.2,4.87,3.75,2.74,1.77,0.0,1.67,1.82,73.0,9,Male,65.51
6.45,4.57,3.41,1.12,0.72,0.31,2.57,3.09,71.6,4,Female,62.53
7.8,3.69,2.22,1.73,0.37,0.0,3.74,2.41,78.9,6,Male,57.68
8.12,4.42,5.49,2.98,1.8,0.98,1.7,0.91,79.1,4,Male,60.87
7.58,4.7,1.99,1.94,2.16,1.45,1.54,0.92,80.2,1,Male,78.46
6.69,3.58,4.06,0.47,2.34,0.0,2.13,0.89,64.4,3,Female,57.23
4.47,4.31,2.88,3.24,2.2,1.37,2.06,1.34,91.1,1,Male,70.55
7.92,2.99,3.25,1.79,0.77,1.11,1.45,2.07,79.0,5,Male,54.43
8.47,8.02,1.65,3.09,1.72,0.38,2.61,0.99,85.1,5,Male,85.67
7.77,6.09,5.25,0.6,1.9,0.9,2.66,1.61,92.6,4,Female,77.39
5.94,4.91,3.14,1.88,1.12,1.94,2.96,3.26,54.9,7,Male,59.39
7.81,6.26,1.92,2.51,1.63,0.52,1.68,3.46,85.6,8,Female,75.42
8.03,1.53,5.13,1.91,0.5,1.26,1.56,3.4,76.0,6,Female,48.34
8.87,0.66,2.84,0.82,1.0,1.44,2.38,0.38,90.2,4,Male,58.43
5.95,3.9,3.93,0.0,1.8,0.62,2.25,3.51,68.4,4,Female,57.9
6.73,2.43,4.59,3.52,2.71,1.91,2.27,2.08,89.2,5,Male,53.07
7.9,4.15,4.12,2.25,2.42,1.48,1.79,2.07,65.3,8,Female,56.63
7.07,4.81,0.64,3.17,2.03,1.02,2.83,2.93,82.8,4,Male,76.28
5.66,5.88,4.4,2.93,1.56,2.85,1.56,2.63,81.4,8,Female,64.83
7.5,2.79,3.37,2.6,1.44,1.91,2.38,0.32,76.1,4,Female,59.32
7.69,5.1,3.07,1.68,0.34,0.02,2.19,1.45,65.6,6,Male,61.82
7.11,4.52,3.36,2.49,0.83,0.93,2.47,1.67,73.6,3,Male,66.71
7.26,5.02,1.41,3.43,0.86,2.93,3.69,0.8,89.1,1,Male,71.41
6.69,3.72,3.75,2.08,1.96,0.51,1.19,2.9,95.9,5,Male,62.67
8.77,6.57,1.73,3.9,2.26,1.25,0.11,3.3,100.0,8,Female,80.15
5.92,4.34,3.13,0.5,2.09,2.06,1.91,1.99,84.3,5,Female,65.05
6.3,7.16,3.7,0.39,2.45,1.66,1.35,2.27,81.0,8,Male,73.88
7.01,3.31,4.9,2.99,1.56,1.76,0.0,1.99,83.4,1,Male,65.16
8.05,5.61,2.43,1.18,0.71,1.72,4.25,2.09,100.0,1,Female,82.8
5.2,4.41,5.39,4.04,1.46,1.22,3.06,3.01,84.2,10,Male,51.83
5.43,4.01,4.73,3.34,0.92,0.65,3.17,0.41,79.0,6,Female,45.2
4.55,5.45,2.94,3.59,2.03,1.5,2.21,2.44,74.7,4,Male,68.71
7.04,4.05,2.06,2.88,1.21,0.92,2.92,2.01,76.1,7,Female,57.27
5.66,0.51,1.62,1.08,1.42,0.86,2.08,1.36,82.6,8,Female,47.09
6.54,0.0,3.85,0.34,2.05,2.24,3.31,1.55,69.0,9,Male,35.95
7.79,6.41,2.54,3.5,0.91,0.93,2.69,3.65,70.5,10,Female,65.96
6.23,6.35,5.06,0.5,2.27,2.39,2.46,0.81,77.2,4,Male,69.46
7.28,7.33,2.62,3.58,0.42,1.38,2.54,1.85,72.6,1,Male,76.57
6.64,4.47,2.33,2.67,1.75,1.09,3.97,3.47,85.2,5,Female,67.32
7.81,2.56,3.8,1.92,1.43,0.0,2.67,0.86,86.1,2,Female,52.65
7.57,3.87,2.61,2.44,2.16,2.68,1.47,1.59,81.2,6,Female,61.39
6.17,4.52,3.51,2.47,0.4,1.2,2.84,2.04,83.9,2,Female,67.5
6.8,2.99,4.78,1.8,0.28,0.0,2.99,2.37,79.4,7,Male,47.88
8.25,6.97,3.65,3.43,2.1,1.89,2.36,1.93,40.0,9,Male,61.34
7.47,7.86,3.66,3.39,1.19,1.16,2.45,1.19,67.5,3,Male,82.41
5.32,5.22,3.77,2.16,1.43,0.55,1.43,2.4,86.5,6,Male,68.77
7.79,4.48,1.3,1.4,0.97,1.85,2.6,1.91,67.9,10,Male,60.27
5.7,2.56,4.01,3.31,2.23,0.0,1.29,2.56,88.3,4,Female,58.01
8.7,6.82,3.71,0.0,1.74,0.7,2.25,2.83,88.9,8,Male,82.27
8.23,4.61,4.66,2.44,1.69,0.99,1.83,0.66,74.8,1,Male,69.11
7.35,4.07,4.29,2.74,0.56,1.8,3.48,2.93,70.9,7,Female,53.6
7.19,5.22,3.24,1.17,1.9,2.77,4.05,1.77,78.1,1,Female,75.69
6.75,3.62,4.84,2.97,0.71,1.03,1.36,2.74,77.5,1,Female,57.01
7.81,4.72,3.12,1.97,0.97,1.52,2.5,2.44,85.5,6,Female,68.47
6.56,2.34,3.82,1.45,0.41,3.12,2.19,3.67,49.9,9,Male,41.88
7.28,6.13,3.1,2.96,1.37,1.2,2.96,2.01,69.2,8,Male,65.03
8.05,4.34,4.1,0.91,2.35,1.53,2.6,1.64,65.9,5,Female,64.3
6.33,6.24,3.01,2.87,1.68,0.33,2.11,1.54,47.8,4,Female,62.68
6.26,4.2,5.64,0.02,1.15,2.57,2.59,1.07,72.1,5,Female,58.4
5.57,4.3,6.12,2.29,1.59,0.7,2.29,2.73,60.0,3,Female,50.7
5.72,2.68,4.64,2.04,1.58,1.39,4.09,1.01,73.4,1,Male,53.25
4.81,5.64,5.5,1.46,1.55,1.37,1.71,2.72,72.1,9,Male,52.73
7.88,3.19,1.5,2.39,1.64,1.26,2.76,1.8,83.4,6,Female,59.66
9.17,3.77,1.65,1.92,0.67,0.9,3.01,0.41,75.0,9,Female,52.82
8.71,4.5,3.08,3.05,1.59,1.37,2.94,3.34,57.7,6,Male,60.61
5.05,4.68,3.55,2.56,0.1,2.43,2.2,0.0,82.2,4,Female,61.9
7.87,1.94,3.24,2.45,1.96,2.8,3.87,1.93,100.0,1,Female,65.54
8.71,4.15,1.37,2.29,0.62,1.08,0.41,2.21,90.9,8,Male,70.19
6.45,5.69,5.0,1.53,2.44,0.89,1.41,0.0,86.2,7,Male,62.92
7.12,3.93,6.3,1.7,0.0,0.63,3.16,2.4,75.7,9,Male,46.63
4.59,4.16,5.17,2.25,2.84,3.08,1.62,1.4,72.1,3,Male,62.31
7.32,4.74,4.91,1.83,0.19,1.29,1.56,1.78,71.3,4,Female,61.76
5.72,4.31,3.79,3.11,0.54,1.98,2.03,3.21,80.9,3,Female,62.64
7.24,2.95,2.4,2.09,1.74,1.69,1.71,2.13,64.4,2,Male,67.78
5.13,4.45,3.59,2.38,1.99,2.75,3.14,1.68,80.6,9,Female,54.81
7.65,5.99,6.24,0.6,1.27,1.03,3.4,1.85,70.0,4,Male,66.16
8.23,2.92,3.04,2.94,2.21,0.43,2.59,3.6,57.4,1,Female,58.52
6.06,3.94,2.91,1.42,0.86,2.5,3.55,2.36,69.9,1,Female,64.01
5.64,2.43,4.94,0.96,1.18,1.83,1.11,1.2,93.0,4,Female,58.15
4.41,5.91,5.03,3.65,1.26,1.52,2.58,1.56,79.7,1,Male,67.88
6.68,4.36,2.4,2.7,1.07,2.27,3.85,0.93,40.0,9,Female,53.43
6.3,3.22,3.16,2.98,0.0,1.56,3.48,1.59,69.9,9,Female,47.17
5.14,4.64,2.85,2.45,1.48,2.3,3.94,3.45,88.8,10,Female,50.68
7.54,2.69,3.59,1.91,1.41,1.37,1.91,1.85,74.4,9,Female,52.23
6.46,2.95,4.93,1.72,2.36,1.83,3.42,0.8,84.3,1,Female,61.42
5.71,2.31,2.45,2.78,0.47,1.57,2.07,2.39,73.3,7,Male,47.58
6.33,2.9,4.92,3.13,0.99,0.97,3.1,1.65,80.2,9,Male,48.22
8.29,6.54,3.63,1.93,2.46,1.06,3.81,2.51,78.4,9,Male,69.77
7.72,3.4,6.52,4.07,1.73,0.92,1.71,1.78,70.2,5,Male,53.21
6.84,5.2,3.91,1.8,1.94,1.39,0.64,3.3,84.9,10,Female,59.76
7.74,3.25,3.37,0.61,1.86,0.88,4.35,1.18,96.4,2,Male,63.74
5.61,5.64,4.25,0.28,1.87,1.51,2.99,0.95,82.6,7,Male,63.24
7.04,2.96,3.06,0.31,2.96,1.48,2.39,2.84,79.2,3,Female,64.45
7.18,4.56,1.17,1.59,1.57,1.34,2.34,0.2,67.9,10,Male,60.75
6.44,4.58,3.19,1.77,0.69,1.36,0.4,1.85,89.3,9,Male,57.31
7.52,7.99,3.17,2.68,2.01,0.8,2.71,2.72,71.9,10,Female,77.03
6.06,5.45,1.43,1.97,1.05,1.0,1.97,0.03,84.7,1,Female,72.63
7.61,3.61,3.41,2.84,1.41,0.03,2.55,2.06,87.1,3,Male,63.41
7.66,5.53,0.81,2.04,1.8,1.12,2.53,0.65,89.9,4,Female,77.82
3.5,7.71,3.05,2.01,0.84,0.51,0.0,0.34,90.1,10,Female,67.42
8.43,2.06,3.82,1.42,1.09,1.27,2.99,1.04,89.6,7,Male,55.1
3.34,3.24,3.63,3.42,1.88,0.7,2.69,1.83,62.9,10,Female,45.12
6.26,4.14,2.97,0.47,1.06,0.0,2.82,1.36,67.7,9,Male,51.73
8.23,3.87,3.39,2.3,2.28,2.78,2.32,3.0,61.5,3,Female,66.66
6.62,4.0,2.48,1.82,0.71,1.04,2.55,2.07,60.7,2,Female,62.0
5.24,2.54,3.51,2.78,0.71,2.21,2.67,1.56,96.3,7,Male,53.46
5.69,6.61,3.58,1.98,3.02,0.83,2.77,0.82,66.2,8,Male,66.43
8.23,2.37,2.33,2.01,0.28,2.39,2.98,2.2,64.5,3,Male,58.34
4.69,4.2,3.85,1.73,1.48,0.39,2.78,3.85,77.3,7,Female,50.23
8.35,6.07,3.84,3.39,2.98,1.32,4.35,1.37,69.0,4,Female,70.64
6.93,4.45,3.28,2.0,1.48,0.44,1.77,1.47,100.0,8,Female,60.6
5.57,3.03,6.65,3.97,2.58,3.02,2.13,1.05,74.7,7,Male,44.68
6.3,2.48,3.32,2.27,2.02,1.03,4.19,3.07,83.3,7,Female,49.12
5.78,4.16,3.14,2.02,1.49,1.78,2.35,2.83,68.6,1,Female,63.64
8.04,3.36,2.95,1.85,1.4,1.52,3.43,1.6,58.1,9,Male,50.32
7.88,4.81,2.24,2.56,0.0,1.18,2.64,1.46,69.3,7,Male,60.23
4.94,2.4,4.39,1.41,1.24,1.56,2.27,1.15,69.4,3,Male,49.19
6.52,5.72,2.61,2.15,1.69,2.15,3.49,1.74,69.3,5,Male,65.71
5.96,4.67,2.76,2.01,1.69,1.67,3.02,2.92,58.8,3,Male,63.64
8.55,4.78,2.8,2.33,3.47,1.31,0.97,2.04,79.6,2,Male,74.78
5.38,6.66,2.22,2.35,1.72,1.56,2.67,3.16,74.0,5,Female,70.7
8.93,3.84,1.22,2.4,2.0,2.54,1.5,1.35,59.5,7,Male,63.48
6.96,3.41,2.9,2.09,2.43,0.91,3.77,0.0,79.3,8,Male,47.71
5.61,3.68,4.64,3.57,1.93,0.0,4.25,4.34,87.1,10,Female,54.96
6.19,4.21,3.76,2.42,1.43,0.43,4.37,2.19,92.4,7,Female,59.67
6.04,4.36,5.53,4.61,1.44,0.48,2.86,2.7,49.0,1,Male,55.01
5.47,3.25,4.48,2.05,1.22,0.58,2.04,1.29,69.2,4,Female,50.5
7.11,1.47,4.18,2.96,1.86,0.61,2.82,0.77,61.6,5,Male,44.15
5.53,3.66,5.95,1.27,1.36,1.18,1.56,2.14,70.2,10,Male,41.9
4.38,5.04,3.37,3.4,2.0,1.37,4.85,0.21,94.7,2,Male,67.3
6.54,4.7,3.58,1.3,0.69,1.37,3.69,1.76,69.3,9,Male,50.41
4.84,6.3,3.49,2.46,1.62,0.69,2.8,2.92,72.3,3,Male,65.21
6.1,7.43,5.51,1.74,2.74,1.9,3.5,2.4,68.1,7,Female,67.31
5.91,5.64,3.5,2.45,1.32,1.57,2.01,2.23,97.5,5,Female,74.87
5.95,6.57,2.66,1.77,2.97,2.31,1.39,3.57,50.4,10,Male,61.45
9.4,5.65,4.26,1.21,1.63,1.79,0.29,2.34,71.3,3,Male,77.93
7.07,7.06,2.44,1.73,1.45,0.96,2.58,0.29,67.6,5,Male,68.64
7.29,7.28,4.19,3.54,1.59,2.11,2.29,1.87,57.3,7,Female,68.12
4.87,5.93,4.04,2.47,1.25,1.39,3.02,3.73,91.2,2,Female,76.69
6.22,5.56,3.25,0.71,0.0,1.76,2.51,1.72,56.4,3,Male,67.06
7.26,4.19,4.24,3.1,2.2,1.7,2.97,3.68,72.5,8,Female,51.01
5.77,4.44,1.57,1.11,3.25,1.11,3.31,2.92,77.1,8,Male,63.38
8.09,3.99,3.71,2.74,1.88,1.27,1.04,1.63,69.0,7,Female,57.71
5.56,5.43,2.9,2.55,1.93,1.11,3.37,1.03,57.2,2,Male,68.73
6.66,3.42,7.22,2.62,1.35,0.6,2.09,2.31,76.0,3,Female,52.9
6.3,4.21,3.7,3.85,2.43,0.0,3.02,3.14,68.9,10,Female,46.07
7.2,0.97,2.72,1.17,1.47,0.71,3.52,0.58,87.7,10,Female,43.06
6.23,7.08,1.71,2.61,1.71,1.34,3.53,2.11,84.2,5,Female,75.49
6.67,4.17,5.2,3.26,0.25,1.96,2.63,0.16,100.0,6,Male,52.03
6.72,5.18,3.04,1.36,1.08,1.76,2.68,1.69,79.3,1,Male,72.9
6.12,6.69,2.47,1.25,1.79,1.0,3.39,0.51,85.1,7,Female,72.19
7.58,4.95,3.94,1.71,2.23,0.72,1.0,2.51,73.7,1,Female,74.17
7.29,6.67,4.34,2.32,2.25,1.07,1.55,1.38,98.5,1,Female,86.27
6.89,2.64,4.32,0.59,0.24,0.52,2.22,3.04,78.1,6,Female,51.31
6.48,8.1,3.53,2.55,0.32,0.0,1.17,1.51,76.8,9,Male,66.04
7.96,6.13,3.71,0.59,1.97,0.12,2.23,1.43,84.5,10,Female,65.76
6.72,4.81,3.8,3.29,0.9,2.16,2.17,0.55,70.3,5,Female,60.52
6.63,6.64,3.94,2.51,2.22,2.5,2.59,2.35,72.0,6,Male,74.5
7.13,2.75,4.05,3.91,0.2,1.73,2.44,2.44,84.5,6,Male,51.6
9.04,4.07,4.92,2.67,1.42,1.16,3.57,2.85,86.8,5,Male,63.64
5.39,6.67,3.57,1.7,1.47,0.22,3.07,2.59,85.2,8,Male,66.19
7.92,1.7,2.44,1.2,1.88,1.09,2.43,2.36,77.0,8,Female,51.73
4.73,5.34,3.31,2.24,0.68,1.63,2.17,2.54,81.2,5,Female,68.81
7.26,5.3,4.48,1.97,0.0,1.78,2.45,2.63,89.5,3,Female,69.84
8.89,7.45,1.18,3.19,1.64,1.68,2.47,2.82,64.9,9,Female,75.52
7.59,2.13,1.19,1.07,1.92,2.05,5.02,0.63,78.0,7,Female,55.64
7.2,6.91,4.69,4.02,2.31,2.56,1.04,1.58,43.1,5,Female,64.87
6.33,3.66,5.48,3.27,1.21,0.92,1.57,0.54,86.9,3,Male,53.14
7.04,3.83,1.86,1.8,2.12,3.16,1.43,2.3,68.6,5,Male,60.29
6.7,2.67,3.63,3.8,1.89,0.0,2.77,3.47,68.9,9,Female,43.0
6.06,2.87,2.98,1.22,2.56,0.66,2.73,2.81,76.5,4,Male,61.99
6.65,5.11,3.16,2.21,1.46,1.34,1.93,1.45,85.4,9,Male,65.4
7.24,2.83,3.9,0.72,0.12,1.58,3.4,2.45,100.0,3,Female,59.51
6.08,5.61,1.82,3.85,1.45,1.07,2.87,2.31,59.4,2,Female,67.59
6.03,3.51,2.06,0.35,1.57,0.85,3.44,2.21,67.8,1,Male,65.03
5.37,2.68,3.11,0.56,1.91,2.74,3.7,0.83,80.7,2,Female,57.96
7.47,3.71,3.31,1.37,0.27,0.82,0.37,3.18,69.3,3,Female,66.64
7.65,5.01,2.04,3.32,1.25,0.49,3.19,0.94,88.0,8,Female,66.4
7.28,4.08,4.53,2.95,2.19,2.38,1.21,1.67,76.0,6,Female,61.35
8.16,4.55,2.96,2.12,1.42,1.79,2.75,2.86,88.6,7,Male,67.18
7.11,5.54,2.95,3.02,1.26,1.97,2.43,1.66,75.0,1,Female,69.33
7.47,6.12,3.87,1.88,3.03,1.34,2.47,2.07,84.5,7,Female,76.24
7.36,4.03,3.33,2.42,0.64,0.24,1.3,2.11,66.5,7,Male,57.37
6.89,2.93,4.59,3.65,2.49,1.26,3.53,2.06,100.0,6,Female,57.67
6.36,4.61,2.29,1.75,2.32,0.14,1.21,2.1,57.6,7,Female,57.38
9.66,5.21,1.68,1.23,1.32,1.37,3.25,2.19,69.5,2,Female,76.5
6.46,2.31,3.1,2.47,1.47,1.66,1.07,2.07,61.0,5,Female,52.05
6.2,3.16,3.58,2.74,1.47,1.95,2.48,1.19,87.6,8,Male,56.12
7.52,3.42,1.89,2.11,1.65,1.14,4.3,0.6,84.5,2,Male,71.46
7.3,4.19,1.7,3.0,1.02,1.72,4.86,2.9,63.4,2,Male,62.97
5.31,3.36,3.74,1.8,1.16,0.57,0.88,2.94,90.0,8,Male,53.0
8.35,5.56,2.51,2.13,1.22,1.88,1.8,2.3,69.6,6,Male,64.46
6.89,2.09,1.61,2.37,1.24,1.67,1.98,2.3,82.6,3,Female,52.59
5.67,2.13,4.75,2.29,1.25,0.64,4.76,1.18,85.5,4,Male,49.74
8.43,4.0,2.68,3.61,0.0,1.57,2.43,0.0,75.1,9,Female,52.48
7.75,4.24,4.99,2.37,1.58,1.96,3.57,1.78,88.9,4,Male,59.1
5.48,2.32,3.54,1.7,1.08,1.26,2.8,0.29,76.3,4,Male,47.34
9.13,3.59,3.88,2.53,0.01,0.62,1.3,2.17,82.1,9,Male,56.83
7.79,3.9,3.23,3.01,1.22,1.32,0.64,3.17,74.7,3,Male,66.49
6.99,3.91,0.05,2.77,1.2,1.59,1.89,1.45,55.6,5,Male,56.91
8.91,4.73,2.02,2.72,2.52,0.62,4.82,1.5,76.5,4,Female,74.35
7.19,3.51,3.34,0.5,1.07,0.49,2.76,1.09,67.5,5,Male,55.75
6.97,6.72,3.97,0.0,2.03,1.57,3.55,2.04,94.7,3,Female,82.69
6.21,5.23,1.17,3.28,2.61,1.78,1.08,1.97,61.6,9,Male,62.04
7.7,3.29,3.43,2.44,1.0,2.7,2.17,1.08,92.7,2,Male,66.75
7.57,4.64,2.04,1.98,1.46,1.67,3.28,2.82,75.9,6,Female,63.8
7.02,4.69,3.81,2.69,2.88,0.35,1.41,4.43,82.9,7,Male,64.35
6.05,6.32,3.47,3.93,1.68,2.63,2.44,3.07,61.4,9,Male,61.78
7.16,3.6,4.47,3.41,1.8,1.94,1.62,1.9,74.3,1,Male,62.59
6.92,5.65,4.89,2.96,1.17,0.0,3.33,1.89,70.0,9,Female,56.35
5.4,4.56,4.1,1.11,2.05,0.48,2.9,1.54,100.0,3,Male,70.93
5.23,6.74,4.62,1.24,1.47,0.86,3.18,1.52,69.7,7,Male,62.59
7.68,6.44,3.04,0.0,0.03,1.79,3.37,2.86,91.8,1,Female,85.59
3.88,4.8,7.17,2.63,1.22,0.0,2.27,2.9,92.0,2,Female,57.45
7.25,4.11,1.92,3.11,0.55,1.12,3.5,0.95,91.7,6,Female,66.78
6.43,5.26,2.81,3.19,1.59,1.75,1.91,2.33,70.9,2,Male,65.81
8.57,4.23,4.67,2.68,0.77,0.0,3.13,3.0,99.7,5,Female,68.93
6.41,7.02,4.48,1.85,1.88,1.72,0.53,1.68,100.0,5,Female,77.39
7.79,4.62,4.13,1.44,1.54,1.81,1.75,1.81,82.4,5,Male,73.22
6.52,3.89,4.38,1.17,0.5,0.61,4.82,2.63,72.4,1,Female,62.33
7.14,3.81,0.79,1.84,1.11,0.39,3.11,2.65,67.7,8,Female,60.48
7.88,2.68,5.57,1.02,2.0,0.6,3.11,2.39,83.7,4,Male,56.92
6.44,5.33,3.23,3.76,2.42,0.0,1.68,2.23,78.8,8,Male,63.57
8.2,3.27,5.12,0.7,0.78,0.97,1.41,2.35,80.2,3,Male,64.02
5.81,6.15,0.86,1.8,0.62,1.35,2.24,1.75,61.8,3,Female,71.75
7.35,2.56,3.83,0.06,3.06,0.35,2.43,0.99,78.4,1,Female,66.27
8.11,4.69,2.77,2.3,1.49,1.88,4.41,0.6,91.7,9,Male,54.05
7.79,6.23,4.24,2.0,1.57,1.27,3.52,2.54,87.8,4,Male,73.28
9.3,1.27,3.91,1.64,0.91,1.38,2.61,2.1,73.0,2,Male,55.96
6.08,7.53,3.98,1.07,1.67,0.92,2.57,2.41,76.7,3,Male,80.13
5.35,3.86,2.12,2.0,2.87,1.72,3.26,1.25,60.4,2,Female,65.04
5.81,4.71,3.43,1.46,1.7,2.1,1.18,2.09,70.0,2,Male,66.89
7.79,5.36,3.27,1.86,2.35,0.91,0.58,2.07,73.9,1,Male,75.65
7.6,5.59,4.14,3.96,1.52,1.73,3.24,3.15,85.6,8,Male,66.88
7.12,4.91,4.79,2.17,0.68,1.74,2.57,2.77,69.5,6,Male,63.24
5.65,6.0,3.7,2.53,0.95,1.49,1.19,1.33,65.6,10,Female,59.36
7.92,5.28,1.84,1.54,0.61,2.37,0.41,2.45,87.1,10,Female,67.88
5.53,7.14,3.64,1.22,1.67,0.69,3.39,1.33,72.9,7,Female,75.9
8.39,5.28,6.89,1.98,2.48,0.9,1.98,0.0,67.9,6,Male,61.64
10.43,7.45,5.64,4.5,1.63,0.66,2.9,3.55,87.7,10,Female,73.13
7.44,5.85,0.0,1.71,1.25,1.71,2.24,1.66,83.5,10,Male,75.79
7.7,1.79,3.58,2.36,0.87,1.01,2.47,2.94,75.5,2,Male,59.76
6.41,8.42,4.71,1.17,1.78,0.71,1.91,1.4,73.8,6,Female,79.08
4.83,3.64,3.26,0.0,0.51,2.36,2.42,1.27,82.6,8,Male,51.55
6.28,6.74,2.9,1.21,0.59,2.47,3.08,1.51,84.5,9,Male,69.6
5.69,4.54,3.15,4.38,2.22,0.97,2.22,2.23,80.5,5,Male,62.26
5.26,6.09,4.22,2.6,1.28,0.24,2.17,2.16,79.4,7,Female,67.76
9.07,3.47,2.01,3.64,1.26,2.5,3.11,2.45,70.7,5,Male,71.42
7.33,5.44,5.05,1.65,1.36,1.53,3.17,1.55,71.4,7,Female,60.07
7.46,4.12,3.43,0.0,2.08,1.49,1.36,2.04,75.9,7,Male,66.24
6.63,6.87,2.28,0.89,1.63,1.27,2.47,1.24,66.5,6,Male,71.01
6.79,5.16,4.96,2.4,0.91,0.64,1.98,3.32,65.1,8,Female,55.76
8.16,5.9,1.49,2.24,0.93,0.91,2.51,0.82,76.9,1,Female,77.02
6.96,1.25,2.78,1.99,1.34,1.67,3.93,1.26,89.9,1,Female,61.97
7.64,4.37,2.76,1.47,1.74,0.89,2.86,1.62,53.1,9,Male,56.03
6.76,5.12,6.29,2.94,1.47,1.5,4.66,4.15,73.3,4,Female,61.54
6.59,4.84,2.61,1.5,1.4,1.21,2.72,2.69,81.3,4,Female,68.82
5.31,5.94,0.7,2.31,1.54,0.46,2.33,1.23,90.9,8,Female,69.91
4.63,3.95,2.74,2.2,1.47,2.33,2.48,2.74,99.6,6,Female,62.91
6.69,4.57,4.09,1.63,0.88,1.62,2.64,2.46,74.9,6,Male,58.47
7.07,6.27,4.52,1.12,2.39,1.43,2.82,2.25,100.0,10,Female,65.06
5.46,1.08,6.46,1.57,1.11,1.59,1.51,2.63,83.5,4,Male,39.9
6.96,5.38,5.33,3.87,1.6,0.0,2.27,2.05,87.8,3,Female,61.92
7.06,4.0,3.74,3.11,0.0,0.85,1.78,2.15,65.2,1,Female,61.66
4.41,3.13,2.34,3.02,1.33,0.13,3.53,0.6,83.4,10,Male,42.44
5.9,5.0,5.61,1.21,0.62,1.29,0.57,3.3,88.8,1,Male,72.29
7.49,6.34,3.02,0.56,0.72,1.43,2.66,1.6,69.7,5,Male,73.4
7.46,6.06,2.64,3.1,3.44,1.3,0.98,0.89,46.7,5,Male,63.73
5.62,4.3,2.96,2.9,1.7,2.03,2.93,1.55,79.8,10,Male,52.57
7.19,5.81,1.87,2.14,2.48,0.15,2.1,1.58,75.4,5,Female,66.71
8.23,5.8,2.9,1.63,2.18,0.64,0.68,1.28,94.1,1,Male,80.43
7.93,4.37,3.2,0.54,2.29,1.49,3.44,2.7,71.5,3,Male,68.5
6.89,3.46,4.45,2.87,1.34,1.38,0.0,2.88,69.5,6,Female,52.13
6.44,3.55,3.0,3.19,2.79,0.28,2.47,0.24,63.9,8,Male,56.35
6.24,5.76,1.85,1.32,2.18,2.04,3.19,1.54,70.4,1,Female,78.94
7.56,4.44,1.42,1.24,1.53,2.28,3.88,1.6,100.0,8,Male,68.19
7.23,2.93,3.77,3.24,1.71,1.5,0.89,1.85,59.0,2,Female,61.13
7.76,1.97,3.59,1.36,1.39,0.14,1.98,3.54,62.0,2,Female,52.55
7.16,5.75,2.78,3.78,1.54,1.31,3.58,1.27,77.3,2,Male,71.35
7.98,3.68,2.89,1.89,1.47,1.44,3.65,3.41,100.0,2,Male,74.35
7.11,5.0,4.01,1.61,1.81,1.01,3.78,1.87,86.9,7,Male,61.04
7.94,6.36,5.31,2.05,2.89,2.14,5.06,3.41,96.6,9,Male,72.89
8.04,2.54,2.49,1.61,0.54,1.12,1.99,1.72,73.4,1,Male,63.39
6.03,4.43,3.62,3.13,2.41,2.67,2.87,1.61,61.3,10,Female,53.44
4.83,4.24,4.75,2.89,1.21,1.75,2.15,1.98,72.6,3,Female,62.25
8.85,5.07,2.49,3.09,2.52,1.39,0.52,3.16,76.5,10,Male,67.66
7.31,6.36,3.48,2.18,1.23,1.84,2.41,2.14,78.1,9,Female,67.63
4.94,2.51,3.45,1.54,1.83,2.27,0.51,2.19,75.4,7,Male,46.16
6.14,5.35,1.8,1.99,1.37,1.83,1.98,2.57,85.1,5,Male,71.78
7.93,6.05,3.72,1.57,0.12,1.15,1.03,1.21,69.5,10,Male,61.02
6.66,4.22,3.54,3.47,2.89,0.74,2.94,2.3,66.9,5,Male,58.97
6.39,4.29,4.22,3.0,0.75,0.41,1.72,1.43,63.5,2,Male,57.69
8.68,5.13,1.96,1.91,1.57,0.0,0.71,3.32,80.5,4,Male,76.7
5.74,5.02,3.51,1.07,0.66,1.32,3.37,2.38,79.3,2,Male,64.92
6.04,5.37,5.3,3.54,0.43,0.93,1.9,2.62,91.1,3,Female,65.93
7.25,5.34,6.2,2.14,1.34,0.97,2.07,0.16,96.6,1,Female,68.72
7.47,3.03,5.16,1.87,1.03,1.92,1.52,2.64,63.5,5,Female,48.06
7.6,5.99,1.97,3.55,0.56,1.12,3.65,1.84,78.3,6,Male,68.08
8.09,6.25,4.09,1.49,1.47,2.53,2.77,0.71,75.5,6,Female,73.23
7.24,4.78,2.87,1.68,0.31,0.8,1.89,2.09,59.6,3,Male,62.25
7.59,2.26,3.87,1.77,1.6,0.52,0.59,0.63,71.7,3,Male,56.34
6.69,4.33,2.5,0.68,1.4,0.32,5.01,2.55,96.8,6,Male,64.77
7.08,4.79,1.27,2.32,0.0,1.71,4.48,3.29,70.4,4,Male,63.39
7.13,2.78,3.05,1.24,1.08,2.01,3.94,0.39,68.4,1,Male,61.72
7.26,3.96,4.44,1.43,1.87,0.78,1.8,1.97,77.4,8,Female,55.16
7.93,2.39,3.87,1.3,0.65,0.46,2.0,1.85,88.9,6,Female,56.32
7.67,5.41,4.02,1.41,1.91,2.27,2.9,0.21,74.3,2,Male,68.83
7.05,4.75,3.78,1.16,1.85,0.18,1.61,2.82,79.5,9,Female,60.97
6.03,2.03,4.03,2.25,0.69,1.91,1.51,2.56,50.6,3,Male,48.81
7.08,5.03,4.19,1.84,1.49,0.8,3.96,3.82,84.9,8,Male,63.06
6.97,4.42,3.14,2.05,2.16,1.48,2.44,2.45,80.7,1,Male,74.02
7.23,5.27,3.61,4.35,0.8,1.95,1.38,1.21,88.6,4,Male,70.17
9.65,3.91,5.77,1.84,1.34,1.53,3.45,2.46,55.6,3,Male,61.61
6.37,3.3,3.68,2.6,2.42,0.99,1.93,3.16,74.4,1,Male,65.38
7.51,3.34,3.56,2.72,0.81,2.18,0.52,1.58,89.6,5,Male,60.61
8.28,3.69,3.63,1.94,1.87,1.4,1.37,2.77,71.3,3,Female,67.16
7.12,4.53,3.22,2.27,0.64,3.78,1.98,0.0,78.6,3,Female,67.67
9.81,4.72,2.93,2.02,1.37,0.01,2.72,3.33,73.1,6,Female,73.43
6.55,4.21,3.77,2.2,1.86,0.0,2.67,2.72,73.4,9,Male,54.73
7.39,3.87,2.84,1.41,0.0,1.9,3.73,0.0,92.0,3,Male,62.25
6.04,3.97,3.31,1.51,1.07,1.18,2.26,2.34,60.9,2,Female,61.57
6.58,8.26,2.47,2.02,1.84,1.75,2.03,0.21,77.4,8,Female,75.09
7.3,3.34,3.64,0.03,1.68,0.43,3.75,1.45,81.0,5,Male,62.4
8.02,3.66,4.26,3.5,1.08,1.24,3.48,2.61,89.3,10,Female,55.37
7.38,9.44,3.22,4.16,0.62,1.52,2.29,1.88,76.5,8,Female,77.81
8.51,5.13,0.89,2.17,2.0,0.82,2.79,3.13,89.6,2,Male,78.27
6.89,2.43,4.27,2.67,1.24,1.36,2.02,2.06,77.3,8,Female,48.07
6.6,5.76,3.66,3.08,1.94,0.25,1.34,1.97,79.4,1,Male,71.07
10.24,3.13,2.21,0.68,1.8,1.48,4.7,2.99,79.0,5,Male,65.38
7.47,5.86,4.51,2.93,1.14,2.21,1.96,1.7,85.9,1,Male,74.47
6.14,4.18,1.68,1.57,2.36,0.33,2.79,1.98,84.5,8,Female,63.28
6.17,3.84,4.86,4.29,1.02,0.29,0.98,2.1,64.6,9,Male,41.03
5.87,6.91,3.43,1.81,2.45,2.03,3.24,1.94,80.6,10,Female,65.7
8.12,5.35,0.55,2.91,2.56,0.28,1.29,3.04,84.5,1,Male,89.55
6.56,5.96,3.73,1.82,2.34,1.79,4.18,1.4,95.5,9,Male,73.16
7.15,5.15,2.97,4.2,1.36,1.24,4.3,1.25,65.9,8,Female,60.65
6.92,3.83,2.78,1.49,3.54,0.91,3.07,1.04,84.5,9,Male,59.99
7.88,5.42,2.54,3.17,1.62,2.23,2.61,0.07,73.8,5,Female,71.4
5.98,6.31,3.33,2.63,1.69,1.85,2.31,3.34,80.3,7,Female,67.61
5.71,4.7,2.87,2.4,1.48,1.4,2.45,1.19,65.1,5,Female,52.25
7.27,7.2,1.09,2.23,0.6,0.0,2.91,1.79,77.8,7,Female,73.31
7.72,5.78,5.15,1.33,2.54,1.7,2.59,3.4,81.8,8,Male,66.56
7.4,4.82,3.18,0.0,1.04,0.45,3.48,1.87,66.4,3,Male,67.51
6.03,4.88,2.55,3.07,2.24,1.05,1.58,2.46,95.4,4,Female,71.84
7.81,4.71,2.03,1.51,2.43,1.21,4.03,0.72,59.5,10,Female,63.13
6.11,2.62,4.5,3.17,1.98,2.53,2.08,3.26,84.5,9,Male,48.7
6.37,4.36,1.81,2.35,0.95,1.02,1.75,1.89,48.9,1,Female,60.83
5.87,4.83,3.67,3.2,1.23,0.2,2.86,1.08,74.9,1,Male,64.0
8.56,3.88,2.74,2.8,0.0,2.23,2.93,1.08,83.8,8,Female,61.19
7.76,5.01,2.82,0.0,1.41,1.71,0.76,3.52,86.6,8,Female,70.11
7.73,4.53,2.07,2.61,2.14,1.73,2.02,1.47,76.7,3,Male,68.8
8.5,5.66,2.69,1.66,1.31,2.24,0.33,1.1,75.1,10,Male,69.03
10.38,5.49,3.51,3.17,1.03,2.41,1.82,1.61,84.8,1,Male,78.02
4.95,4.75,3.81,2.59,1.26,0.58,1.87,2.04,89.4,2,Female,63.15
6.11,2.45,2.48,2.6,2.47,0.23,2.8,2.14,94.6,6,Female,57.2
6.26,7.19,3.38,1.73,1.46,1.79,1.71,2.4,62.5,6,Male,69.35
5.98,4.29,4.65,1.09,2.99,1.02,1.95,2.21,75.6,3,Female,63.54
5.71,4.38,1.34,1.57,1.04,1.08,3.8,2.58,51.7,7,Female,55.53
6.64,3.99,3.49,0.2,1.67,0.41,4.56,1.75,61.6,9,Male,51.96
5.54,3.77,2.26,1.41,1.15,1.61,1.58,3.86,69.6,2,Male,61.34
7.4,6.82,2.13,0.54,3.16,1.48,3.52,1.56,88.4,8,Male,79.66
7.06,6.58,3.84,0.56,1.64,1.09,2.89,3.22,72.2,6,Male,69.66
7.58,5.17,2.79,2.12,3.2,0.23,0.76,1.46,74.5,10,Female,68.24
7.61,4.34,1.92,2.53,1.16,2.05,1.71,0.72,81.6,3,Female,68.85
7.72,5.43,5.22,1.97,2.72,1.38,0.0,0.5,70.0,7,Female,66.43
6.55,4.61,4.7,1.5,1.59,1.98,2.82,2.27,54.1,8,Male,55.67
9.55,4.21,0.99,1.05,2.17,0.0,1.42,3.05,69.0,4,Female,72.53
7.28,5.01,1.58,1.68,0.52,1.24,2.63,0.96,76.6,6,Male,63.88
4.77,3.84,4.27,1.18,1.78,0.7,5.07,1.21,83.6,8,Male,52.97
5.8,4.88,3.13,1.94,0.64,1.23,4.09,2.35,75.5,5,Female,57.29
4.91,4.81,5.45,0.48,1.71,1.86,1.73,2.0,83.4,7,Female,55.29
7.02,5.4,4.3,2.7,0.29,1.46,1.49,1.47,89.1,8,Female,64.24
6.85,3.57,3.89,1.43,1.42,1.21,3.79,0.85,91.4,3,Male,62.8
6.44,5.57,2.17,2.38,2.38,1.21,1.5,2.28,80.1,8,Male,65.4
9.41,3.14,4.14,2.89,1.94,0.11,3.49,2.59,64.4,6,Female,54.1
7.66,3.64,1.84,2.33,0.51,0.57,5.24,2.44,63.1,3,Male,57.91
7.87,3.71,5.2,2.8,0.0,1.98,3.18,2.02,64.2,9,Female,53.99
5.88,2.89,4.05,0.0,1.9,0.85,3.68,1.05,65.1,1,Male,60.71
5.8,6.02,2.43,1.51,2.76,2.0,3.57,2.28,79.2,7,Female,67.74
7.04,3.05,4.55,3.1,0.73,1.78,1.94,2.22,100.0,3,Male,60.32
7.21,3.45,6.41,2.51,3.18,1.82,2.79,0.82,80.5,8,Male,53.98
4.77,6.38,3.22,3.85,1.49,1.43,1.54,1.73,77.0,9,Female,58.2
6.78,3.64,4.22,3.7,0.0,0.89,3.79,2.33,89.5,7,Female,51.14
7.02,4.22,2.94,2.3,0.25,1.09,1.41,1.93,68.1,4,Male,60.42
6.74,2.98,3.61,1.75,2.12,1.65,3.2,0.24,90.5,7,Female,53.61
6.02,5.75,1.54,1.04,1.6,0.0,3.63,1.42,89.6,3,Female,78.43
6.35,5.77,3.5,1.52,2.69,2.07,2.01,1.36,78.7,1,Female,75.0
6.79,5.61,3.56,1.59,0.54,0.85,1.78,2.5,100.0,4,Male,73.19
7.11,5.31,5.84,1.41,1.59,1.14,2.33,4.34,91.4,7,Female,65.71
7.73,4.61,1.17,1.08,1.51,1.15,1.61,2.12,78.5,4,Female,77.3
8.3,3.71,3.13,2.4,1.39,1.17,2.66,0.92,76.3,2,Female,65.83
6.65,3.28,5.17,3.7,1.19,0.28,1.58,1.86,72.8,5,Female,56.97
6.45,6.43,3.19,2.93,1.21,1.31,1.66,2.01,76.4,9,Male,64.07
7.53,5.65,3.28,1.68,1.64,1.62,3.05,2.68,76.8,5,Female,70.45
7.73,3.46,2.42,3.01,1.74,0.0,3.12,3.12,74.2,5,Female,62.55
6.48,4.56,2.29,2.35,1.7,0.29,2.21,3.25,75.4,3,Male,72.7
7.95,4.05,1.13,1.96,2.46,1.83,0.85,2.48,63.7,5,Female,67.15
8.18,2.81,2.68,1.9,0.54,1.7,3.67,2.0,71.2,3,Female,63.29
8.55,4.77,2.21,1.8,0.05,1.41,2.05,3.34,58.8,10,Female,60.93
9.13,3.88,3.65,2.65,2.31,0.72,4.56,1.69,83.0,8,Male,58.15
5.96,3.07,2.48,2.14,0.75,1.7,2.37,2.05,79.0,8,Male,52.08
7.02,2.28,2.88,1.27,1.2,0.36,2.64,1.78,76.5,7,Male,50.99
7.01,2.15,2.91,1.22,1.01,1.1,2.07,0.08,88.6,4,Male,54.18
6.88,3.94,3.44,2.31,0.99,0.29,2.74,3.14,67.6,7,Female,55.17
6.22,4.37,2.81,2.43,0.33,1.09,5.98,2.61,69.5,10,Female,50.25
5.22,3.19,2.12,1.69,1.04,0.48,2.15,0.0,60.2,2,Female,56.75
7.11,5.48,3.61,0.87,2.02,1.73,3.78,2.9,90.3,9,Male,67.34
6.08,4.4,4.89,3.25,1.5,1.5,2.59,1.73,85.3,10,Female,50.18
7.1,5.37,3.67,3.04,1.9,0.8,3.67,2.89,94.0,1,Female,82.23
6.05,4.23,2.71,0.01,1.1,1.96,0.57,2.07,97.0,1,Female,75.53
5.68,3.32,3.34,3.34,2.22,0.53,4.44,0.78,72.9,5,Female,55.97
7.28,4.67,0.83,1.79,1.09,1.18,2.84,2.02,69.5,7,Male,65.79
7.18,2.61,3.32,2.19,0.0,0.77,2.23,1.19,56.5,6,Female,51.43
7.7,5.31,2.98,3.14,1.75,1.72,3.4,0.9,64.8,8,Female,59.09
9.62,3.09,2.29,3.65,2.11,1.65,2.64,2.78,74.1,9,Female,57.57
7.33,5.88,2.52,3.0,1.05,2.11,1.35,2.35,53.3,3,Female,68.81
7.58,3.99,2.97,2.24,2.46,1.26,0.08,3.35,65.1,6,Male,61.01
5.71,6.09,4.79,0.62,0.82,0.0,4.33,1.65,77.0,1,Male,70.85
5.46,2.82,4.92,0.0,2.04,0.9,2.28,1.13,88.7,2,Male,58.8
8.9,3.48,2.29,2.88,2.9,2.3,1.89,2.57,69.4,8,Male,57.45
5.89,5.07,2.83,3.34,1.53,0.97,1.96,1.25,79.5,9,Male,57.33
5.75,6.26,2.86,1.19,1.32,0.0,3.96,1.72,100.0,6,Female,70.89
6.95,7.0,4.55,1.73,1.42,1.51,2.01,2.47,56.3,8,Male,68.11
6.89,4.56,3.69,1.44,2.8,1.57,3.14,1.89,91.0,10,Male,57.24
5.92,7.26,3.62,1.42,1.82,0.69,2.17,1.56,82.6,1,Female,79.76
6.63,4.07,4.2,3.07,3.22,1.03,1.25,0.74,93.2,8,Male,57.68
8.48,6.15,2.72,2.22,1.72,0.61,3.4,2.84,89.6,7,Male,76.53
6.03,3.09,5.27,1.77,0.98,1.57,3.6,1.67,70.0,10,Female,41.15
5.33,5.13,3.5,4.66,1.03,1.24,1.82,2.56,78.0,4,Male,64.68
8.13,0.99,2.39,0.57,1.55,0.38,2.46,2.44,60.5,7,Male,46.66
7.59,2.82,3.2,2.55,0.0,1.19,2.6,2.98,71.7,9,Female,49.85
6.26,5.2,5.1,0.95,1.12,0.69,2.95,1.79,78.4,5,Male,65.8
5.1,2.53,2.95,1.84,1.14,2.22,4.47,1.69,81.6,3,Male,51.36
6.11,5.14,4.73,2.15,1.69,1.83,2.18,1.0,87.5,10,Female,57.21
6.93,5.86,2.69,2.84,3.05,1.11,2.17,1.51,97.0,2,Female,81.59
8.4,3.75,2.5,1.74,1.54,1.26,2.32,2.31,72.8,9,Male,59.29
5.76,3.05,4.36,1.63,0.0,1.91,1.56,1.26,91.7,9,Male,45.63
6.9,3.79,2.36,1.72,0.77,1.08,0.78,2.28,81.2,1,Female,70.84
7.81,3.05,4.57,0.92,1.71,1.73,2.63,3.32,62.3,4,Female,57.88
4.14,4.35,3.96,2.63,1.57,2.23,3.03,1.6,76.2,6,Female,54.95
8.24,4.65,2.36,2.28,2.8,0.86,2.5,0.82,79.4,2,Female,73.47
5.58,4.04,3.41,2.44,2.27,2.35,2.44,1.63,68.0,2,Female,53.65
7.4,7.01,2.79,1.93,2.24,2.15,1.6,0.72,65.5,4,Male,79.56
7.3,3.42,3.95,1.81,1.33,1.37,2.75,3.2,65.1,10,Female,51.16
8.3,6.59,5.95,3.18,2.38,0.89,2.67,2.08,71.5,5,Male,68.74
7.66,2.94,3.02,3.02,0.78,1.37,2.97,1.34,67.6,7,Female,47.02
4.15,4.61,4.19,3.41,2.27,1.03,2.82,1.5,92.8,7,Female,54.88
6.06,6.27,3.53,2.37,1.27,0.65,2.89,0.94,48.6,5,Female,64.94
7.17,6.2,3.53,3.35,0.34,1.57,3.82,2.91,79.3,1,Male,73.34
6.77,3.87,3.29,1.58,1.97,0.48,3.07,3.65,84.3,10,Female,55.95
7.57,5.33,2.39,1.8,2.62,0.96,2.98,0.66,66.4,6,Male,66.64
7.95,5.13,3.94,3.2,1.17,0.97,0.76,2.94,75.2,4,Male,68.93
7.73,3.69,3.12,2.84,2.75,0.24,3.55,1.78,73.9,5,Female,56.89
6.74,5.42,2.32,1.71,0.18,1.66,2.2,3.14,77.1,5,Male,68.22
4.78,7.29,4.82,0.95,0.54,1.04,2.58,0.35,86.0,10,Male,66.29
6.45,5.21,3.63,1.8,1.38,2.11,1.23,2.2,84.9,4,Male,67.5
7.5,5.35,3.2,1.32,1.2,1.03,4.59,1.63,70.8,10,Female,58.64
5.69,5.51,5.24,3.72,0.97,0.92,0.03,2.59,59.9,2,Male,65.14
7.76,2.31,1.11,2.76,1.61,0.57,3.99,2.06,80.0,3,Female,62.64
8.09,5.19,5.15,1.23,1.08,1.23,2.93,2.02,70.1,2,Female,70.28
7.15,2.97,2.36,0.96,1.21,1.23,0.59,1.9,71.7,10,Male,53.64
3.32,3.62,3.77,1.22,1.72,1.72,4.54,3.41,80.7,6,Male,53.22
5.47,7.74,2.74,1.44,0.97,1.25,3.01,1.84,72.8,5,Female,74.62
9.26,4.12,2.3,1.83,1.42,2.67,0.14,2.78,81.7,1,Female,81.16
6.34,3.39,5.21,3.11,0.98,1.52,2.08,2.57,100.0,2,Male,60.55
4.62,6.23,5.91,1.03,0.54,0.51,3.03,2.8,86.2,10,Male,53.65
8.48,3.08,3.21,4.29,2.11,0.45,4.21,1.09,94.1,10,Female,49.11
7.02,3.83,3.94,1.06,2.87,1.57,2.09,2.64,84.1,4,Female,64.73
8.33,6.37,3.57,0.59,2.35,0.49,0.0,2.3,78.9,8,Male,72.69
7.33,4.56,5.75,3.69,1.77,1.62,3.96,0.93,84.3,4,Female,59.01
7.55,2.16,0.75,3.32,0.99,1.83,3.0,1.81,83.7,10,Male,47.48
7.44,5.32,3.99,1.82,1.27,1.84,0.27,4.06,88.4,2,Male,77.53
7.84,3.91,2.55,2.38,2.35,0.59,2.84,1.65,78.7,1,Male,67.35
9.73,6.81,0.44,2.41,0.0,1.85,2.95,1.67,62.3,4,Female,82.34
8.17,3.59,3.03,2.14,1.21,1.43,2.18,2.41,60.4,2,Female,65.53
5.1,6.08,5.9,0.7,2.09,0.77,1.67,1.51,83.5,7,Male,70.82
7.54,7.16,2.65,0.0,0.59,1.09,1.89,2.13,64.5,10,Female,68.59
8.37,3.22,4.53,1.16,1.84,1.53,2.17,1.6,86.2,10,Male,54.7
8.44,4.21,5.06,3.82,1.8,0.73,2.85,2.36,94.1,10,Male,54.52
6.49,5.08,3.48,3.86,0.34,1.41,3.29,1.94,75.4,2,Male,61.75
8.4,3.21,3.66,1.74,1.57,2.21,0.35,3.76,92.5,1,Female,71.08
8.11,4.91,1.27,1.04,1.01,1.87,2.76,2.04,81.1,2,Female,75.14
10.09,4.16,2.57,2.28,1.83,1.26,2.99,1.8,78.3,8,Male,62.21
6.1,4.13,4.68,2.44,2.04,1.36,2.67,2.93,78.9,2,Male,64.11
6.39,4.57,3.58,2.6,1.82,0.82,2.1,0.75,68.0,7,Male,53.96
6.63,4.61,3.98,0.0,1.56,0.84,3.92,3.52,66.5,6,Female,62.52
6.41,4.75,3.67,5.16,1.73,0.12,3.84,1.11,58.3,8,Male,52.28
5.93,3.6,6.35,3.13,0.56,1.38,2.13,3.07,69.2,2,Female,50.94
3.68,3.67,2.94,1.8,1.48,1.68,2.42,3.31,100.0,5,Female,63.91
6.48,4.32,5.59,1.28,0.86,1.15,3.27,1.53,60.1,1,Female,60.81
7.44,4.43,3.67,2.99,2.33,0.59,3.78,1.61,63.9,1,Male,65.32
6.41,3.84,5.7,2.5,2.05,1.25,1.68,1.9,68.3,8,Male,45.22
9.32,4.99,1.91,2.09,2.04,2.14,1.45,2.56,68.9,6,Female,67.51
7.02,1.78,3.74,2.46,2.87,1.83,2.77,1.1,81.2,8,Female,53.22
8.55,3.4,2.99,1.89,1.24,1.18,1.38,1.9,70.7,1,Female,71.03
7.31,4.08,3.68,2.4,1.06,2.63,0.56,1.72,75.6,4,Female,68.77
7.99,3.22,5.09,2.73,1.22,3.09,1.68,0.96,67.8,2,Female,65.06
7.34,6.94,3.99,2.34,0.22,0.86,2.92,1.06,72.3,6,Male,72.89
8.64,4.53,5.09,2.29,0.28,1.03,4.05,2.12,77.3,6,Female,60.51
7.07,4.77,2.63,3.39,2.0,1.69,1.79,2.1,76.4,8,Male,63.56
7.6,3.78,2.43,0.4,0.38,0.56,2.38,1.31,100.0,1,Female,71.03
7.44,4.48,3.52,1.2,0.64,1.79,2.66,2.07,77.7,1,Female,70.92
6.65,2.68,3.45,2.03,1.42,1.27,1.85,1.42,75.5,9,Male,50.79
7.49,4.25,3.26,1.27,1.17,1.46,1.77,3.18,48.0,7,Male,58.86
9.68,3.09,2.25,1.6,2.21,0.8,2.83,1.91,80.9,2,Male,70.18
6.68,4.08,5.06,3.29,1.55,0.65,1.3,2.99,54.3,3,Male,50.15
7.5,0.66,3.03,1.85,0.86,0.0,1.73,0.48,84.6,5,Male,43.06
8.51,2.81,5.35,0.17,2.28,2.24,2.3,2.29,79.7,5,Male,61.9
8.37,6.7,3.52,1.58,2.08,1.86,2.82,2.54,87.6,8,Male,74.58
7.01,5.75,4.34,2.06,0.37,1.67,0.98,1.88,70.4,4,Male,69.34
4.14,6.48,4.23,2.04,1.7,1.44,2.37,1.52,78.3,6,Male,61.3
7.62,6.58,2.43,2.56,0.93,0.0,1.21,1.86,86.1,8,Female,75.71
4.34,5.51,3.98,2.47,0.91,0.67,1.82,2.67,66.8,2,Male,60.46
8.76,3.82,6.01,1.86,3.0,1.02,3.29,0.91,85.3,5,Female,66.74
7.2,2.94,3.83,0.81,1.6,0.44,2.43,2.63,84.8,3,Female,57.47
8.2,6.22,4.67,1.56,1.33,0.01,4.17,2.29,76.4,8,Female,67.52
5.92,4.6,4.4,1.38,1.57,0.52,2.43,1.77,96.9,2,Female,66.04
5.14,8.24,3.9,1.71,2.2,1.23,3.47,1.8,84.2,4,Male,79.73
7.31,3.95,3.74,2.69,0.94,1.23,3.29,2.06,57.9,7,Female,55.69
6.96,7.46,4.21,2.4,1.08,1.84,2.49,3.49,89.9,6,Male,79.6
6.41,4.26,4.49,2.82,2.03,2.64,1.18,2.31,70.1,1,Male,63.52
7.1,6.5,1.74,1.62,0.29,1.68,2.39,1.15,87.6,10,Male,67.92
10.32,7.05,3.82,3.51,2.29,1.08,1.97,1.61,81.5,1,Female,82.76
8.0,2.97,3.26,2.67,0.22,2.46,1.93,0.97,46.3,5,Male,46.08
8.26,3.77,2.99,2.11,1.3,0.09,2.66,0.3,85.3,1,Male,66.36
8.01,2.95,5.18,2.6,0.22,0.0,1.05,0.95,75.3,6,Male,48.26
8.78,2.66,2.55,1.32,0.65,0.58,1.63,2.11,72.5,4,Male,56.13
6.77,5.5,1.69,0.0,2.54,1.77,1.49,3.15,72.9,7,Male,71.84
4.53,4.21,4.53,1.39,2.34,1.32,2.25,2.9,87.5,7,Male,57.2
6.77,4.58,1.65,2.75,2.42,0.41,1.73,0.96,66.9,10,Female,57.2
7.97,5.33,0.99,2.08,0.34,0.69,1.8,1.28,91.4,1,Female,77.74
5.84,1.71,4.68,1.86,0.66,0.33,2.64,1.16,59.8,7,Female,36.35
6.79,6.43,3.71,1.15,1.77,0.33,2.05,0.0,81.5,4,Female,72.94
6.17,3.98,4.11,0.04,2.07,2.29,2.5,1.85,87.3,7,Female,63.88
8.8,5.3,2.92,3.42,0.86,1.1,1.38,2.72,87.0,10,Male,63.05
7.9,5.43,1.7,1.79,1.04,2.44,1.67,1.77,80.2,9,Female,63.82
7.78,6.56,1.96,1.57,0.59,0.58,4.54,0.86,75.5,10,Male,65.76
7.75,4.34,3.15,1.33,2.83,1.54,1.8,1.24,71.4,10,Female,58.45
6.96,1.31,1.85,3.25,1.12,1.36,0.39,1.7,63.3,8,Male,39.42
7.24,4.59,3.9,2.88,1.53,1.82,2.84,2.69,69.8,9,Male,55.14
5.58,4.8,2.9,1.03,1.57,1.38,1.79,1.84,66.5,7,Male,57.32
4.38,2.95,3.74,3.16,2.38,1.89,2.74,2.57,64.5,2,Male,53.04
7.18,4.72,3.7,1.85,0.74,1.59,2.41,1.93,99.6,9,Female,64.01
7.39,3.96,4.0,1.39,2.43,0.44,3.05,2.21,57.4,7,Female,53.87
8.45,2.49,4.15,1.71,0.48,1.71,2.4,1.15,91.5,9,Female,53.8
8.89,5.51,3.05,1.22,2.43,1.13,2.27,1.38,63.2,4,Female,72.45
8.88,3.65,3.74,0.68,0.13,0.66,3.65,0.87,65.7,6,Female,56.54
5.8,3.89,3.81,2.78,1.42,1.69,0.28,2.54,65.5,5,Female,55.62
6.58,3.81,0.34,1.78,2.8,1.85,1.17,1.74,64.7,1,Female,70.91
7.58,6.35,4.34,2.62,2.06,0.86,1.67,0.0,89.1,7,Female,66.7
10.04,4.44,3.69,2.29,1.84,0.95,0.81,2.43,85.1,4,Male,67.92
8.78,4.62,4.23,2.55,0.66,0.23,2.02,2.88,75.2,2,Female,71.49
8.34,3.84,1.83,0.0,0.91,0.0,1.92,1.27,100.0,3,Female,74.51
6.53,5.19,3.09,1.13,2.58,1.03,3.47,2.43,77.8,7,Male,64.27
5.94,6.52,2.08,2.57,1.88,1.75,2.41,1.81,78.7,8,Male,72.5
7.95,5.47,4.47,0.73,2.21,0.8,2.29,0.09,69.8,3,Female,79.14
5.68,5.53,1.67,2.37,1.56,2.2,2.12,3.76,68.3,4,Female,65.69
6.71,5.41,2.29,0.61,1.27,1.06,1.45,1.82,71.6,9,Male,63.96
6.86,2.43,4.19,2.02,2.11,1.06,3.39,2.18,88.2,5,Male,57.1
8.91,3.19,2.68,3.61,1.71,1.0,3.71,1.44,84.9,4,Female,58.46
6.57,4.19,2.29,2.77,1.36,1.89,1.29,1.73,93.5,9,Female,56.69
4.07,3.41,4.68,0.15,0.37,0.53,4.12,2.15,69.4,1,Male,56.7
7.61,2.9,4.73,2.85,2.26,1.11,1.83,1.06,85.1,7,Female,53.98
6.16,1.69,4.44,3.82,1.85,0.82,1.75,3.52,81.7,6,Female,44.24
7.05,2.48,4.6,4.8,1.01,0.81,2.97,2.75,83.2,4,Male,46.42
6.9,4.12,3.2,2.48,2.44,1.22,3.06,2.47,67.6,8,Male,57.61
6.67,4.4,3.23,0.64,1.7,1.12,2.43,1.87,65.5,3,Male,61.19
7.95,3.31,2.66,2.43,1.71,1.94,2.15,1.31,84.5,7,Female,57.52
5.16,4.62,3.72,3.6,2.21,1.19,3.67,2.93,88.5,3,Female,61.4
6.38,3.85,2.81,1.81,2.03,1.59,1.88,2.55,70.6,8,Female,55.92
7.82,6.14,2.94,3.04,1.73,1.32,2.43,1.64,85.3,5,Female,71.24
6.26,4.26,4.28,1.16,1.35,2.18,4.19,1.02,92.4,9,Male,54.49
5.07,5.54,5.04,2.37,3.09,0.99,1.16,0.58,73.7,6,Male,64.2
7.8,4.8,4.02,0.0,0.91,0.99,2.04,2.03,60.7,1,Female,70.11
8.35,2.4,5.83,1.05,2.1,1.72,3.53,1.78,62.2,7,Male,48.62
6.95,4.36,2.58,1.99,1.43,0.98,3.03,3.07,69.9,1,Female,69.81
4.65,2.65,1.11,1.64,1.86,1.55,3.39,2.89,72.6,8,Female,47.47
7.85,4.34,4.43,0.7,2.49,2.84,1.18,2.04,77.6,3,Male,71.95
5.01,3.38,2.5,1.5,1.25,0.51,2.82,1.93,77.8,10,Male,49.88
7.37,5.07,3.14,2.33,1.98,2.27,2.21,0.96,74.7,3,Female,67.9
5.94,2.49,1.2,1.91,1.71,0.86,4.77,2.95,86.2,5,Male,58.95
5.61,4.52,2.33,2.06,0.99,2.14,3.31,1.95,68.9,6,Male,60.01
6.47,5.36,1.55,2.73,2.51,1.68,2.48,2.54,93.2,2,Female,79.24
6.78,5.86,2.94,1.66,2.07,1.62,2.79,3.06,89.3,3,Male,82.19
6.23,3.35,2.99,3.36,1.15,1.09,2.55,1.49,88.4,10,Male,50.77
7.71,4.53,3.62,1.01,2.38,1.02,3.2,1.25,70.1,4,Female,63.79
6.46,4.78,5.11,3.93,0.83,0.69,1.64,4.22,76.6,8,Male,54.93
8.18,6.82,4.38,3.11,1.48,1.2,3.87,2.54,86.7,5,Male,75.09
7.34,2.28,1.39,1.64,1.16,1.07,1.18,1.75,75.6,3,Female,57.56
6.16,3.13,4.29,1.71,2.1,1.33,2.71,3.12,69.6,7,Male,45.92
5.96,8.71,3.65,2.21,1.12,0.21,1.68,1.72,69.1,2,Male,81.62
5.02,4.09,3.37,2.6,2.11,1.22,2.54,2.29,69.7,10,Female,52.38
7.35,1.66,3.47,3.09,1.98,2.08,3.49,1.49,64.1,7,Female,48.05
6.57,3.63,3.77,0.66,1.2,1.86,0.79,1.98,100.0,7,Male,63.44
4.15,0.35,2.6,2.44,2.96,1.22,2.33,1.75,54.6,1,Female,47.77
6.36,4.86,3.26,0.0,0.9,2.99,1.06,1.32,66.2,3,Male,68.99
5.92,5.71,5.04,1.82,0.37,0.8,2.22,2.22,85.2,4,Female,65.29
8.89,3.13,2.58,3.45,2.18,1.14,1.06,1.43,69.8,4,Female,63.05
4.96,3.79,2.16,0.58,0.0,0.18,2.66,2.52,73.8,2,Female,58.84
5.27,5.89,3.42,0.4,2.69,0.92,2.07,1.73,82.7,1,Male,73.17
8.33,1.87,2.03,2.22,1.58,2.45,3.25,0.45,90.4,6,Male,55.02
8.63,2.52,1.26,3.39,0.36,0.94,3.73,2.56,74.7,5,Male,55.9
6.11,4.16,3.05,2.33,0.74,0.13,2.51,2.57,89.1,3,Female,66.58
6.24,3.37,5.38,0.1,0.19,1.81,3.39,4.03,57.6,6,Female,45.52
7.74,4.06,3.45,0.32,1.81,1.47,3.88,2.02,70.7,10,Male,53.77
4.21,2.6,3.73,2.1,0.44,1.78,1.58,2.16,83.9,10,Male,44.99
4.77,4.82,0.73,0.82,1.9,0.99,3.93,2.43,100.0,9,Male,64.28
6.66,4.28,4.07,2.14,1.26,0.5,2.46,2.92,66.4,3,Male,60.39
8.86,5.32,3.62,2.2,1.12,1.07,1.52,2.86,64.3,2,Female,71.54
6.48,4.8,2.64,1.51,1.91,1.59,2.8,2.29,82.1,3,Female,76.14
7.12,4.81,3.73,3.81,2.0,1.15,2.43,1.97,78.6,4,Female,66.77
8.36,2.33,3.72,2.59,2.42,1.47,1.09,2.76,69.4,1,Female,62.9
9.53,5.24,2.12,3.21,0.99,0.82,1.4,1.93,63.4,4,Female,71.75
6.31,4.0,3.93,2.92,1.48,1.5,4.14,0.84,71.8,6,Male,55.6
6.98,4.25,5.06,1.85,0.99,1.2,2.78,0.65,84.3,3,Female,67.94
9.19,6.07,3.2,1.81,1.63,0.71,3.98,1.74,74.0,10,Male,65.81
5.17,3.42,2.37,1.7,0.88,1.3,2.08,2.11,92.1,9,Male,54.53
8.23,6.53,3.27,2.68,1.16,0.93,1.7,4.22,76.4,4,Female,76.99
5.78,6.67,4.61,1.35,1.16,1.63,0.82,1.89,85.2,5,Male,74.83
7.12,5.63,1.91,3.73,1.73,1.81,3.47,2.04,81.3,5,Female,75.73
6.71,3.03,4.25,1.25,1.5,1.55,2.91,1.64,73.2,4,Male,54.72
5.85,1.22,2.62,2.21,1.91,0.06,2.09,2.56,88.0,1,Male,56.84
5.82,6.12,3.81,1.77,1.41,0.52,1.71,2.25,63.4,4,Male,67.37
7.33,4.67,2.77,1.55,1.04,0.75,3.63,1.43,71.4,6,Male,58.28
8.19,3.38,2.76,4.17,1.65,0.64,2.32,1.09,73.0,3,Male,63.87
6.84,6.26,5.48,1.56,0.77,0.82,2.33,1.64,82.6,3,Male,75.34
7.08,3.21,1.67,1.7,1.96,1.85,1.9,1.24,85.6,6,Male,65.12
7.69,3.86,4.13,1.34,1.27,1.69,2.09,1.79,68.2,1,Male,64.07
5.83,5.29,5.75,2.04,1.66,0.9,3.05,2.13,66.5,8,Male,50.43
7.89,2.83,4.39,1.9,1.68,1.61,1.08,1.55,78.9,7,Female,56.87
7.98,4.34,1.77,0.88,2.78,1.43,2.58,3.31,59.5,10,Female,57.89
10.12,6.13,1.83,1.58,1.81,1.18,3.46,3.04,90.1,2,Female,84.98
6.55,4.82,2.52,2.61,1.56,2.0,2.42,1.79,75.3,8,Male,61.78
6.45,6.37,3.71,3.03,0.95,0.74,3.55,1.13,64.0,2,Female,71.04
7.92,6.2,3.79,2.02,2.14,1.24,3.84,1.97,63.7,8,Female,64.9
7.98,4.51,1.85,2.06,1.28,0.46,3.4,1.88,81.8,3,Male,70.02
6.36,0.99,2.37,1.64,0.28,0.5,1.96,1.94,81.4,9,Female,41.47
6.52,2.84,2.45,1.5,1.34,0.25,2.46,1.64,68.8,2,Female,56.25
7.65,5.65,3.27,1.08,1.65,0.51,2.85,1.06,76.6,9,Male,63.66
6.01,2.17,6.08,0.44,0.85,1.26,2.03,2.03,64.4,7,Male,37.79
6.51,4.01,2.29,1.3,1.41,0.99,2.0,1.68,74.9,1,Female,70.4
7.11,5.01,2.23,2.9,1.44,1.01,1.94,1.76,95.7,3,Male,81.69
8.2,6.7,2.03,1.58,1.46,0.99,5.04,2.08,100.0,5,Male,82.07
6.27,3.64,4.33,1.65,2.49,2.44,2.23,1.94,75.5,7,Male,59.98
4.79,3.53,3.45,1.63,0.45,0.4,3.57,2.06,83.2,8,Male,48.72
4.7,4.42,2.33,3.24,3.13,0.33,1.63,1.64,82.7,6,Male,56.96
5.49,5.03,3.03,1.07,1.47,0.61,4.2,2.32,57.3,7,Male,63.08
5.42,4.27,2.47,2.28,1.96,1.15,2.12,1.35,64.2,4,Female,57.8
6.81,6.07,3.88,1.93,1.6,1.56,2.55,1.02,50.2,4,Male,68.52
5.57,3.3,6.99,2.07,0.12,1.63,0.67,1.2,83.4,2,Female,54.45
6.16,4.68,4.22,2.24,0.65,1.86,3.62,1.39,100.0,7,Female,64.75
6.07,5.17,3.38,2.06,1.08,1.12,3.83,0.84,90.8,7,Male,62.64
6.47,3.9,2.64,2.79,2.29,0.92,1.31,0.48,78.5,10,Female,51.09
8.59,5.76,1.75,1.97,0.39,2.34,3.67,2.45,76.8,6,Female,71.05
7.79,4.72,4.45,3.74,0.82,0.0,1.16,3.15,73.8,7,Male,65.02
7.02,5.68,4.38,2.04,1.63,1.24,3.13,2.5,90.7,8,Male,66.88
6.45,4.79,2.89,0.3,1.88,1.5,2.21,1.57,80.6,9,Female,68.73
6.48,5.06,5.08,2.64,1.85,2.51,3.84,0.46,78.7,6,Female,59.7
7.39,3.55,3.53,2.39,0.71,0.04,2.75,2.17,64.8,8,Male,52.67
7.7,3.55,4.51,2.03,0.22,0.91,3.43,0.55,85.2,9,Female,47.91
5.91,6.34,3.89,1.74,1.93,0.25,3.74,1.92,76.2,6,Female,66.94
7.04,5.45,3.27,0.0,2.65,0.0,2.21,1.28,82.8,6,Female,77.14
4.56,2.97,2.26,0.05,1.22,1.06,2.47,0.0,90.0,7,Female,52.14
7.25,4.77,3.31,3.65,0.58,1.78,1.39,3.33,58.4,9,Male,52.8
7.91,0.94,4.59,1.41,1.16,2.04,2.2,0.87,74.5,6,Male,48.26
6.66,3.64,2.84,2.97,1.82,0.83,4.43,1.68,72.7,6,Male,55.92
9.18,5.94,4.07,0.4,1.31,1.67,3.26,1.88,71.7,3,Male,82.13
5.94,4.31,2.09,0.95,2.63,1.06,1.46,1.58,64.6,10,Female,55.79
7.26,4.68,4.51,2.68,2.24,1.59,4.13,2.42,69.3,1,Female,67.36
6.96,0.0,3.91,1.9,1.65,2.01,2.89,1.33,64.8,9,Female,35.55
6.88,3.91,1.94,2.54,0.0,1.06,3.33,2.34,87.9,4,Male,60.65
6.86,5.01,3.21,1.99,0.95,1.95,2.99,2.29,82.5,3,Male,66.06
7.13,5.2,4.71,1.79,1.06,0.35,2.92,0.76,81.7,3,Male,62.82
8.02,5.94,1.86,1.32,0.9,1.66,0.5,2.21,54.9,8,Male,58.4
8.65,4.18,2.11,0.81,1.65,1.92,3.61,1.05,100.0,3,Female,76.1
7.0,4.25,3.41,3.4,1.67,1.85,0.25,0.95,73.1,2,Female,62.36
7.98,2.5,6.27,3.57,0.16,0.37,3.52,2.26,98.9,5,Female,49.64
6.16,4.19,2.63,0.96,2.14,1.06,2.6,1.63,87.0,10,Female,61.49
7.92,2.61,4.14,0.9,1.51,1.41,3.34,2.34,75.2,9,Male,48.05
6.09,1.73,3.84,1.65,1.79,1.51,2.66,2.34,100.0,4,Male,57.63
8.31,2.87,2.73,2.34,2.1,1.28,3.54,0.71,84.8,7,Female,53.61
9.65,6.76,3.71,1.82,0.89,2.2,2.52,2.67,75.3,5,Male,76.97
6.85,4.09,2.92,2.5,2.51,0.29,2.78,2.26,73.3,4,Male,68.09
4.37,4.83,3.03,1.95,1.39,1.03,2.9,1.47,90.4,1,Male,67.02
6.34,3.73,1.34,1.89,2.71,0.02,4.38,1.88,71.6,2,Female,68.99
8.48,1.81,3.47,4.41,0.78,1.63,3.1,2.69,73.5,9,Female,51.2
7.66,5.9,4.67,1.47,2.65,1.59,1.18,1.71,70.8,10,Male,62.92
7.3,1.24,3.57,3.64,0.78,3.54,1.94,3.9,68.9,10,Female,38.85
8.21,3.67,4.92,3.45,3.54,1.92,3.1,3.34,69.7,10,Male,47.16
7.58,4.42,4.25,2.5,0.74,1.43,3.76,2.11,99.3,5,Male,66.18
8.46,4.85,3.42,0.07,2.35,1.38,1.78,1.79,90.1,1,Male,81.41
8.1,3.41,2.68,2.03,1.21,0.98,4.74,1.83,80.8,2,Male,67.41
8.83,1.74,2.87,1.49,2.07,1.29,2.68,1.46,71.4,8,Female,55.42
7.43,3.3,1.59,2.02,1.47,1.39,2.92,2.11,71.4,7,Male,55.22
8.09,3.38,3.15,0.94,0.63,0.0,1.25,2.62,73.6,10,Female,58.66
6.63,3.34,3.69,2.76,0.0,1.34,3.62,0.79,99.5,3,Female,59.66
6.28,5.96,5.73,2.98,3.51,1.27,2.05,2.58,81.5,4,Male,70.59
9.05,2.68,4.19,3.17,1.56,2.43,1.75,2.84,87.0,10,Female,53.45
7.26,4.95,2.38,1.62,0.0,1.11,2.18,2.51,80.4,10,Male,58.04
7.97,4.74,1.63,0.94,1.74,0.66,3.88,1.88,67.4,4,Male,66.09
7.15,5.94,3.23,2.35,2.05,1.39,2.97,2.48,79.2,10,Male,65.29
6.3,4.3,4.56,3.76,0.93,1.25,1.61,3.17,65.1,6,Female,51.16
7.01,5.69,3.21,2.07,0.93,1.11,1.97,1.95,92.3,10,Male,64.1
8.72,4.24,4.2,2.45,1.48,0.3,3.91,2.02,69.0,1,Male,65.43
7.67,5.15,3.26,1.77,2.46,1.09,2.26,3.92,71.1,6,Male,67.17
4.95,2.25,4.43,1.5,1.58,0.79,3.06,2.28,87.8,10,Female,37.65
6.74,0.54,1.42,2.66,2.67,1.05,3.31,1.09,69.6,10,Female,30.87
9.14,5.07,5.59,1.89,2.4,1.71,0.0,2.79,75.4,6,Female,71.09
6.74,5.15,2.05,2.4,1.32,0.73,3.76,2.36,46.3,1,Female,69.56
4.84,5.21,4.53,2.51,0.24,1.05,1.65,1.41,74.1,10,Male,43.47
9.27,3.71,3.15,2.35,1.32,1.58,2.14,1.01,85.1,2,Male,71.59
7.82,6.73,3.35,2.56,1.92,1.01,4.04,2.21,70.5,4,Male,75.38
6.92,3.81,3.19,1.15,1.55,3.03,3.95,1.95,84.7,9,Male,54.6
6.55,5.13,3.83,1.09,2.01,1.37,2.99,0.88,77.8,6,Female,67.38
8.3,5.39,4.09,1.96,2.19,0.33,3.23,1.92,91.1,3,Female,77.91
6.35,7.08,4.88,1.98,1.92,0.61,3.48,1.86,69.2,1,Male,78.3
8.38,4.02,5.33,1.48,1.28,0.54,3.93,1.94,75.1,2,Female,68.74
7.65,3.52,3.93,2.24,1.92,0.62,4.06,2.44,60.4,8,Male,54.05
7.29,2.25,5.73,2.91,3.29,1.58,2.61,0.41,76.9,8,Female,44.49
7.17,6.83,3.62,3.19,0.31,0.43,1.76,1.0,72.9,2,Male,74.06
6.79,5.13,4.9,3.41,1.89,0.97,2.24,1.56,89.5,10,Female,58.79
8.25,5.18,4.06,0.69,2.97,2.0,2.63,3.19,70.5,5,Female,75.96
5.96,9.18,2.79,0.84,0.56,0.84,2.45,4.13,72.9,7,Male,80.29
5.05,4.99,3.74,1.71,2.3,1.67,1.49,2.0,69.9,7,Male,57.88
7.74,2.55,4.15,2.08,2.41,0.02,2.94,2.04,78.3,2,Female,54.79
7.76,4.21,3.46,1.76,0.32,0.94,0.93,0.0,100.0,1,Female,74.9
7.58,3.04,4.04,1.45,2.07,0.58,2.59,2.81,40.0,7,Female,48.73
7.49,3.91,4.62,1.7,1.28,1.41,2.65,2.4,77.4,8,Male,53.56
6.62,3.9,3.47,2.48,1.45,0.48,2.62,2.25,92.1,10,Female,56.98
7.94,3.62,0.0,0.67,1.24,2.65,3.35,0.88,71.8,9,Female,61.09
6.95,2.41,5.68,4.34,2.55,0.05,3.22,3.78,84.3,6,Male,44.71
6.42,6.89,3.11,2.02,1.41,2.0,4.72,3.37,92.1,6,Female,79.19
6.63,4.95,2.43,3.05,1.13,1.81,1.98,2.26,74.7,5,Female,59.55
9.42,4.16,2.04,1.42,1.14,1.42,2.78,2.89,70.2,7,Male,66.12
4.92,5.64,3.06,2.57,1.23,1.24,2.72,2.05,89.2,10,Male,59.21
7.6,5.21,2.77,2.1,0.64,2.5,2.67,2.74,83.9,1,Female,71.63
4.99,4.91,2.54,2.86,1.12,2.93,1.24,0.82,77.3,5,Male,64.18
6.87,5.53,2.61,1.8,1.59,1.05,1.32,0.0,85.3,5,Male,69.17
6.48,4.7,4.19,3.55,1.82,1.31,2.51,0.86,89.5,4,Female,69.22
4.5,5.51,6.14,0.51,2.46,0.81,0.92,1.27,77.4,9,Male,59.18
7.47,5.63,4.57,2.95,1.69,0.38,2.17,1.42,81.7,6,Male,66.36
6.54,4.74,4.96,2.12,1.12,1.52,1.85,2.4,84.3,1,Female,61.46
4.48,4.17,3.01,0.98,0.69,1.37,2.2,1.77,72.5,7,Female,52.75
8.01,6.8,3.64,3.95,1.74,0.07,3.63,1.97,92.3,10,Male,66.39
8.72,3.78,4.05,3.85,1.41,1.52,1.42,0.93,65.6,2,Male,66.38
8.79,5.09,2.64,0.0,1.43,1.4,3.37,0.86,76.4,5,Male,72.97
7.43,5.12,2.95,2.18,1.71,0.78,1.93,2.04,87.2,3,Female,74.04
7.06,3.59,4.61,2.71,1.92,0.73,2.05,1.51,65.3,1,Male,63.28
8.59,3.29,4.92,2.44,1.72,1.5,2.97,2.0,88.5,5,Male,65.5
9.02,3.97,3.59,3.52,1.36,2.33,2.23,2.49,80.3,4,Female,70.65
8.36,3.76,1.95,3.31,0.86,1.48,1.61,3.48,93.9,10,Female,62.37
5.87,2.31,3.12,2.27,1.01,1.75,2.13,1.98,85.4,6,Female,51.13
7.24,3.52,1.63,4.28,2.18,0.62,0.72,3.63,76.0,7,Female,60.61
7.53,4.9,3.6,2.94,1.16,0.91,2.88,2.37,80.8,10,Female,57.95
4.83,6.4,3.83,1.65,0.42,1.63,0.0,2.62,81.2,6,Male,69.89
7.56,5.33,3.15,1.45,2.43,0.25,3.39,2.95,100.0,8,Male,68.82
9.73,0.6,3.81,3.24,0.75,1.35,3.12,2.65,79.0,6,Male,49.82
7.77,5.46,4.04,1.21,1.53,1.55,4.1,1.28,76.3,6,Male,67.11
8.77,3.66,3.83,1.59,1.89,1.17,4.68,2.97,75.7,3,Female,66.57
7.22,5.18,1.94,1.76,1.5,1.42,3.44,1.66,80.3,10,Female,59.66
6.91,4.48,3.17,2.36,0.0,1.24,1.87,2.27,64.4,4,Male,59.95
7.46,4.21,4.03,1.81,1.81,0.76,4.67,2.12,73.4,3,Male,64.74
6.02,4.35,5.55,0.68,2.56,0.38,1.31,3.03,65.9,4,Female,59.53
5.84,4.47,3.15,3.16,2.13,1.14,0.6,2.35,67.4,4,Male,55.29
8.52,6.52,4.22,1.6,0.0,2.11,4.35,0.75,87.6,4,Female,72.05
8.65,4.47,4.64,4.02,3.2,1.92,3.1,3.88,78.3,8,Female,62.96
5.81,6.13,3.24,2.3,0.44,0.96,0.62,2.75,69.1,8,Female,66.82
8.16,5.91,4.99,3.27,0.64,0.94,1.14,1.5,76.2,6,Male,65.14
6.9,5.5,5.06,2.63,2.13,0.89,3.05,0.98,75.0,3,Female,65.42
7.41,1.82,5.29,3.32,1.86,0.89,1.63,2.85,78.6,3,Female,54.9
7.55,6.17,4.1,2.57,1.56,1.4,1.77,1.08,59.9,7,Female,64.65
8.19,3.81,6.57,2.24,1.04,1.94,4.47,2.72,64.9,8,Male,51.92
7.1,5.57,2.7,3.09,2.56,2.78,4.65,2.96,60.7,5,Female,66.75
8.69,3.04,6.26,4.49,1.47,0.62,2.65,1.42,67.2,3,Female,51.58
7.37,2.72,4.5,1.73,0.25,1.66,2.35,1.33,69.3,5,Male,53.99
7.75,7.46,5.24,2.79,2.49,1.58,3.4,1.58,65.6,6,Male,73.9
6.0,3.06,3.08,1.99,1.68,0.97,1.94,1.11,87.2,1,Male,62.51
9.59,6.22,4.6,2.51,2.39,0.48,0.27,2.21,100.0,9,Female,71.8
7.56,4.68,5.36,2.04,1.96,1.39,0.0,2.34,87.9,8,Male,57.81
7.86,3.87,2.09,0.0,3.41,2.68,2.43,2.65,71.2,3,Male,68.72
5.07,4.43,3.29,1.8,1.25,1.39,3.38,1.25,80.5,9,Male,52.16
6.01,2.55,0.72,3.0,1.51,0.65,2.52,2.76,77.2,8,Male,52.86
8.49,4.48,3.27,1.23,2.08,1.09,3.31,1.11,70.7,6,Female,60.12
7.34,2.88,2.44,2.92,1.26,0.4,3.41,2.76,93.9,9,Male,49.52
4.7,3.91,3.22,2.18,2.14,1.21,3.89,0.66,100.0,3,Female,64.57
8.25,5.89,7.3,1.81,0.0,1.68,2.69,3.41,60.4,4,Male,67.46
6.35,4.88,5.73,2.91,1.44,0.72,2.78,1.53,95.3,10,Male,57.9
8.69,2.28,1.63,2.68,1.42,0.0,2.46,2.54,70.9,2,Female,56.16
6.89,5.78,4.22,2.42,1.39,1.39,2.24,2.61,74.9,9,Female,62.87
7.25,4.49,4.54,3.02,0.8,0.85,0.93,0.86,81.4,9,Male,58.04
8.41,3.69,3.06,2.2,2.22,0.67,3.67,2.75,96.6,4,Male,67.35
5.92,5.62,3.73,0.36,1.1,0.67,2.12,1.5,81.4,5,Male,67.14
5.81,4.25,3.86,1.62,1.66,1.48,2.06,1.72,82.9,10,Male,55.46
6.76,2.75,1.75,0.2,1.47,0.91,1.96,1.4,88.2,4,Male,64.96
7.99,7.27,2.16,2.66,1.9,1.85,1.16,3.45,90.1,4,Female,87.35
5.4,4.47,3.72,2.9,2.64,1.87,2.41,0.95,84.1,1,Male,69.79
5.0,4.38,3.63,2.94,1.66,1.01,3.02,2.39,90.2,4,Male,62.32
7.99,3.89,2.58,2.49,2.17,0.84,1.79,1.44,70.8,2,Female,65.82
6.28,6.27,2.47,2.97,1.62,1.29,3.54,2.98,57.2,3,Female,68.55
6.53,3.71,3.38,0.42,1.1,1.1,2.13,4.09,99.9,6,Male,62.44
4.77,2.18,4.65,1.89,1.39,0.0,0.97,1.43,65.5,8,Female,38.27
6.19,3.48,3.4,0.59,1.27,2.54,3.87,2.13,71.6,9,Female,53.99
6.99,6.49,5.61,1.64,1.95,1.7,2.7,1.65,74.0,4,Female,68.83
8.12,5.75,2.6,3.62,1.59,0.88,3.36,2.93,72.0,6,Male,71.56
6.07,4.12,3.75,3.09,0.86,0.0,3.39,1.78,69.3,1,Female,57.09
8.99,6.56,3.04,2.66,1.32,1.07,1.55,2.81,83.6,3,Female,82.2
6.18,5.62,4.26,1.82,0.28,0.79,1.98,1.64,83.7,4,Female,69.1
6.18,4.1,2.48,1.01,1.35,1.16,3.53,4.02,85.4,10,Female,58.89
8.84,4.25,6.01,2.19,1.5,0.0,4.34,0.03,84.7,9,Male,49.21
7.25,4.99,1.3,3.11,2.95,0.87,2.56,2.34,73.0,4,Female,71.69
6.34,3.25,5.73,2.41,2.58,0.91,1.87,1.99,73.0,2,Male,55.28
6.81,4.51,3.62,0.41,0.67,1.07,4.18,1.96,91.4,2,Male,65.92
8.62,4.96,4.22,2.1,1.66,1.03,1.87,2.26,71.7,6,Male,66.27
8.76,1.97,5.23,0.09,1.68,1.24,2.83,2.05,71.5,10,Female,43.1
6.02,4.22,4.61,2.8,1.32,2.26,2.07,2.2,89.2,6,Female,60.16
6.95,4.05,2.55,1.31,1.37,0.84,2.77,2.37,77.8,4,Female,69.02
7.11,6.04,4.28,0.78,1.22,0.56,1.55,3.57,71.9,9,Female,65.31
5.82,1.73,5.93,2.82,3.0,0.0,2.13,0.0,72.1,5,Male,42.27
6.93,3.93,2.35,2.56,1.17,0.84,1.87,3.66,91.5,3,Female,67.75
7.01,3.78,6.25,2.23,1.77,0.22,3.16,4.3,85.0,9,Male,54.03
8.37,5.94,4.0,4.19,0.0,1.87,2.66,0.42,80.8,10,Male,59.89
8.45,4.43,2.94,2.63,2.16,1.13,3.38,2.04,64.0,3,Female,65.71
6.6,7.19,2.34,1.36,2.45,1.86,1.67,3.23,80.9,10,Female,71.7
6.74,5.49,3.21,2.52,0.66,2.23,2.29,2.83,75.4,6,Female,63.36
7.8,3.88,0.96,1.71,1.09,0.59,3.13,3.51,67.1,3,Male,69.64
6.3,4.86,2.96,3.27,1.86,0.96,3.36,2.33,70.8,9,Female,54.92
7.71,3.97,3.16,2.28,1.52,2.13,1.05,0.17,86.4,2,Female,71.32
6.89,5.79,2.1,2.38,1.87,1.33,2.82,3.17,92.9,3,Male,79.98
5.84,2.5,4.47,0.56,1.27,1.57,1.69,2.57,65.3,4,Male,49.19
5.85,3.26,3.22,2.06,2.99,1.92,3.41,3.32,66.8,9,Male,48.89
8.74,5.18,2.67,1.94,0.96,1.83,4.36,0.62,86.3,10,Male,66.07
6.81,6.34,3.08,0.98,3.65,1.49,0.0,0.91,73.1,2,Female,81.56
8.97,1.2,3.96,1.78,2.49,2.18,1.84,2.01,84.6,1,Male,61.22
6.38,6.56,3.6,2.44,2.17,1.15,2.76,3.2,72.9,9,Female,67.16
7.35,4.29,2.59,2.0,0.67,1.56,2.5,3.45,84.9,6,Female,67.67
9.87,1.67,3.66,0.59,2.23,1.08,3.44,1.35,61.5,4,Male,56.05
5.73,0.0,3.43,1.73,1.98,1.91,2.58,1.63,84.6,1,Female,47.62
4.72,2.21,2.02,1.53,0.0,0.71,1.97,4.58,52.8,6,Female,44.64
8.54,4.47,3.12,2.19,0.38,0.02,1.48,1.5,89.1,2,Female,69.05
6.01,4.4,4.25,2.09,1.79,1.66,1.31,2.61,77.6,6,Female,60.59
6.98,5.45,4.24,1.59,1.39,0.49,1.76,1.59,83.3,2,Male,72.03
6.3,3.68,3.2,1.55,1.09,0.42,1.93,2.43,80.8,3,Female,59.97
7.32,2.84,4.38,2.07,2.36,2.09,2.88,1.22,57.5,2,Male,55.69
5.86,3.88,2.23,2.96,0.79,1.88,2.34,1.25,94.4,2,Female,65.66
6.78,4.55,2.27,2.28,1.14,0.96,1.85,1.67,82.0,8,Female,63.45
7.54,4.85,3.17,3.42,0.98,0.0,1.49,1.51,87.1,8,Female,58.97
5.79,3.32,5.45,3.13,1.91,1.57,1.8,1.73,68.4,5,Male,48.29
6.16,5.85,3.71,3.5,0.12,1.66,1.94,2.47,80.9,9,Male,58.96
6.58,3.57,3.14,3.37,1.1,1.56,1.75,3.7,62.3,10,Male,50.02
5.29,3.2,5.51,3.56,0.12,1.53,3.17,1.47,79.8,2,Male,53.57
6.49,3.69,3.13,0.85,1.25,1.07,3.87,1.11,66.7,3,Male,60.68
7.14,6.11,6.41,2.65,2.08,0.91,1.32,2.01,100.0,8,Male,69.07
6.52,4.3,2.84,3.22,2.09,0.43,3.62,1.23,85.3,6,Female,64.16
6.67,3.46,2.18,3.4,0.92,0.71,3.19,0.53,94.0,4,Female,61.75
6.98,5.89,3.28,1.23,1.93,1.43,2.68,2.96,75.0,6,Female,68.1
6.21,7.71,3.18,2.66,1.35,1.44,4.03,2.07,82.8,6,Female,75.09
7.83,4.81,2.45,2.08,2.59,1.75,2.33,2.16,88.9,6,Female,67.6
8.72,6.35,6.88,3.85,1.4,0.22,2.9,0.27,65.1,6,Female,62.86
6.44,6.05,3.91,0.61,0.0,0.04,2.62,1.47,69.9,1,Female,69.83
7.58,3.59,4.1,1.23,2.22,0.93,2.55,0.73,89.7,8,Female,59.17
6.71,4.54,2.9,0.19,1.13,0.49,2.96,1.98,75.4,2,Male,68.55
7.44,2.58,2.75,2.14,1.28,1.33,2.55,2.12,69.0,6,Female,52.5
8.88,4.19,4.83,4.26,1.77,0.28,2.97,2.12,70.4,6,Female,58.33
7.61,3.56,1.32,1.96,0.36,2.03,1.83,1.4,63.3,1,Male,66.06
4.87,3.9,2.01,2.1,1.56,0.62,1.86,1.23,54.5,3,Male,55.15
7.54,3.38,3.18,2.55,1.93,2.31,1.83,1.83,57.6,3,Female,57.16
8.48,4.07,5.26,1.88,1.79,1.57,2.14,2.32,78.5,3,Female,66.92
6.73,5.3,3.01,2.37,1.02,0.46,3.51,1.48,86.1,4,Female,64.74
8.19,4.32,4.04,2.39,2.29,2.67,2.04,1.16,100.0,3,Male,78.54
6.17,1.7,3.54,1.15,0.7,1.39,3.15,1.19,77.5,6,Male,50.69
5.22,3.38,5.19,1.91,1.0,1.32,2.77,1.41,62.6,1,Male,49.4
7.17,2.22,1.44,2.74,1.39,1.15,2.06,1.59,77.7,2,Female,62.24
4.89,4.87,4.46,2.93,1.74,1.53,3.81,1.01,86.4,6,Male,61.44
6.71,5.25,3.24,3.3,1.24,1.57,3.24,1.6,90.4,4,Male,67.14
8.54,4.88,4.7,2.34,2.48,0.59,2.5,3.11,89.2,5,Female,70.76
4.71,3.32,2.43,2.36,1.74,1.05,2.42,1.73,84.9,1,Female,62.05
5.46,4.87,3.53,2.75,1.56,1.28,2.59,0.89,79.1,3,Female,66.07
5.76,3.79,3.37,1.41,1.71,1.61,0.97,0.0,86.8,4,Male,61.49
6.92,2.79,2.2,1.36,2.09,1.62,1.68,3.65,63.8,1,Male,66.93
6.56,5.61,1.84,1.88,1.69,1.32,2.96,3.03,53.9,6,Male,64.87
8.68,5.73,2.75,0.72,0.05,0.81,0.92,2.26,100.0,1,Female,83.22
8.15,5.92,3.67,2.41,2.37,0.78,1.75,3.05,77.4,10,Male,68.16
7.59,3.59,2.52,3.05,1.6,0.37,2.11,2.47,84.4,1,Female,70.66
7.17,6.27,3.07,1.29,2.05,1.61,5.4,1.93,44.4,2,Male,64.06
7.47,3.76,1.05,2.44,1.18,0.77,3.17,0.88,96.5,6,Male,57.29
5.97,5.48,3.02,1.37,0.04,1.07,3.6,3.72,91.9,1,Male,75.08
8.03,3.73,4.83,0.98,0.0,1.37,1.69,1.61,59.2,7,Female,51.0
5.67,4.16,4.42,4.06,0.74,1.2,2.86,1.66,74.2,4,Female,51.12
8.0,0.87,3.39,1.0,1.91,1.2,0.74,2.03,81.2,1,Female,57.41
8.42,4.05,3.82,0.72,2.54,0.57,2.17,2.05,62.8,7,Male,69.0
7.25,4.64,2.42,2.21,1.74,1.39,3.01,2.52,83.9,1,Male,69.99
6.79,3.88,5.61,2.27,0.66,0.98,1.08,2.41,90.5,7,Male,58.4
7.48,7.13,6.19,2.67,0.87,1.14,2.89,1.48,81.9,7,Female,65.71
3.57,2.76,3.71,4.0,2.59,2.01,2.98,2.02,59.2,4,Male,41.85
7.36,3.65,6.87,1.22,0.45,1.55,1.9,2.49,65.6,7,Male,48.06
6.86,3.14,2.62,1.42,3.18,0.8,1.67,1.4,76.5,1,Female,63.07
6.94,3.65,1.87,3.61,3.0,1.1,1.78,3.3,75.0,9,Female,53.01
7.85,6.05,2.58,2.94,3.21,2.32,2.15,1.98,75.2,10,Male,66.84
6.91,6.72,3.21,2.8,1.8,0.98,2.18,3.44,74.8,2,Male,74.86
5.63,3.45,6.51,1.41,1.23,1.23,3.01,0.75,56.4,6,Male,44.39
6.83,3.42,3.13,3.13,1.79,1.66,1.97,2.59,87.7,5,Female,61.59
7.08,2.76,2.38,2.8,2.23,1.35,4.1,1.2,85.5,8,Female,51.87
7.14,6.46,2.33,2.19,0.98,0.94,4.09,1.43,84.3,3,Male,78.48
7.19,6.18,4.98,1.42,0.62,0.68,2.74,2.81,83.2,4,Male,69.02
8.25,4.34,4.8,2.11,1.27,1.19,2.16,1.79,74.6,4,Male,63.25
5.7,2.41,2.87,3.65,0.88,1.66,1.97,4.34,70.7,9,Male,38.38
7.21,2.54,1.06,0.91,2.49,2.12,2.82,2.47,65.8,6,Female,59.26
8.55,4.76,2.03,1.2,1.01,0.17,2.99,1.37,96.5,8,Male,75.1
4.92,5.32,5.74,1.37,1.58,2.43,2.3,2.47,77.8,1,Female,69.64
7.22,1.4,4.4,1.59,2.29,1.0,2.11,1.79,58.1,1,Male,51.3
6.3,4.02,3.59,1.98,2.52,1.85,2.85,2.75,77.6,10,Female,51.69
6.56,6.93,5.93,2.96,1.67,0.68,2.57,1.73,53.0,1,Female,73.66
5.91,4.17,6.05,2.46,1.81,0.07,1.93,2.37,81.0,7,Female,52.48
6.8,6.73,3.45,2.06,0.69,0.28,2.61,2.18,79.7,2,Female,74.3
9.21,5.47,3.48,2.28,2.32,0.97,1.89,2.07,71.5,6,Female,69.09
5.48,2.87,2.74,2.62,2.51,1.57,1.75,2.94,66.7,9,Female,54.47
5.6,4.06,3.13,0.32,0.0,1.22,2.5,0.38,84.7,5,Female,59.66
5.44,4.31,1.57,3.07,2.91,1.02,1.93,2.09,77.0,3,Female,67.99
9.07,3.07,1.56,1.17,0.94,1.98,1.77,1.37,54.7,2,Male,64.67
6.45,3.05,1.26,1.56,1.98,1.2,3.55,0.79,92.4,4,Female,63.99
6.97,6.76,4.91,2.34,1.56,1.4,2.11,1.25,66.7,10,Female,60.75
6.52,3.03,1.47,1.92,1.45,3.38,4.34,1.44,62.2,6,Female,59.62
5.87,6.12,6.03,2.49,1.33,1.19,3.13,1.79,94.3,5,Female,66.65
6.72,3.85,2.55,2.14,0.71,0.71,1.68,2.3,90.7,7,Female,56.4
9.95,4.46,5.76,1.71,1.92,1.54,3.66,2.49,73.0,6,Male,65.06
8.67,5.34,3.03,3.53,1.27,1.71,1.78,1.63,63.0,5,Female,67.01
5.98,3.6,1.46,2.71,0.45,1.41,4.47,3.43,67.1,2,Female,61.68
7.78,5.35,5.17,2.3,0.67,1.31,2.73,1.67,72.8,5,Male,62.62
6.0,1.43,5.32,2.69,0.47,2.24,3.04,0.25,92.6,3,Male,46.4
4.87,5.16,2.32,1.29,1.08,2.15,2.53,1.69,93.5,4,Male,72.44
8.22,0.8,3.07,4.17,1.89,1.12,2.77,2.04,80.0,4,Female,55.04
8.39,4.16,2.32,0.91,0.93,0.75,2.27,0.0,85.8,1,Female,68.2
8.26,5.78,3.34,2.11,2.28,1.5,1.57,3.09,75.5,6,Female,72.92
6.44,5.43,3.64,1.71,1.4,0.75,2.84,1.91,67.5,2,Male,66.85
6.8,2.55,3.04,1.68,1.27,1.82,3.52,0.96,60.0,5,Female,48.59
7.9,2.75,1.14,1.55,1.51,1.5,1.31,1.14,81.9,9,Male,51.6
7.47,3.47,2.74,1.23,2.62,3.07,4.04,2.69,88.8,9,Female,62.25
6.53,4.78,4.41,3.19,0.4,2.23,3.1,2.8,71.9,10,Female,50.79
5.06,1.45,3.23,0.8,2.83,0.44,2.06,1.42,92.3,2,Female,54.62
7.14,4.48,3.07,2.98,2.27,0.84,2.05,0.78,73.4,9,Male,60.83
8.29,4.97,2.29,2.65,1.48,0.0,4.36,2.12,79.0,9,Female,60.98
5.56,4.08,2.71,1.62,2.45,0.0,3.44,2.28,75.3,4,Female,60.18
7.77,5.29,5.33,2.53,1.24,1.28,3.64,2.51,92.8,4,Female,64.99
7.4,4.84,2.02,1.84,1.73,0.37,2.25,1.49,83.9,2,Female,71.17
7.9,3.69,4.44,0.9,1.07,2.35,3.06,1.89,77.3,10,Male,58.41
8.05,1.6,3.56,0.91,2.27,2.01,2.85,2.02,78.9,6,Male,55.84
6.17,4.7,3.82,2.66,0.93,1.01,2.33,2.87,63.7,3,Male,64.9
5.06,3.07,2.55,2.6,1.46,0.97,2.61,3.2,51.2,1,Female,52.5
6.36,3.63,3.04,2.24,2.04,2.24,3.61,3.44,71.6,6,Male,59.04
8.07,5.22,3.49,1.61,2.34,2.4,4.1,3.17,75.7,10,Female,66.85
6.35,6.63,2.82,1.81,0.84,0.55,2.25,3.63,84.4,4,Female,77.24
6.17,4.44,3.93,1.67,2.1,0.46,1.19,2.91,76.0,8,Male,62.69
4.81,5.33,4.09,0.25,0.71,0.99,4.14,1.47,72.4,4,Female,63.12
9.1,2.33,6.32,2.06,0.0,1.5,4.16,3.38,42.6,10,Female,36.82
7.99,4.87,3.86,2.52,0.9,0.84,2.9,0.76,84.3,7,Female,55.95
7.92,4.41,1.01,2.07,2.17,1.52,4.29,4.13,80.5,9,Female,66.51
8.16,6.34,5.01,3.77,1.49,2.57,2.83,1.12,87.8,7,Female,71.23
7.69,3.69,3.23,1.0,1.07,0.22,1.59,2.8,78.3,5,Male,65.79
6.71,4.14,6.12,1.34,1.54,0.89,1.19,3.3,91.8,1,Female,65.11
6.8,6.09,5.41,2.13,1.52,0.23,1.18,2.41,71.4,4,Female,67.32
6.49,4.36,2.84,2.24,2.0,0.61,2.5,0.15,77.5,3,Male,60.53
10.16,2.84,4.44,0.1,0.21,0.99,2.03,1.15,80.9,9,Male,51.19
7.67,8.33,2.73,2.6,1.42,0.69,1.92,2.32,85.9,6,Male,84.68
6.44,2.88,3.5,2.25,1.6,1.56,2.39,2.57,83.0,6,Female,58.93
7.56,4.4,4.38,0.0,0.41,1.31,3.36,1.84,83.7,10,Male,60.9
5.79,5.02,4.95,1.88,0.4,1.41,1.95,2.07,81.2,9,Male,56.51
8.81,4.9,4.66,1.19,1.21,0.99,1.78,0.68,75.7,7,Female,69.83
6.21,4.22,3.6,1.55,1.51,1.05,2.02,3.6,88.8,4,Female,64.56
7.6,4.22,6.73,0.66,1.51,0.95,3.42,1.66,57.9,2,Female,61.64
8.28,4.15,3.03,2.42,1.05,1.03,2.43,2.71,70.5,6,Female,57.93
7.46,2.83,1.41,3.76,1.02,1.49,2.78,3.26,97.1,10,Male,46.33
7.11,7.73,1.66,2.27,1.18,0.0,4.05,0.96,69.9,5,Female,75.69
7.01,4.17,5.42,0.0,1.74,1.4,5.34,2.12,77.1,10,Female,52.57
6.93,5.4,3.4,2.29,2.5,0.59,3.14,2.25,94.7,2,Male,76.44
6.31,4.0,3.71,1.81,0.0,0.96,3.04,1.77,76.5,1,Male,62.06
6.46,3.97,2.79,0.9,2.0,0.11,1.32,2.83,68.0,6,Female,61.15
8.78,3.82,2.91,2.35,1.41,0.95,2.87,1.4,92.4,4,Female,73.19
6.87,2.18,2.48,2.88,1.92,1.39,2.56,2.05,74.5,1,Female,61.5
6.06,4.26,4.11,1.33,2.45,1.52,3.39,1.67,75.3,10,Female,51.63
6.38,3.89,3.37,0.36,0.9,0.37,2.11,4.09,54.2,4,Female,50.96
8.32,6.26,4.07,0.0,2.26,1.49,2.7,1.4,76.5,3,Male,76.11
7.81,2.7,3.94,1.33,0.5,2.0,3.11,2.67,86.2,6,Female,60.44
7.67,3.63,2.95,1.84,1.6,0.85,4.4,3.62,72.8,9,Male,53.62
6.69,3.15,1.6,1.48,1.31,1.2,4.06,1.17,62.6,2,Male,62.41
7.69,6.66,1.49,1.32,1.54,0.0,3.77,2.09,72.2,4,Female,79.62
6.23,3.2,7.43,2.57,0.71,0.57,3.23,1.11,70.6,8,Male,40.52
6.69,5.34,5.42,2.46,1.85,1.39,2.07,0.19,75.0,7,Male,59.54
8.16,5.96,5.24,2.2,2.77,1.87,3.23,1.29,71.8,2,Male,72.27
8.05,4.28,2.62,2.82,0.72,0.78,1.73,1.49,98.0,1,Female,80.16
5.82,2.43,3.51,1.34,1.65,3.07,2.29,1.54,81.6,8,Female,48.17
5.97,2.45,2.44,0.91,2.18,1.42,4.28,1.73,57.1,3,Female,57.34
7.13,5.79,1.79,1.48,1.26,0.31,3.04,2.01,78.9,1,Male,80.21
9.07,2.61,2.73,1.41,2.59,2.1,2.73,0.92,77.5,9,Male,58.9
4.7,5.09,5.22,0.0,1.16,0.32,2.86,2.32,92.3,7,Male,59.55
7.33,4.67,4.59,1.45,1.41,1.43,2.41,3.09,76.1,5,Female,59.98
5.35,5.07,2.24,3.1,0.71,0.55,0.34,3.2,75.8,5,Female,60.31
6.24,5.21,3.09,2.8,1.6,0.25,1.24,1.77,100.0,9,Male,61.67
6.56,3.1,4.47,2.53,1.5,1.87,3.12,2.8,65.2,8,Female,49.06
6.5,3.04,2.76,2.13,2.01,1.02,1.58,1.39,87.6,6,Male,61.03
6.36,5.57,3.6,3.45,0.99,2.41,2.39,1.69,78.8,6,Female,65.38
7.01,3.56,4.02,0.94,0.95,0.49,1.27,2.36,72.0,6,Female,57.38
6.36,0.37,4.01,1.04,1.87,0.11,1.78,1.7,70.2,4,Female,46.62
5.25,5.47,3.83,3.12,2.62,0.86,2.5,0.86,94.3,6,Female,59.5
7.94,2.95,2.65,2.03,2.0,3.22,3.42,2.75,83.6,7,Male,54.2
7.9,5.2,2.78,1.33,2.98,1.78,3.62,1.25,85.2,7,Male,66.53
8.01,6.59,2.03,2.55,1.94,1.59,1.77,1.53,88.7,4,Male,84.52
5.15,4.53,1.47,1.56,1.92,1.61,2.81,2.95,82.1,9,Female,54.75
7.36,5.99,3.35,1.16,2.04,0.86,1.07,2.48,65.3,4,Female,72.84
7.81,4.73,4.56,1.13,2.69,3.11,2.56,2.16,59.1,8,Male,58.33
5.76,6.88,1.71,2.32,2.49,1.52,3.45,0.68,96.5,5,Female,79.48
7.01,2.91,3.85,2.21,0.63,1.46,2.43,0.95,80.5,10,Male,47.19
6.86,4.49,4.52,3.52,2.14,1.89,3.82,2.36,79.0,8,Male,57.49
9.21,5.51,1.11,1.71,1.71,0.31,3.34,2.57,99.7,8,Male,75.39
9.31,4.21,3.15,1.69,1.34,0.58,2.74,2.23,65.2,7,Female,63.84
5.0,6.23,5.64,3.44,0.08,1.03,2.25,1.57,47.7,2,Male,62.53
9.99,3.85,4.22,2.99,0.27,1.89,1.97,1.54,56.3,10,Female,55.5
5.9,7.6,1.07,2.14,1.21,0.29,1.04,2.19,71.6,8,Male,72.84
8.18,7.68,4.36,0.44,0.33,1.15,1.2,0.87,79.4,1,Male,82.93
8.16,4.92,2.53,1.19,1.22,1.05,3.49,2.08,94.7,3,Female,76.26
5.81,5.33,4.4,0.95,2.07,0.1,4.01,0.75,88.1,2,Male,75.16
7.59,6.29,2.6,2.04,1.04,0.84,1.42,1.05,47.3,2,Female,71.77
6.87,2.72,3.43,1.49,1.57,1.58,2.57,2.16,100.0,5,Female,63.3
7.67,2.53,2.8,3.6,0.64,0.16,0.93,2.52,73.1,8,Male,51.49
7.28,6.38,3.5,0.43,1.74,2.19,1.52,2.31,92.7,7,Female,78.83
8.44,4.91,2.76,0.84,1.91,1.53,2.76,1.0,84.6,10,Male,69.13
7.09,4.16,3.21,2.24,0.36,1.44,1.98,0.32,78.1,1,Male,62.67
6.8,4.52,1.97,2.52,0.9,1.21,0.58,1.99,75.2,7,Female,59.52
8.32,0.92,4.14,0.0,0.49,0.44,4.22,0.29,64.7,3,Male,47.72
7.7,4.21,3.73,0.26,1.91,0.75,2.45,2.85,62.5,1,Female,72.14
7.88,3.37,1.4,1.74,1.63,1.45,1.4,1.03,76.0,10,Male,60.81
6.2,5.88,4.79,3.36,1.46,0.74,2.63,4.01,61.3,2,Female,65.9
5.75,5.99,3.27,3.89,1.4,1.33,2.42,1.13,97.8,4,Male,74.11
6.32,5.37,3.71,1.59,1.76,0.57,2.92,2.42,79.2,6,Male,63.83
6.26,5.09,4.49,1.83,1.77,1.52,2.16,1.34,100.0,4,Female,67.47
7.94,2.25,3.93,1.16,1.1,1.57,2.81,1.85,72.8,2,Female,54.57
8.17,5.39,5.01,2.63,0.99,0.06,3.44,2.17,70.9,3,Female,65.69
6.81,5.44,3.12,3.53,1.45,1.25,1.18,2.77,85.1,7,Female,65.24
8.72,6.37,4.84,3.26,1.35,0.13,1.81,2.92,74.9,1,Female,79.56
8.64,7.68,3.66,1.97,3.15,0.0,3.34,2.65,89.7,1,Male,92.01
7.29,1.96,4.16,1.16,1.19,0.78,1.95,2.93,95.3,3,Female,58.98
6.01,3.92,4.02,2.01,1.73,3.16,2.42,1.45,91.2,10,Male,55.7
8.89,3.39,5.11,3.38,1.87,1.74,2.03,2.58,94.4,2,Male,65.98
6.93,4.76,4.44,1.6,2.62,2.17,2.09,1.69,87.8,7,Male,60.2
7.15,4.52,2.92,0.18,0.85,1.63,2.01,2.89,71.4,4,Female,64.06
6.59,4.15,2.67,1.64,2.57,1.34,1.24,2.1,91.7,6,Male,69.12
5.93,6.04,3.44,1.72,1.38,1.83,2.96,2.56,86.4,3,Male,73.55
5.24,2.85,2.51,0.18,3.5,0.75,3.56,2.26,70.6,10,Female,46.13
7.76,2.94,2.13,2.23,1.79,1.53,2.32,2.68,72.1,5,Male,64.04
6.06,2.96,0.73,2.51,0.52,2.02,3.45,1.27,76.9,1,Male,67.76
10.67,3.96,1.49,3.86,1.34,1.69,2.01,0.59,91.3,3,Male,78.68
5.7,2.66,6.08,0.67,2.57,2.07,1.95,2.89,79.4,4,Male,55.76
5.49,4.43,2.65,2.73,1.57,1.33,2.91,3.21,77.9,10,Female,55.24
7.61,4.25,5.97,2.97,1.45,2.38,2.93,1.9,76.1,1,Female,64.4
8.84,3.32,4.02,2.52,2.08,1.05,2.39,2.73,73.8,3,Male,64.1
7.08,5.81,3.44,0.99,1.22,2.68,3.18,0.53,64.0,2,Male,74.22
7.69,4.41,1.55,0.94,1.33,1.6,1.21,1.44,87.5,2,Female,78.02
4.79,6.09,3.51,2.1,0.74,0.93,2.2,2.07,65.8,10,Male,57.12
6.19,4.21,5.96,2.09,2.88,0.37,3.46,0.44,78.8,8,Male,43.06
5.71,4.46,5.52,1.44,0.52,0.63,3.46,0.62,73.1,10,Female,50.33
4.73,3.66,3.86,3.29,1.64,0.53,3.34,2.14,87.2,9,Female,49.21
7.14,4.49,2.01,1.6,1.88,1.14,3.52,1.45,73.9,9,Male,56.27
4.31,5.57,2.26,0.11,1.49,0.31,2.13,1.69,65.9,6,Male,63.56
5.41,3.88,2.39,1.78,0.5,2.1,0.79,1.63,89.9,6,Female,61.88
6.36,5.28,5.16,2.48,0.7,1.28,2.24,0.84,68.1,4,Male,56.15
6.0,3.28,5.62,2.34,1.92,1.25,3.14,1.8,79.9,1,Male,56.61
7.48,5.64,3.75,2.33,0.88,0.38,3.3,1.99,93.3,9,Female,61.22
7.37,3.63,3.11,3.49,0.0,0.66,1.97,1.48,69.2,4,Male,53.86
8.07,5.78,5.51,0.89,1.81,0.0,1.53,1.55,76.8,7,Female,67.82
7.9,4.59,2.23,1.58,0.8,2.33,1.63,1.82,72.8,10,Female,59.08
8.37,6.78,3.57,3.55,2.0,0.21,1.96,2.74,79.6,4,Male,77.51
7.0,2.77,4.1,0.03,1.34,0.26,0.6,1.91,77.2,2,Male,63.28
7.36,2.29,2.38,1.95,1.3,2.19,1.97,0.27,89.0,4,Female,58.82
7.61,3.58,2.67,3.23,1.54,1.47,2.55,0.93,70.6,10,Male,54.16
7.17,2.42,2.57,3.21,0.59,1.28,2.4,2.84,93.3,1,Male,66.64
6.52,2.43,5.34,2.66,0.84,1.44,2.17,1.38,97.3,3,Female,57.72
6.6,5.43,5.99,2.69,1.29,1.87,1.81,1.92,81.1,1,Male,70.81
6.02,4.49,3.65,0.96,0.58,1.27,1.93,3.73,68.5,8,Female,58.84
7.51,3.78,3.15,3.37,2.07,0.12,1.94,2.57,77.5,2,Female,66.27
6.89,3.92,2.72,0.8,1.25,1.71,3.21,0.07,76.5,3,Female,67.35
6.2,3.6,3.5,0.86,0.34,1.5,2.5,3.3,99.3,3,Male,62.31
6.21,6.98,2.78,2.39,1.05,2.02,5.67,2.13,76.8,1,Female,77.77
5.55,3.4,3.37,1.51,1.58,0.33,2.17,2.33,94.6,10,Female,53.62
8.17,2.52,4.04,2.21,1.14,0.69,2.94,2.27,79.3,4,Male,56.31
7.09,5.69,2.97,2.43,1.82,1.47,2.19,2.82,78.5,9,Female,72.56
5.96,4.18,3.25,3.78,1.96,0.54,2.17,1.93,73.7,6,Female,56.04
7.97,7.56,3.26,2.43,3.42,0.0,4.06,0.67,74.9,1,Male,79.73
6.33,3.71,3.09,1.38,2.42,1.34,3.5,2.29,88.7,2,Male,67.77
5.31,5.77,2.93,2.68,0.19,1.83,0.75,0.76,69.2,1,Female,71.78
8.23,6.12,4.49,1.17,1.21,1.11,1.48,3.63,89.5,3,Male,76.33
6.36,3.72,1.2,2.91,1.29,1.58,2.36,1.67,95.3,6,Female,63.66
6.51,3.39,5.55,2.06,1.96,1.48,1.98,1.95,70.9,2,Male,57.94
7.05,5.61,3.68,2.4,0.75,1.21,0.99,1.39,92.5,4,Male,71.82
8.37,5.36,4.29,0.22,1.07,1.3,2.62,2.31,90.6,1,Male,77.12
7.02,2.38,4.44,0.0,0.5,2.14,0.62,2.41,88.4,9,Male,54.98
5.56,2.81,2.58,0.5,1.02,0.53,2.63,1.39,70.4,4,Female,60.91
7.65,0.7,2.31,3.75,1.05,1.74,3.23,2.41,76.6,10,Male,37.56
6.42,5.39,2.16,0.85,1.25,0.37,3.37,2.06,76.6,4,Female,66.14
9.27,4.11,3.18,2.73,0.55,0.64,2.36,1.91,100.0,5,Male,67.54
7.0,4.26,4.41,1.36,2.29,2.04,4.01,1.32,77.9,5,Female,66.46
4.32,1.96,2.74,1.76,1.88,0.35,2.83,4.08,75.8,2,Female,52.09
7.43,2.85,4.29,1.96,0.34,1.03,3.35,3.06,64.2,8,Male,48.04
9.33,3.78,0.42,3.64,1.52,2.85,1.76,2.66,66.3,9,Female,60.06
8.89,3.49,3.0,2.58,0.25,1.92,4.02,3.01,69.8,9,Male,59.29
9.2,4.68,5.02,2.39,2.57,0.68,2.5,2.27,82.3,5,Female,67.13
5.78,5.38,3.28,3.3,2.79,0.8,4.08,1.69,60.9,8,Male,57.69
8.09,7.9,2.42,1.37,1.46,1.08,3.86,0.0,70.0,5,Male,78.29
6.13,4.47,2.65,3.07,0.82,2.12,2.76,0.9,55.7,2,Male,58.57
7.27,6.17,0.0,2.9,0.97,0.5,2.91,3.95,94.8,8,Male,75.23
5.47,3.26,2.18,2.89,1.14,0.46,2.32,3.04,79.3,5,Female,56.24
6.23,1.99,4.87,1.84,1.41,1.7,1.68,2.18,81.7,4,Female,54.07
6.19,3.97,2.74,1.56,2.6,0.02,3.1,0.58,64.9,1,Female,59.37
8.08,2.1,2.9,1.13,2.26,0.56,3.04,2.57,91.9,3,Female,60.41
7.96,4.52,0.47,1.19,2.28,1.14,0.88,1.75,96.0,5,Female,75.36
7.33,3.33,1.38,1.08,1.64,1.18,2.42,2.63,78.8,8,Female,60.48
5.38,1.57,5.05,2.37,0.58,0.24,3.37,1.0,72.3,4,Female,38.09
6.63,7.1,4.3,1.77,0.88,1.45,3.97,1.56,84.6,2,Female,77.37
6.1,3.69,1.81,2.43,1.55,1.59,3.23,2.8,86.8,4,Male,62.38
8.04,2.04,2.68,2.49,0.54,0.74,0.98,3.74,88.4,1,Female,62.76
8.41,5.85,3.46,0.94,1.74,2.36,1.45,1.41,86.0,5,Male,75.02
8.27,3.41,1.95,0.91,2.14,1.44,2.15,1.1,89.6,5,Male,65.52
6.09,6.14,0.89,1.77,1.94,0.5,3.9,2.92,69.7,8,Male,68.63
3.71,3.4,3.29,1.22,1.9,2.33,1.89,0.87,88.9,1,Female,65.84
4.88,3.69,4.24,1.12,0.01,0.83,3.56,0.93,72.6,7,Female,50.41
8.71,5.02,4.27,3.7,2.57,1.33,1.88,2.24,47.9,8,Male,61.24
6.52,5.39,4.64,0.47,0.25,0.86,3.03,3.88,72.4,9,Female,61.82
6.1,5.65,1.48,4.02,1.38,1.64,1.56,1.24,71.4,10,Female,59.84
8.97,4.37,3.58,2.29,1.99,0.86,2.31,1.67,80.9,7,Female,70.03
8.52,5.29,3.15,2.99,1.79,0.91,1.37,2.1,88.1,10,Male,67.74
7.03,5.62,3.39,2.87,0.48,1.09,3.94,1.57,80.3,4,Male,64.72
6.65,4.8,3.22,2.62,0.62,0.85,1.81,0.41,100.0,2,Female,69.05
6.84,4.29,2.64,3.66,1.73,1.95,0.95,2.72,71.7,1,Male,69.07
7.27,2.33,0.0,0.92,1.91,0.32,0.87,2.17,54.1,10,Male,53.1
8.92,5.4,5.01,1.84,0.61,1.17,2.41,2.33,81.3,2,Male,72.46
7.51,4.56,3.93,1.15,1.81,1.26,2.04,1.87,71.5,2,Female,66.19
7.87,3.88,1.57,0.3,0.29,1.11,3.15,3.36,65.0,8,Male,61.72
8.4,6.42,4.12,1.34,2.0,1.88,2.26,1.55,74.4,4,Female,73.72
5.6,2.36,2.92,3.87,0.79,0.15,3.67,1.03,68.6,6,Female,44.62
7.91,6.97,2.96,1.83,1.56,1.6,2.11,3.5,69.8,1,Female,83.42
6.65,4.47,2.5,3.98,1.43,0.33,3.53,0.02,96.3,5,Male,59.83
3.98,4.98,4.2,4.09,2.43,0.84,1.55,1.86,79.5,9,Male,57.49
4.45,3.91,2.46,5.0,1.69,0.26,1.0,1.93,74.8,6,Female,52.61
5.78,2.0,2.07,3.91,1.02,0.97,1.68,1.9,97.2,3,Female,53.02
7.64,4.29,4.97,4.36,1.79,0.8,1.37,0.6,74.5,2,Male,62.64
7.14,5.0,3.27,2.33,3.21,2.35,1.26,0.93,63.2,7,Male,59.26
7.22,5.51,3.31,2.23,2.09,1.37,2.91,2.86,62.1,8,Female,63.6
9.34,4.2,4.4,2.29,1.45,1.51,2.24,3.25,77.0,8,Female,64.09
5.48,1.21,2.63,2.0,0.83,0.42,2.64,1.62,58.3,2,Male,53.39
6.97,2.19,2.89,2.15,1.01,1.72,3.03,1.16,63.9,4,Male,51.98
7.37,7.58,3.9,2.75,2.04,2.35,0.81,0.39,73.4,1,Male,81.84
6.12,2.86,1.5,1.53,0.79,1.81,3.07,2.85,91.6,8,Male,57.07
7.03,6.64,3.79,0.62,1.5,0.28,1.29,2.9,93.5,3,Male,84.99
5.08,3.1,2.52,2.36,2.65,0.88,1.92,0.0,85.9,4,Female,60.01
8.69,4.23,4.61,1.31,1.62,1.28,0.61,0.0,78.0,6,Male,66.1
6.18,5.44,4.21,1.41,0.64,0.8,3.15,2.12,71.2,2,Male,69.02
9.44,3.27,4.04,1.86,3.24,2.97,0.81,2.24,82.7,8,Male,65.41
6.96,6.89,1.41,1.63,2.91,0.86,1.3,1.57,99.4,5,Male,81.01
8.23,4.61,3.37,3.11,1.9,1.17,1.37,1.97,79.7,6,Female,61.63
6.94,5.19,1.97,1.83,2.52,0.78,2.37,1.78,72.5,8,Female,60.77
6.96,4.1,3.45,3.16,1.29,1.36,2.34,2.02,76.1,7,Female,53.91
6.3,5.49,0.49,2.21,2.08,2.17,3.31,1.19,74.8,1,Male,74.55
7.14,6.87,1.5,1.91,1.16,1.28,2.4,1.99,84.6,1,Male,90.28
7.38,4.3,5.05,2.16,0.42,1.05,3.47,1.39,68.8,9,Female,48.76
6.06,7.09,3.98,0.71,3.57,0.45,2.88,1.32,82.9,9,Male,71.68
6.85,3.58,3.04,2.34,0.37,2.05,1.55,0.32,84.8,3,Male,62.07
6.27,5.65,2.32,2.85,1.74,1.1,1.83,1.84,82.1,1,Female,76.18
9.76,5.23,2.09,2.99,1.73,1.07,4.01,2.72,65.0,7,Male,68.3
6.89,2.9,3.76,0.65,1.91,0.0,3.73,1.71,76.2,10,Male,45.01
8.85,4.82,3.05,0.48,1.43,1.11,3.32,1.68,71.7,2,Male,75.31
6.77,4.51,5.51,1.46,1.44,0.92,3.46,3.13,77.1,1,Male,63.73
7.31,3.22,3.26,3.38,1.61,0.0,2.97,2.92,70.0,4,Female,54.46
5.41,5.04,3.58,2.22,1.88,1.89,2.84,3.56,92.9,7,Female,63.56
6.46,4.72,1.69,1.23,1.5,0.83,2.55,4.03,80.2,5,Male,70.97
7.25,4.39,3.03,0.55,1.45,2.53,4.2,2.05,58.6,5,Male,60.67
8.9,4.4,3.73,1.32,0.44,2.19,2.04,0.96,62.0,5,Male,63.67
7.27,4.36,3.02,1.25,3.11,0.7,2.74,1.53,92.5,10,Female,63.77
8.66,3.95,2.87,2.94,1.93,2.16,0.79,2.52,75.8,3,Female,70.34
7.77,4.71,3.92,3.01,1.67,2.33,1.07,3.3,73.3,1,Male,72.3
8.95,3.53,5.47,0.95,1.0,0.81,4.32,1.06,91.5,6,Female,55.84
6.93,8.49,3.69,2.75,0.7,0.48,3.12,2.23,76.2,5,Female,78.57
9.87,2.39,4.99,2.65,2.19,0.0,2.29,1.29,63.7,3,Female,53.69
6.42,3.62,4.31,0.82,1.37,1.47,2.58,1.87,64.5,10,Female,43.67
6.08,3.74,4.91,1.92,2.0,0.52,1.14,1.85,85.5,2,Male,61.43
5.55,7.56,2.71,2.34,0.42,1.49,2.07,2.34,100.0,2,Male,82.04
9.8,2.52,3.23,2.16,2.74,0.8,1.04,3.83,88.1,2,Male,78.36
7.98,5.14,3.24,0.29,2.22,0.65,2.2,2.43,73.4,10,Male,66.69
6.6,4.87,4.21,2.13,1.44,0.81,3.18,1.61,75.3,9,Male,58.29
8.5,5.0,4.53,2.64,1.87,0.29,2.95,1.46,78.6,10,Female,57.62
7.83,6.35,3.66,3.58,2.09,0.81,4.09,1.83,53.8,2,Female,70.2
9.36,6.32,4.64,1.33,0.43,0.68,2.79,1.22,78.3,1,Female,86.15
5.14,3.82,2.77,1.45,2.84,1.19,0.02,2.13,85.0,4,Female,63.22
6.68,4.79,4.65,1.79,1.89,1.27,4.45,0.0,99.3,5,Male,66.27
6.44,1.7,4.82,2.29,0.94,0.45,1.66,1.81,91.1,3,Male,56.96
4.63,4.65,4.38,2.1,0.62,1.97,2.66,1.88,100.0,7,Male,56.83
8.27,3.31,3.67,2.6,2.29,1.09,2.6,0.96,98.2,7,Female,61.96
6.68,4.22,4.43,0.87,1.67,2.25,2.74,1.66,94.7,7,Female,62.81
7.89,1.97,2.34,2.4,1.89,1.37,2.55,3.01,78.3,4,Female,55.62
9.83,5.11,3.76,1.26,1.52,1.25,2.57,3.07,82.1,1,Female,81.8
6.58,1.96,3.89,1.86,0.7,0.86,1.18,1.52,58.0,3,Male,45.59
6.49,4.72,1.77,3.71,1.91,1.63,5.09,2.47,79.6,2,Male,71.24
7.14,2.66,4.12,0.6,1.34,1.22,3.15,0.65,84.8,10,Male,50.46
8.18,3.23,1.88,1.72,1.48,1.8,2.55,1.73,74.6,9,Female,59.92
6.32,6.23,2.94,0.73,3.4,2.32,4.34,2.21,59.5,10,Male,64.04
6.24,5.38,3.55,2.15,2.2,0.69,1.43,3.37,97.0,8,Male,68.41
8.27,6.22,2.55,3.05,2.24,1.63,3.37,3.07,82.9,2,Female,84.13
7.45,6.84,3.61,2.17,3.68,1.61,1.94,2.19,98.6,5,Male,78.88
4.55,3.34,3.59,1.88,1.81,1.52,2.9,1.18,86.9,7,Male,49.16
5.53,6.75,2.43,3.33,1.6,0.9,2.92,3.22,94.4,1,Male,82.18
8.8,2.3,4.24,2.33,0.96,0.91,0.16,1.69,92.0,9,Male,55.29
7.48,5.62,2.51,2.82,1.14,0.79,1.07,2.4,69.8,9,Female,63.77
6.09,3.76,6.47,2.72,0.0,0.78,4.09,1.89,71.9,10,Female,43.5
6.8,3.1,3.36,0.0,2.13,0.61,2.25,3.79,72.9,3,Male,61.65
7.02,5.42,1.98,1.92,0.49,1.13,4.5,1.45,66.4,3,Female,71.91
7.88,5.92,2.22,0.92,2.22,0.67,3.81,2.82,99.2,7,Male,76.74
5.37,5.87,4.99,1.17,1.47,1.5,2.28,1.92,78.5,8,Female,59.06
5.99,4.82,2.97,3.47,1.6,1.24,2.19,2.51,83.5,3,Male,71.02
7.33,4.7,1.73,1.63,1.47,1.32,4.15,3.46,62.0,4,Male,69.13
6.88,5.29,4.61,3.89,2.61,1.01,4.6,0.2,87.8,4,Male,64.55
7.69,4.96,2.96,0.59,2.47,1.25,2.21,1.94,73.1,7,Female,66.22
5.52,5.31,4.35,0.92,1.48,1.03,4.04,1.2,93.1,2,Male,71.86
7.43,4.81,4.72,2.76,0.78,1.75,3.53,2.4,69.8,6,Male,56.18
8.31,5.76,3.86,1.66,2.24,0.89,3.7,2.62,94.0,3,Male,79.22
7.58,2.06,6.61,2.31,0.72,1.46,2.6,1.58,89.3,8,Female,44.49
7.17,4.3,1.26,1.89,0.26,0.29,1.83,1.53,72.4,8,Male,59.99
6.88,2.42,2.44,1.86,1.9,1.7,1.45,2.18,95.0,10,Female,48.24
6.0,4.92,3.17,1.7,2.47,0.81,1.2,0.85,91.8,4,Male,67.42
6.91,6.96,6.44,2.18,1.18,0.56,4.41,2.3,83.9,2,Male,73.77
8.51,3.79,5.84,2.64,1.82,0.4,2.51,1.26,66.1,3,Male,61.7
6.86,4.69,5.18,3.61,1.17,0.35,1.36,2.66,87.6,3,Male,63.77
5.93,5.63,2.47,1.8,2.08,0.86,3.5,0.81,78.8,1,Male,76.11
6.41,1.4,2.62,1.61,2.38,2.25,2.02,1.49,78.6,6,Male,47.06
7.24,3.72,2.42,1.48,1.29,0.75,1.85,1.32,78.9,7,Male,58.53
6.55,5.05,2.48,3.47,0.68,0.0,4.57,1.73,77.6,4,Male,64.06
7.58,0.15,5.44,2.69,0.33,1.46,1.17,3.24,67.6,3,Female,41.5
7.63,3.03,3.18,0.1,2.24,0.42,2.74,2.76,59.8,6,Male,58.75
8.07,6.15,3.36,0.06,0.59,1.77,1.91,1.57,57.3,2,Male,74.61
8.71,6.0,4.51,1.17,1.8,0.91,1.75,1.57,81.6,8,Female,69.37
8.2,5.06,1.34,2.23,2.12,1.01,1.04,2.8,48.9,3,Female,72.94
5.88,5.82,3.57,1.97,1.1,2.04,2.56,0.95,86.7,7,Female,64.45
5.92,4.82,2.07,2.51,1.37,1.63,1.63,2.02,84.1,7,Male,61.37
6.91,5.33,3.12,1.82,2.3,0.33,3.09,1.45,74.4,8,Female,64.35
6.46,4.03,2.74,3.4,0.85,0.43,2.45,1.85,90.3,6,Male,56.89
5.63,4.67,2.67,2.77,0.77,0.0,2.19,2.73,74.9,2,Male,68.49
6.47,3.55,3.79,2.08,1.31,3.02,1.63,1.4,83.0,1,Male,60.74
6.43,6.4,3.79,3.15,2.52,0.6,3.93,2.88,54.5,1,Female,70.13
6.19,6.78,3.21,0.35,2.79,2.02,3.24,3.98,51.1,2,Male,81.45
6.62,6.57,3.98,1.91,1.42,0.83,1.82,2.54,75.2,9,Male,71.26
8.41,3.89,2.37,2.14,0.93,0.44,1.14,1.92,83.1,2,Male,69.85
7.24,3.07,4.39,2.6,2.35,1.22,0.61,3.04,89.4,5,Male,63.7
9.97,6.42,3.23,0.28,0.16,0.97,3.64,1.0,75.9,5,Male,79.37
7.2,5.32,2.87,1.74,1.7,1.76,3.41,3.37,81.0,7,Male,66.45
6.65,4.99,2.47,2.4,1.46,1.77,3.55,1.32,87.4,2,Female,73.62
7.0,3.55,3.19,2.48,2.54,0.79,2.38,3.95,76.5,1,Male,64.43
7.31,5.14,5.93,3.19,2.62,0.19,3.31,1.35,85.0,9,Female,53.0
7.52,2.87,3.42,2.76,0.75,0.36,3.53,2.6,64.5,8,Male,49.01
9.49,5.45,2.01,1.94,1.63,0.0,2.43,0.6,58.1,7,Male,69.02
5.99,6.57,4.69,2.67,1.04,1.01,2.14,1.81,71.6,2,Male,67.26
8.03,6.95,2.89,1.8,1.27,1.19,1.52,1.03,87.3,8,Male,75.17
7.25,5.56,3.87,2.15,1.99,0.4,2.93,0.7,69.5,8,Male,58.13
5.11,2.43,2.71,2.79,1.23,0.32,3.06,3.08,85.8,9,Male,44.58
7.92,4.8,5.17,1.95,1.66,1.19,2.09,0.9,65.7,1,Male,66.08
8.52,7.71,2.73,2.36,2.27,0.76,2.21,1.34,71.0,6,Female,82.16
5.97,3.2,5.32,2.96,2.71,1.05,2.28,1.23,80.9,1,Female,57.79
6.99,4.41,2.14,2.71,1.73,0.94,3.29,3.03,70.0,4,Male,61.2
4.93,6.62,3.12,3.23,1.59,1.37,1.13,2.92,72.0,4,Male,75.12
5.49,5.43,5.32,4.33,0.61,0.8,1.39,3.14,46.7,2,Male,58.19
8.26,8.22,3.72,2.7,2.77,0.86,1.41,1.29,88.1,3,Female,91.23
6.44,3.4,6.45,1.54,1.9,0.0,2.35,3.21,76.6,10,Male,47.62
5.67,3.02,3.15,2.51,1.61,1.16,2.82,1.28,66.7,10,Male,47.27
7.28,6.34,3.83,2.47,1.57,1.26,1.43,1.32,100.0,6,Female,76.2
6.37,2.71,5.98,2.61,1.79,1.08,3.41,1.37,68.5,5,Female,48.34
6.44,4.2,1.53,3.5,2.12,2.54,3.96,1.4,71.8,10,Male,55.87
7.89,4.4,1.37,0.32,2.22,1.31,2.91,1.92,66.5,5,Female,67.91
5.61,6.05,2.47,3.51,2.79,1.09,3.62,1.25,91.2,5,Male,74.01
5.91,5.42,4.56,3.85,1.69,1.55,1.58,2.21,95.2,1,Male,71.42
7.18,5.19,1.41,2.57,2.9,2.68,1.61,0.0,94.0,2,Female,80.81
8.16,3.9,4.28,2.59,2.35,1.38,3.01,2.21,93.9,5,Female,66.69
8.49,6.32,4.18,1.76,1.45,0.0,2.46,1.02,70.8,4,Male,73.88
6.2,10.54,6.12,2.01,0.17,1.5,1.61,1.4,98.1,1,Male,90.58
8.12,5.54,4.86,2.7,1.57,0.58,3.93,1.42,75.7,8,Male,61.93
6.06,4.65,3.97,2.63,2.75,0.0,2.8,2.85,59.5,7,Female,52.55
9.19,2.55,5.27,2.72,0.88,2.39,3.2,2.45,72.9,1,Male,60.53
5.64,3.54,4.2,2.63,1.57,2.24,1.83,1.85,81.9,10,Female,51.95
8.59,4.18,2.9,2.9,1.63,0.57,4.18,1.36,70.3,3,Female,70.29
6.21,3.7,2.01,2.79,2.25,0.57,2.34,2.7,79.8,4,Female,64.53
9.42,4.48,2.76,0.98,1.19,1.31,3.52,3.62,84.4,2,Female,78.7
7.71,7.17,3.45,2.83,0.8,0.58,1.92,1.97,82.9,9,Male,67.44
5.78,6.37,3.73,3.86,1.96,1.11,2.67,0.56,85.9,10,Male,63.13
6.37,4.26,0.72,1.97,0.91,0.7,3.06,1.37,75.8,10,Male,53.58
7.94,2.69,3.21,3.5,0.03,0.92,4.5,2.5,69.3,1,Female,60.28
8.26,6.51,3.54,1.08,2.97,0.22,2.06,1.6,60.4,10,Female,64.04
6.92,4.43,4.21,1.97,2.24,1.78,2.7,1.23,76.9,1,Male,65.84
7.05,1.91,5.61,1.36,3.01,2.04,3.09,1.19,71.6,8,Male,47.93
7.91,5.57,3.74,3.38,2.2,1.13,1.09,2.08,76.6,7,Male,71.87
7.16,6.04,2.32,3.64,2.04,1.17,0.33,0.62,53.2,9,Male,64.95
5.45,0.86,1.14,1.9,1.8,1.64,1.5,1.97,59.8,6,Female,43.52
6.02,3.26,4.39,3.17,1.35,1.2,3.47,2.08,84.1,4,Female,52.41
7.28,4.33,2.37,3.65,1.91,2.41,4.22,1.6,58.4,7,Female,56.09
8.46,5.6,4.63,1.97,1.06,0.28,1.58,1.06,75.7,6,Male,66.94
8.94,3.73,5.32,2.13,0.64,1.8,1.28,2.92,68.0,2,Female,63.31
7.94,3.25,1.49,2.73,1.23,1.12,4.03,0.8,67.3,7,Male,52.74
7.34,5.59,4.22,1.16,2.53,0.42,1.93,2.16,79.0,7,Female,71.34
7.9,3.8,5.18,2.11,0.51,2.77,2.13,2.65,78.3,3,Female,66.43
6.2,5.31,4.82,4.14,0.53,2.87,3.96,2.14,84.6,7,Female,64.25
6.82,2.83,0.77,1.5,1.97,1.05,3.79,3.11,64.8,4,Male,55.39
6.01,2.47,2.39,2.85,1.17,1.51,3.43,0.98,67.4,6,Male,46.42
5.5,5.63,1.84,2.52,1.89,0.87,0.79,1.29,91.5,4,Female,73.91
7.4,4.88,4.18,1.84,2.29,0.98,1.24,1.58,75.3,7,Female,63.39
7.22,5.88,4.04,2.22,1.87,0.41,3.62,4.96,82.4,1,Female,75.17
7.83,3.7,0.0,3.75,0.99,0.3,2.82,2.46,72.0,2,Male,64.92
7.66,3.31,3.11,2.55,2.53,2.49,1.72,2.63,83.5,5,Male,61.2
7.29,6.54,4.54,2.71,2.09,1.17,2.16,2.59,48.1,7,Male,69.29
7.67,2.22,3.69,3.6,1.52,1.24,3.61,2.07,91.8,8,Female,46.4
6.95,6.38,3.69,1.71,1.48,0.63,4.03,2.94,72.5,2,Male,70.0
7.5,6.48,3.03,0.95,1.8,1.33,2.49,0.32,63.0,7,Male,66.32
6.13,5.79,2.12,3.77,1.25,0.15,1.81,2.25,65.3,10,Male,58.36
7.44,3.47,3.48,2.14,0.2,0.66,2.22,2.39,74.8,7,Male,53.57
7.8,3.28,3.57,2.89,2.1,0.36,3.84,2.92,76.7,1,Male,65.03
6.2,4.18,4.3,1.24,2.05,2.11,3.82,0.96,79.7,7,Female,56.02
7.06,2.56,4.41,2.39,0.0,0.04,2.69,1.03,63.7,4,Female,48.18
6.25,3.06,3.61,0.9,1.91,0.37,1.97,1.08,88.5,1,Male,64.52
6.37,5.47,4.92,2.06,2.91,0.0,3.58,2.47,71.7,5,Female,68.19
5.65,5.47,3.01,1.35,0.6,0.58,4.12,2.48,71.1,1,Female,73.93
8.52,2.93,1.62,1.12,1.44,0.88,1.05,1.15,75.3,2,Female,67.19
8.28,5.51,4.12,1.7,1.35,1.88,2.27,3.72,86.0,2,Female,79.78
7.64,5.18,3.66,0.0,2.83,1.04,3.66,2.26,77.6,3,Female,74.58
9.37,6.76,4.15,0.84,2.4,0.91,2.57,2.11,71.5,10,Male,73.81
6.77,5.35,1.86,2.78,0.8,1.41,2.01,1.81,74.1,3,Male,71.64
10.64,6.09,5.83,2.35,1.77,0.89,2.69,2.84,92.6,9,Male,73.57
6.73,5.22,4.42,0.93,3.34,2.89,2.87,2.35,90.7,2,Male,79.34
7.31,5.97,3.13,2.55,1.0,0.79,1.37,3.7,82.4,6,Female,72.08
6.52,2.57,2.28,1.12,1.49,1.49,2.59,0.91,79.8,4,Female,58.93
7.45,4.32,4.9,2.72,1.91,1.78,2.87,0.61,100.0,4,Female,69.6
8.0,4.44,2.07,1.88,1.01,0.77,2.01,1.33,83.6,6,Female,66.27
6.86,4.13,6.44,1.67,2.91,1.32,1.72,2.5,80.2,10,Female,51.61
9.13,5.17,2.7,1.91,1.12,0.85,1.96,1.61,75.6,7,Female,64.03
7.29,5.45,5.74,4.56,0.39,1.39,1.53,3.14,82.3,1,Male,69.33
7.32,5.09,3.26,1.24,1.08,1.27,3.35,1.65,41.5,10,Female,54.74
5.91,4.23,5.55,2.23,2.02,1.1,1.52,2.97,90.3,1,Female,61.5
7.5,3.4,2.54,2.78,0.86,0.39,2.69,1.25,62.7,5,Male,53.63
6.84,6.15,3.52,1.04,1.74,2.5,2.13,3.06,69.4,7,Male,71.71
6.27,5.02,4.55,0.41,1.95,1.61,1.79,3.23,61.2,6,Female,61.48
6.07,2.97,4.36,1.4,0.53,0.09,3.87,1.49,69.2,6,Male,47.78
10.21,4.21,4.93,2.76,1.05,0.91,2.37,2.44,73.9,8,Female,62.4
6.68,1.89,2.87,1.66,1.78,0.1,1.83,2.24,88.7,10,Female,47.33
5.25,4.55,3.61,1.77,2.06,1.73,1.73,2.47,93.5,3,Male,69.5
6.16,4.2,5.12,2.91,1.07,1.18,2.84,3.16,100.0,9,Male,52.23
6.94,3.64,2.58,1.19,1.62,1.2,3.33,2.88,79.2,1,Female,69.22
7.66,6.88,4.24,1.91,1.27,0.61,3.77,2.46,75.4,10,Male,61.92
7.67,2.77,3.22,0.49,2.08,0.98,2.33,2.6,87.4,4,Female,59.99
7.81,5.56,3.77,2.32,1.92,1.75,2.27,0.86,67.8,8,Female,62.29
6.23,7.78,3.61,2.23,1.2,1.94,2.63,1.96,66.4,3,Female,78.91
7.41,6.12,2.48,2.8,1.88,1.79,2.67,1.01,73.6,10,Male,65.42
5.95,4.45,3.16,0.85,1.17,0.11,1.73,1.98,77.6,6,Female,58.6
6.26,2.8,3.69,1.81,1.87,1.07,3.96,3.01,53.2,7,Female,49.16
5.9,2.46,3.37,0.72,1.88,1.38,2.52,1.99,90.8,3,Female,60.91
5.57,3.88,5.54,1.75,3.4,0.69,3.03,0.0,80.9,6,Male,58.05
8.28,3.47,4.81,3.48,1.23,0.04,2.92,1.06,87.6,8,Male,50.73
7.83,3.42,3.88,1.68,1.39,0.3,2.9,2.52,59.2,6,Female,58.18
8.17,4.01,2.51,0.63,0.98,2.25,1.5,1.51,70.0,2,Male,74.79
7.05,4.35,2.43,1.32,0.67,0.37,2.49,2.71,69.4,10,Female,57.95
7.93,5.23,6.07,0.39,1.13,1.23,4.78,0.91,75.6,3,Female,67.84
4.89,2.64,2.19,0.7,2.03,1.09,4.09,2.34,77.6,2,Female,60.32
8.04,3.48,3.65,2.67,2.09,1.09,2.66,2.39,88.4,7,Male,61.14
7.21,4.26,3.97,0.55,1.74,0.98,2.13,2.71,79.2,6,Female,59.51
7.75,4.21,3.1,2.31,1.26,1.75,0.28,1.41,69.1,5,Female,61.9
7.46,7.25,2.2,2.03,1.11,1.22,2.0,2.7,100.0,4,Female,84.97
5.82,4.85,2.48,1.47,0.77,0.76,2.42,3.36,74.8,1,Male,66.69
5.2,2.08,2.79,2.23,1.05,1.24,2.18,0.0,67.1,7,Male,47.83
6.15,5.13,2.58,1.06,0.46,0.31,2.25,2.05,55.4,3,Female,65.23
7.68,5.32,5.23,2.84,2.59,1.53,3.12,0.37,79.1,7,Female,68.1
7.83,4.31,3.49,1.3,2.97,0.72,1.5,1.23,86.3,9,Female,65.47
5.36,2.68,2.82,1.61,0.0,0.76,2.77,1.3,64.3,4,Male,45.53
5.82,7.14,3.64,1.49,1.73,1.56,2.39,1.94,85.5,6,Male,78.21
6.13,2.9,4.37,2.69,1.72,0.91,1.62,2.34,79.0,7,Male,49.24
6.57,5.49,3.05,2.54,1.67,0.95,4.17,2.81,56.7,6,Female,65.22
5.37,4.8,4.67,0.0,1.03,2.02,3.25,2.24,85.5,6,Female,66.2
5.29,5.4,1.85,2.25,2.32,0.52,1.71,2.61,74.8,5,Male,71.5
6.01,7.06,5.02,0.26,1.83,1.55,3.02,1.03,64.5,2,Male,77.49
7.1,5.34,3.49,1.66,2.33,1.86,1.11,2.95,89.5,7,Male,71.84
5.58,3.66,3.44,1.89,0.91,2.02,1.84,0.0,89.3,7,Male,56.03
6.86,6.16,2.6,1.65,0.39,2.72,3.83,3.37,64.2,5,Male,75.18
8.27,3.55,1.9,2.5,1.85,0.75,2.85,3.21,81.5,1,Female,71.75
5.44,4.75,1.33,2.72,0.73,0.59,2.77,2.68,80.4,1,Male,68.25
6.75,2.56,2.51,1.23,2.34,1.77,3.49,4.01,77.2,9,Male,54.44
8.23,2.95,4.26,1.19,0.0,1.86,3.11,0.38,71.8,2,Female,62.4
6.5,4.58,2.25,1.96,1.13,0.65,2.23,2.7,76.2,10,Female,60.43
6.31,5.05,1.49,0.46,1.01,1.54,3.44,2.12,89.3,1,Female,74.04
8.4,1.95,2.32,1.52,1.23,3.11,0.81,2.22,82.9,1,Male,69.52
6.63,5.25,3.0,3.35,1.71,1.27,1.83,0.95,54.9,3,Male,66.19
8.33,3.27,3.05,0.49,1.82,1.85,2.4,2.36,52.3,3,Male,61.23
7.51,6.42,3.33,1.66,2.01,2.3,3.05,2.31,55.7,4,Male,70.32
6.59,3.97,4.84,1.41,2.1,2.95,2.18,1.38,61.7,2,Female,66.26
7.58,2.81,5.12,4.01,1.36,1.37,0.72,1.94,68.9,2,Female,59.92
7.38,4.61,6.11,1.46,3.19,2.08,0.58,0.82,72.6,8,Male,64.01
8.23,3.13,1.39,1.52,2.61,0.65,2.43,1.64,77.2,10,Female,54.07
6.34,6.4,2.39,0.97,1.25,1.22,2.02,2.86,77.6,1,Female,79.52
7.05,4.5,4.41,2.01,1.39,0.89,1.59,2.88,77.4,7,Female,59.98
6.93,4.27,2.91,2.27,1.23,0.0,1.42,2.69,91.7,6,Male,68.38
7.84,5.39,4.62,1.11,1.79,0.08,2.63,2.86,57.9,7,Female,63.79
5.77,2.99,3.77,2.99,0.72,1.5,3.8,2.88,82.0,4,Male,53.24
8.22,2.57,5.55,2.27,0.87,1.51,2.63,1.42,81.9,3,Male,56.68
7.56,5.11,4.86,2.85,0.0,0.47,3.82,2.31,62.8,8,Male,55.74
5.42,2.85,4.88,1.67,1.18,2.29,2.13,2.98,84.4,7,Female,52.8
8.45,2.85,2.96,2.24,2.35,0.42,2.94,0.76,82.5,7,Female,62.32
9.68,5.76,3.37,1.79,1.38,1.38,3.85,0.75,77.5,2,Male,82.22
8.2,5.29,3.1,3.46,1.42,0.91,2.34,0.7,49.0,6,Male,64.23
8.71,2.62,1.54,2.12,1.72,1.27,2.53,0.39,89.6,10,Female,54.45
7.1,3.57,5.41,2.01,0.7,1.83,2.13,1.05,80.7,6,Female,52.74
5.01,3.14,4.47,1.54,1.52,1.73,3.09,1.53,82.8,9,Female,44.85
4.79,7.16,3.05,1.48,2.21,1.7,3.4,3.36,40.0,8,Female,63.73
7.31,5.86,5.2,2.24,1.75,1.61,2.85,1.61,71.6,4,Female,66.51
6.29,3.87,2.68,2.82,2.28,0.31,2.27,0.64,60.8,5,Male,58.05
5.9,5.36,1.11,1.32,2.51,1.99,1.0,2.15,93.5,4,Male,80.02
6.92,2.47,4.81,2.13,2.03,0.46,2.45,1.83,64.7,5,Female,50.08
7.74,3.49,1.84,2.18,0.93,1.13,2.31,1.3,95.8,2,Male,72.55
5.26,4.66,3.25,2.36,1.22,0.95,2.74,1.47,89.4,1,Male,66.26
6.46,5.18,3.77,0.29,3.05,1.45,2.62,2.96,80.7,8,Female,62.17
8.81,4.35,4.0,1.08,1.75,0.86,4.07,0.73,91.6,3,Male,69.12
5.71,4.87,4.6,0.63,1.64,1.09,1.8,0.5,66.7,9,Female,56.89
8.04,4.62,4.26,2.03,0.81,2.33,0.92,2.42,68.8,4,Male,71.03
6.42,4.25,4.21,1.1,1.43,0.29,1.36,1.45,89.1,7,Female,64.45
7.65,4.06,2.47,1.5,2.07,1.2,1.87,3.4,66.7,6,Male,63.01
8.32,3.86,3.88,0.81,1.51,0.42,3.58,1.86,62.1,3,Female,65.34
7.89,4.85,1.54,1.6,1.08,1.67,1.2,1.91,74.1,7,Male,63.95
8.09,5.12,5.53,0.88,1.27,0.69,1.34,2.71,67.4,5,Male,69.16
5.62,4.8,1.68,2.76,2.45,1.23,2.91,0.5,100.0,10,Male,63.93
8.34,2.73,3.05,2.48,2.03,0.27,3.35,2.3,87.3,4,Male,63.84
5.98,3.0,1.79,2.15,1.93,2.1,0.95,1.67,71.1,3,Female,55.89
7.31,5.1,2.55,1.7,1.85,1.25,0.73,2.92,66.0,1,Male,75.77
7.31,6.71,3.52,0.0,0.55,1.3,1.71,1.42,82.1,6,Female,80.34
7.58,4.73,2.81,1.54,1.72,1.78,3.16,2.16,92.3,6,Male,70.53
7.4,3.88,4.99,1.24,2.35,0.32,2.64,1.68,81.5,8,Female,56.6
5.99,4.84,3.79,2.25,1.29,0.77,1.75,2.37,66.6,2,Female,63.81
5.38,2.79,2.9,2.62,2.28,1.32,3.24,1.77,60.8,4,Male,49.84
8.05,6.46,3.33,2.32,1.94,0.0,2.62,2.24,73.5,3,Male,76.67
7.22,4.78,5.09,3.26,2.16,0.04,2.39,3.58,81.8,6,Male,58.06
8.38,3.5,4.68,1.43,1.54,0.63,0.89,1.74,72.4,3,Male,64.06
6.95,4.25,2.02,1.39,2.21,0.4,1.73,2.36,90.1,5,Male,72.36
5.31,3.71,2.62,3.04,0.33,0.96,4.46,4.06,84.3,10,Female,48.13
8.16,6.47,4.12,2.17,1.53,1.57,2.16,2.35,80.8,4,Male,77.7
6.56,4.2,3.96,1.75,2.07,1.72,1.54,0.0,84.1,10,Female,55.93
7.41,4.73,2.13,3.85,1.74,2.47,2.12,1.4,61.3,1,Female,70.86
6.22,5.36,4.47,2.58,2.38,1.18,2.62,0.92,72.0,5,Male,66.01
8.97,3.39,2.34,1.81,1.37,1.31,3.38,2.83,65.5,1,Female,69.13
5.95,4.79,5.19,1.31,1.06,1.18,3.12,1.92,82.6,6,Female,61.92
6.6,4.91,4.19,3.33,0.19,1.42,1.82,2.96,65.7,3,Male,63.3
7.13,2.17,2.03,2.21,1.28,1.48,3.77,2.55,79.0,2,Female,62.18
5.69,4.88,2.81,2.02,1.91,1.85,3.31,2.55,76.0,10,Female,58.47
7.4,4.43,2.79,2.68,2.11,1.84,2.05,0.9,85.2,7,Female,65.51
8.93,4.69,3.71,2.88,0.38,1.56,2.37,2.45,63.6,2,Female,69.65
6.41,4.55,3.23,2.55,2.44,2.26,3.1,3.23,83.4,8,Male,61.85
7.47,4.89,2.01,2.88,0.72,1.22,3.57,0.7,65.2,1,Male,70.26
3.7,6.51,1.69,2.45,1.4,0.77,0.98,1.71,66.4,6,Female,63.0
6.95,2.73,4.21,2.55,1.04,0.89,2.57,2.32,76.3,7,Male,44.73
6.62,3.99,3.87,1.27,1.83,1.13,2.47,2.09,92.3,2,Female,68.86
6.02,5.5,3.64,3.81,1.58,0.44,1.93,3.29,67.9,10,Male,53.16
8.3,5.22,3.85,0.77,2.04,0.77,1.92,2.66,56.7,1,Male,78.53
6.61,5.19,2.7,2.31,2.98,0.4,3.55,2.37,66.7,1,Female,69.4
6.79,8.63,3.74,0.66,1.82,1.44,3.03,2.74,73.4,5,Female,85.32
6.55,5.42,6.8,1.9,1.04,1.45,4.61,2.69,100.0,8,Female,58.41
4.7,6.2,5.03,1.43,1.87,0.0,1.93,2.04,82.7,6,Female,64.34
5.64,4.04,3.13,2.14,3.06,0.74,2.64,1.68,69.0,2,Male,60.44
8.15,3.01,2.82,2.34,2.03,2.48,2.81,2.89,76.3,1,Female,64.14
4.47,4.03,0.0,1.04,2.26,1.64,3.4,1.33,96.9,2,Male,73.22
6.08,5.57,4.89,1.97,0.23,1.52,3.86,1.93,75.1,10,Female,53.4
6.52,5.11,4.52,3.39,1.81,0.74,2.59,0.96,75.3,10,Female,56.33
9.09,5.1,2.79,0.69,1.29,1.4,1.41,2.66,73.1,1,Female,82.56
7.92,4.18,1.64,1.15,0.96,1.19,1.79,3.11,86.4,8,Male,61.38
6.33,3.94,2.0,2.86,1.48,0.64,2.64,1.16,71.7,9,Female,56.64
8.57,4.23,4.08,2.08,1.59,0.85,3.62,1.86,88.5,6,Male,61.61
6.11,5.59,3.38,2.15,1.0,0.87,1.05,1.57,90.8,2,Female,72.45
8.21,5.76,4.4,3.02,1.65,0.16,1.33,2.97,85.4,2,Female,71.38
5.37,2.99,3.61,1.21,1.36,0.27,3.26,3.28,75.3,7,Female,46.21
8.29,5.64,4.76,1.48,2.06,1.06,1.21,1.57,61.2,6,Female,60.88
6.51,3.52,3.98,1.36,1.68,0.61,1.37,0.0,75.3,2,Female,60.31
5.77,5.2,4.58,1.65,1.8,0.99,3.64,3.04,70.0,1,Male,67.39
6.74,4.21,0.78,3.34,2.28,0.08,2.28,2.04,68.7,5,Female,62.41
7.33,6.85,1.9,0.3,1.94,1.76,2.2,2.04,75.1,4,Female,76.84
6.41,3.87,3.03,0.81,1.5,2.66,3.87,2.87,83.8,10,Female,51.19
7.66,4.77,4.9,0.63,0.0,1.92,1.44,1.67,70.5,8,Female,58.65
6.3,5.41,5.94,3.4,1.91,1.99,1.24,1.43,61.5,5,Male,61.41
7.74,3.19,3.29,1.39,0.77,1.64,4.13,1.68,66.5,6,Male,55.58
7.53,4.39,2.7,1.67,1.43,1.39,2.73,2.44,98.3,6,Female,74.1
6.93,4.1,0.96,0.39,1.8,1.26,3.18,2.79,84.6,7,Male,66.76
6.47,3.73,4.62,1.74,2.57,0.56,2.19,3.47,66.5,6,Female,56.56
7.18,3.84,2.78,2.87,2.97,1.68,2.39,2.36,93.5,2,Female,71.37
7.66,6.17,7.35,2.25,0.76,1.64,1.8,1.87,75.1,6,Female,61.25
9.47,3.6,2.54,1.89,0.45,0.88,2.82,2.8,100.0,8,Female,64.4
8.13,5.35,6.24,0.44,1.76,1.57,3.33,1.13,81.1,10,Female,62.68
8.17,4.97,4.47,1.67,1.69,0.71,2.7,3.28,84.8,10,Male,64.01
10.71,2.4,2.16,2.15,0.54,0.76,3.56,2.19,88.0,7,Male,61.61
7.62,5.28,3.8,1.01,1.49,1.74,3.16,1.79,95.8,10,Female,70.05
7.58,2.38,4.5,2.65,1.98,1.5,1.45,1.13,72.7,1,Female,59.87
7.84,5.44,3.21,2.89,0.52,1.04,2.36,2.56,94.8,1,Female,77.98
5.79,3.74,4.59,1.47,0.7,0.96,2.05,1.75,70.5,2,Male,62.46
6.47,4.51,4.56,2.73,0.98,1.32,3.25,1.92,73.7,1,Male,61.8
6.39,2.56,4.28,1.89,1.33,0.0,2.96,0.5,78.1,7,Male,51.52
7.78,4.68,3.48,3.15,2.06,0.67,2.63,1.61,89.0,6,Male,62.95
6.79,5.89,1.97,4.03,1.24,0.31,3.51,1.49,74.0,6,Female,65.05
7.17,3.29,3.4,0.91,1.54,1.21,0.63,2.38,97.8,6,Female,58.58
8.3,3.59,3.73,2.77,3.3,1.96,1.9,1.76,93.9,5,Male,68.26
8.04,5.18,1.06,3.3,0.73,1.53,1.98,0.0,78.5,9,Male,68.35
6.81,5.22,3.72,1.03,0.98,0.84,2.75,1.63,66.4,3,Male,63.87
6.2,0.85,3.37,1.42,2.04,0.71,3.05,0.69,90.0,4,Male,48.84
8.36,7.52,1.81,1.41,2.29,0.67,2.5,1.06,52.9,1,Female,84.07
7.93,5.29,3.07,1.87,1.83,2.6,1.19,2.9,86.9,6,Female,72.66
5.07,5.55,3.09,1.64,2.95,1.25,2.91,0.48,68.1,4,Female,63.41
6.62,4.28,6.01,1.8,1.75,1.34,2.63,2.27,93.1,3,Male,64.44
7.2,1.72,3.79,2.84,0.0,0.0,1.03,1.54,61.4,6,Male,47.23
7.93,5.51,4.85,0.1,1.58,0.37,2.2,1.37,70.1,10,Female,59.24
8.09,3.65,3.35,1.03,1.04,1.17,2.87,1.12,83.3,8,Female,59.57
7.34,5.32,1.06,2.67,2.61,0.85,4.15,2.29,85.2,2,Male,78.35
7.7,4.17,4.37,2.55,2.27,1.29,1.41,2.39,70.5,4,Male,62.3
7.08,4.86,2.64,0.94,0.23,1.28,3.29,0.45,74.0,10,Female,58.18
6.19,3.34,3.06,2.56,2.58,1.62,1.42,3.04,89.4,3,Female,63.97
6.69,5.8,2.13,3.33,2.25,0.0,1.23,0.93,90.1,9,Male,68.04
7.02,2.72,3.59,1.95,1.24,0.43,1.29,2.35,73.8,9,Female,48.65
6.96,7.87,4.88,0.99,1.44,1.13,3.11,0.94,70.7,1,Female,77.05
4.74,7.86,4.71,2.87,2.61,0.75,2.63,1.59,61.6,10,Male,56.89
6.52,6.95,5.56,3.72,0.0,0.98,2.19,0.85,81.0,8,Female,56.05
7.07,6.41,5.75,1.11,1.86,1.28,2.96,1.52,87.8,5,Male,70.64
6.66,4.37,0.84,2.04,2.37,0.68,2.54,1.82,79.8,4,Male,71.84
6.7,6.25,1.95,3.09,1.43,1.33,2.61,0.97,66.9,5,Female,67.72
7.59,4.36,1.15,2.12,2.02,1.58,2.2,2.28,99.4,3,Male,75.92
5.71,2.17,4.32,0.25,1.58,1.25,1.47,2.4,52.8,8,Female,40.91
5.05,6.75,2.6,2.44,0.87,1.7,4.19,4.44,88.5,5,Female,70.56
6.58,6.19,2.86,1.02,0.85,0.0,3.9,2.84,80.6,5,Male,77.25
7.92,4.45,3.22,0.73,2.07,0.79,4.09,3.06,83.6,10,Male,59.06
9.03,2.66,4.0,0.27,0.99,1.82,1.96,0.41,68.6,1,Male,59.88
7.94,3.62,1.57,3.19,0.28,0.59,1.82,0.24,76.2,4,Male,59.4
5.24,1.77,1.86,1.17,1.6,0.5,2.09,1.73,81.5,7,Female,49.26
6.72,5.92,3.5,2.33,1.09,1.11,3.57,3.61,77.0,3,Male,69.73
7.31,2.1,5.06,2.58,0.54,1.19,2.5,4.23,56.5,2,Male,50.52
7.21,4.93,3.47,2.16,1.56,0.83,1.96,1.38,98.6,6,Female,66.38
7.65,3.23,2.47,2.3,2.11,2.49,2.86,1.47,85.8,2,Female,66.37
5.9,2.36,0.71,2.38,1.52,1.4,1.76,2.49,78.4,5,Female,55.05
7.08,4.86,4.74,2.14,0.65,0.57,1.14,1.82,79.2,1,Male,67.86
7.5,4.0,2.54,1.24,1.89,0.19,2.63,1.85,98.2,1,Female,76.26
7.99,5.76,2.01,1.15,2.33,1.48,1.98,2.57,69.1,8,Male,73.22
6.03,2.6,1.27,1.9,3.27,0.55,2.49,4.44,66.4,2,Female,66.14
6.59,3.36,1.63,1.87,2.65,2.71,0.0,3.17,88.2,1,Female,69.96
3.76,0.92,2.25,2.43,0.7,1.5,1.61,3.68,83.6,1,Female,46.84
6.25,1.22,3.19,3.1,2.19,1.59,2.45,0.34,65.9,6,Female,40.74
6.37,7.2,1.93,2.34,1.71,1.37,0.98,2.97,91.1,6,Female,79.98
5.78,7.63,3.74,1.19,0.58,1.99,1.02,1.15,81.5,6,Female,72.08
7.2,4.64,3.18,0.0,1.73,0.0,2.54,3.51,67.2,7,Male,60.61
6.93,3.26,6.39,1.23,3.03,0.36,3.2,3.22,83.9,7,Female,55.82
4.29,4.05,1.28,0.66,2.46,1.92,1.61,2.54,82.1,8,Female,63.95
7.26,5.81,3.71,1.27,0.69,2.25,2.24,1.33,76.9,9,Female,66.36
5.89,3.73,3.73,2.24,1.51,0.34,2.26,1.56,82.6,3,Male,61.24
7.58,4.86,2.16,2.08,1.89,0.0,0.94,1.64,85.5,1,Female,74.29
5.46,4.48,3.62,3.86,0.12,1.32,3.68,2.69,89.0,9,Female,52.59
7.04,3.65,4.5,2.48,0.14,1.54,2.32,2.36,79.3,1,Male,65.5
6.66,3.71,3.63,3.91,1.62,1.3,2.33,3.28,74.8,5,Male,59.27
7.36,4.94,5.3,2.72,1.63,1.16,2.87,3.45,80.9,7,Male,63.43
7.15,3.03,0.67,3.09,0.03,0.0,0.94,1.24,92.3,1,Female,69.64
6.69,5.18,2.41,1.64,1.81,0.94,3.42,2.43,85.6,10,Male,61.85
5.16,3.79,5.42,0.93,2.37,1.04,3.55,2.42,74.1,10,Male,49.4
5.23,4.69,4.69,1.55,1.33,0.82,2.64,1.91,78.7,9,Female,52.24
6.3,6.58,4.2,1.99,1.55,0.0,2.96,2.85,98.0,7,Male,72.61
6.99,4.25,5.1,1.37,1.96,1.61,2.17,2.44,87.0,8,Male,62.96
6.27,5.88,1.01,1.0,1.85,1.81,3.36,1.48,79.8,6,Male,77.62
7.75,1.81,4.53,2.42,0.17,0.64,1.68,1.87,91.7,8,Female,48.94
6.66,3.79,4.88,0.99,0.78,1.07,2.47,1.69,71.5,1,Female,62.9
5.84,4.54,2.64,0.47,1.18,0.85,2.53,1.35,81.9,3,Female,71.36
6.67,7.38,6.92,0.88,0.81,0.86,2.46,1.92,100.0,1,Female,77.99
7.27,1.56,3.76,1.77,2.67,1.55,3.57,0.83,85.8,2,Male,61.5
7.39,4.36,0.65,1.01,2.01,1.56,4.69,2.43,97.5,6,Male,72.67
9.25,6.69,4.0,1.77,0.61,1.95,2.39,3.26,77.0,8,Female,73.54
6.2,3.32,2.56,2.6,1.33,1.94,2.97,2.05,72.3,9,Male,49.72
6.91,4.18,5.01,2.57,2.4,1.08,1.7,2.85,91.9,2,Male,64.61
7.51,5.0,4.21,1.34,0.98,3.19,3.53,2.14,56.1,7,Male,63.98
6.97,4.78,2.72,0.7,2.18,2.28,1.98,1.08,80.2,8,Female,66.85
6.4,6.85,5.45,1.42,2.61,0.74,5.65,3.81,90.4,1,Male,77.89
5.14,5.17,4.72,2.66,2.47,1.29,0.83,0.0,84.8,4,Female,65.54
6.39,6.49,2.42,2.89,1.64,0.0,4.65,2.01,52.8,7,Female,61.55
5.71,3.96,3.3,2.35,2.5,1.22,3.49,1.31,61.8,2,Male,55.42
4.93,3.39,4.17,3.2,1.08,2.37,1.38,3.42,76.6,4,Male,54.38
6.05,4.16,3.03,3.73,3.49,3.15,4.82,2.19,83.7,5,Male,59.53
5.74,2.76,3.07,1.52,1.69,1.12,1.57,4.3,84.2,2,Male,62.57
7.7,5.23,3.55,3.49,2.42,1.43,2.19,2.03,77.9,1,Male,78.56
7.72,3.92,2.11,1.74,1.21,1.62,1.2,1.32,86.8,9,Female,59.81
5.92,3.49,0.6,3.02,1.9,2.59,2.35,0.46,83.2,1,Female,70.91
6.69,5.25,3.81,2.71,1.93,0.51,2.45,3.0,76.5,6,Male,62.16
4.77,2.78,0.91,0.02,0.76,3.06,3.33,1.25,84.5,5,Female,59.1
6.41,5.66,2.21,1.03,0.73,0.98,4.94,1.62,70.2,8,Male,59.98
7.48,3.78,1.2,0.78,1.34,0.38,1.99,3.11,85.6,9,Female,64.21
7.99,6.24,1.36,0.22,2.38,0.98,0.0,2.95,67.8,2,Female,88.33
6.14,3.91,4.05,2.88,0.03,0.63,3.15,1.45,83.8,10,Female,48.82
8.26,5.45,3.21,4.07,1.21,1.49,1.95,1.59,83.6,2,Female,75.58
5.18,4.77,3.16,1.74,2.55,0.04,4.32,0.42,74.4,9,Male,56.08
5.5,5.62,1.79,2.85,0.51,1.3,2.47,0.15,85.6,6,Female,65.04
7.85,4.66,2.65,3.48,2.5,1.66,1.74,2.69,96.5,1,Female,81.63
9.01,2.0,3.99,2.21,0.6,2.24,1.49,2.79,65.8,6,Female,50.51
7.59,6.01,3.43,1.97,0.77,1.68,3.12,2.32,89.5,9,Female,63.23
6.95,4.37,4.57,1.75,1.38,2.19,2.22,2.17,91.0,6,Male,60.97
4.37,5.68,4.75,2.54,3.0,0.78,3.97,1.36,75.5,1,Female,68.73
4.57,5.54,3.17,2.87,0.99,1.48,2.29,3.32,87.6,8,Female,59.96
7.16,3.34,1.09,2.46,0.11,0.0,3.91,0.39,74.9,9,Female,51.79
6.57,3.13,2.52,2.43,0.38,1.12,1.12,1.58,93.1,7,Female,56.24
5.67,5.48,3.37,1.95,2.25,1.47,0.76,2.14,45.1,5,Female,62.17
7.08,4.05,2.49,0.41,0.42,1.53,3.33,2.0,95.3,7,Female,67.36
7.14,5.9,2.13,2.9,2.45,0.1,2.04,2.0,64.7,4,Male,75.52
8.13,4.23,3.59,0.72,1.56,0.93,2.24,1.53,79.1,2,Female,67.6
7.16,6.04,6.66,2.62,1.47,1.02,1.49,2.49,68.2,9,Male,60.59
8.47,5.13,2.87,2.76,1.74,0.9,1.41,0.91,96.0,5,Female,74.14
7.01,4.93,3.5,0.86,0.86,1.71,3.14,1.87,75.3,8,Male,57.84
6.86,3.94,1.79,1.39,1.61,1.05,2.48,2.39,71.5,6,Male,63.42
8.28,4.85,5.12,4.12,0.55,1.27,1.44,1.7,91.4,9,Female,64.12
5.83,6.29,4.64,1.92,2.58,0.86,3.29,2.0,86.8,6,Female,66.73
10.38,4.42,4.55,0.78,0.68,1.95,3.67,2.19,74.0,4,Male,68.57
7.45,5.3,5.27,2.8,1.85,2.0,2.39,0.42,66.1,4,Female,59.34
7.46,4.57,2.94,1.23,0.67,0.98,3.5,0.5,64.5,6,Male,59.74
7.63,4.69,3.11,0.08,1.07,3.2,1.5,2.12,93.3,10,Female,66.82
9.25,7.09,5.72,2.52,1.2,0.66,3.08,1.45,83.0,2,Male,85.05
7.95,6.3,4.32,1.08,3.89,1.91,2.66,1.51,80.1,2,Male,79.19
5.07,4.62,0.62,2.32,1.49,0.53,1.71,2.51,83.9,3,Male,71.88
8.68,4.82,4.09,1.19,0.84,1.74,4.55,1.11,54.6,10,Male,55.52
6.59,3.45,2.74,2.71,1.14,1.69,2.73,0.0,74.1,7,Female,60.23
7.13,4.24,4.67,2.18,0.3,0.49,1.91,3.49,74.4,8,Male,54.83
5.46,4.96,4.03,0.0,1.37,1.11,2.52,3.09,89.8,6,Female,65.17
7.63,5.78,1.24,2.38,2.98,2.51,1.63,3.08,60.4,6,Female,75.93
6.22,5.62,3.85,1.71,1.77,0.63,1.34,0.99,90.6,7,Male,68.2
7.12,2.84,3.77,3.42,2.22,1.48,2.05,1.93,99.5,2,Female,67.04
6.66,5.97,3.97,2.4,0.77,1.43,2.12,0.86,57.4,7,Female,61.99
9.31,4.37,4.25,2.76,1.34,1.17,1.7,1.95,78.2,6,Male,60.2
9.38,3.02,5.44,1.29,1.66,0.0,3.75,1.69,84.0,9,Female,54.57
7.06,6.5,4.04,1.21,0.92,1.78,1.73,1.03,88.5,1,Male,81.83
7.08,6.69,3.53,1.97,1.82,1.21,1.57,2.45,52.0,6,Male,66.37
6.55,4.9,4.99,1.64,1.99,1.97,1.31,1.77,82.1,10,Male,58.96
8.33,5.56,6.42,3.34,1.93,1.36,1.22,3.55,75.4,9,Male,55.48
6.61,5.65,4.69,1.85,1.38,1.25,3.53,2.08,74.6,3,Male,68.56
6.49,6.59,3.77,0.78,2.37,1.46,2.76,0.0,100.0,8,Male,75.68
8.17,5.59,4.06,1.17,1.29,0.51,3.19,0.37,75.4,4,Female,72.66
6.35,2.51,3.83,2.97,1.22,2.29,3.52,3.89,83.4,8,Female,51.34
6.95,7.51,3.52,1.83,2.65,0.94,2.17,1.68,76.6,7,Male,73.34
5.1,6.1,6.31,1.78,0.61,0.95,3.97,2.22,80.9,5,Male,56.88
7.85,3.74,2.53,3.06,0.14,2.1,1.87,2.01,84.6,1,Male,71.29
9.33,2.96,5.0,1.09,0.81,1.37,1.4,3.27,88.7,8,Male,59.21
7.87,5.26,3.34,0.0,1.81,1.03,2.87,0.28,68.7,6,Female,68.9
8.75,4.08,1.58,1.15,2.53,1.49,2.64,3.2,79.8,6,Female,75.5
5.98,4.99,3.26,2.24,0.97,1.64,2.64,3.13,80.3,8,Male,55.78
7.28,5.62,2.79,1.75,2.95,1.12,3.52,2.01,58.2,10,Female,66.38
5.87,3.65,4.25,0.44,1.52,1.85,2.61,2.37,66.6,3,Male,57.77
6.73,2.83,3.62,3.02,1.41,0.31,2.81,1.67,88.7,10,Male,50.36
7.93,5.08,2.17,2.16,0.82,1.38,3.86,0.48,72.5,2,Female,71.16
7.12,3.7,5.41,2.39,3.06,1.76,2.77,2.52,100.0,7,Female,59.98
5.3,4.72,4.92,2.42,1.38,1.64,2.99,2.22,89.6,5,Female,56.5
5.42,2.49,5.56,0.7,0.43,0.0,1.08,2.24,83.4,8,Female,42.66
5.34,4.12,3.81,2.3,3.47,1.11,6.22,2.43,96.1,6,Male,62.17
7.59,5.57,3.45,2.91,1.81,0.35,0.91,1.46,87.3,6,Female,70.67
9.48,5.41,4.41,3.14,2.14,2.1,1.96,3.34,80.2,5,Female,75.71
8.63,3.32,2.75,2.72,2.85,0.93,1.93,2.01,61.0,7,Male,55.89
4.72,2.75,3.67,2.51,1.99,2.02,4.61,2.49,86.0,3,Female,57.35
8.71,4.52,3.27,0.26,2.28,0.35,1.9,1.76,94.8,3,Male,76.61
8.12,5.34,1.6,1.99,1.54,1.47,2.94,2.95,70.9,5,Female,73.94
5.15,5.11,3.67,1.04,2.09,1.21,1.94,2.09,56.1,3,Female,64.77
6.64,3.73,2.93,3.28,1.47,3.13,1.46,1.92,65.2,4,Male,58.74
8.31,4.95,3.18,3.13,1.48,2.02,3.07,3.09,99.1,1,Male,79.12
7.66,6.75,3.97,1.05,1.6,1.98,1.78,0.45,79.0,3,Female,80.45
5.43,4.81,5.15,1.95,1.18,2.62,2.71,1.75,95.5,5,Male,65.5
7.73,2.05,2.4,2.25,1.9,1.4,3.13,1.45,78.2,5,Female,60.12
4.43,4.8,3.06,2.9,1.9,1.13,4.41,2.34,72.0,7,Male,53.49
6.73,7.57,2.51,0.32,2.16,1.05,1.24,2.28,100.0,4,Female,84.92
8.37,2.57,2.42,0.0,2.01,1.43,2.35,1.99,73.5,7,Male,62.73
7.02,4.54,2.73,2.04,3.1,0.0,2.39,1.36,75.0,5,Female,62.04
6.4,4.16,3.24,0.0,2.34,1.2,2.5,1.98,83.5,5,Female,68.95
8.07,4.64,4.26,2.16,1.33,1.36,5.07,2.29,74.5,1,Female,66.03
8.17,4.79,3.92,2.59,1.86,1.09,2.33,1.84,87.3,8,Female,62.27
8.57,6.21,2.13,3.24,2.63,0.13,0.0,3.0,83.4,7,Female,76.17
8.05,4.63,5.18,1.38,0.74,1.1,2.3,2.55,83.8,1,Female,66.17
8.3,6.42,4.73,2.16,3.11,0.13,2.38,2.02,70.6,1,Male,75.69
7.88,4.32,2.33,2.65,0.88,2.44,2.26,0.0,58.1,8,Male,52.35
7.32,3.97,5.09,0.82,2.22,1.02,1.78,1.8,68.0,3,Female,64.56
7.11,3.5,3.93,2.92,1.51,0.0,1.18,2.57,69.1,9,Male,50.11
6.72,1.77,3.3,2.27,1.46,1.06,4.66,1.75,81.5,9,Female,44.32
5.55,4.91,3.97,1.39,0.46,1.83,2.82,2.27,68.2,5,Male,59.5
5.85,7.58,3.47,2.14,2.23,1.32,2.31,1.8,60.4,10,Male,65.88
6.66,5.19,4.21,1.86,0.47,0.56,4.63,2.21,64.2,6,Female,56.49
7.29,5.53,3.74,2.78,0.35,0.73,1.63,3.26,82.7,10,Female,63.26
8.73,3.88,3.06,1.64,2.43,1.0,3.1,2.71,86.2,1,Male,68.98
6.95,4.13,0.87,2.23,2.93,0.89,1.25,0.83,71.9,6,Female,61.43
8.2,5.98,4.19,1.38,0.97,0.32,3.25,0.51,73.2,9,Female,67.01
8.3,7.51,3.01,1.06,2.3,1.15,1.37,2.4,85.4,3,Male,88.95
6.72,6.73,4.51,2.17,2.14,0.27,2.97,3.05,80.0,9,Female,60.7
7.71,5.71,4.13,1.1,1.43,1.86,4.45,0.51,92.2,9,Female,67.34
6.71,4.55,3.05,2.8,2.57,1.95,2.59,1.81,76.1,8,Male,56.12
8.59,4.81,4.83,2.59,1.37,0.5,0.31,4.14,68.0,7,Female,65.7
7.76,3.37,3.77,1.23,1.91,0.7,2.54,1.76,91.0,1,Female,71.47
5.57,2.33,3.71,2.21,0.5,0.9,2.98,4.27,74.3,10,Female,47.59
7.19,2.81,3.32,1.23,0.53,1.18,3.4,1.26,68.5,9,Male,46.94
8.98,4.57,5.69,0.4,2.44,1.38,3.97,1.42,88.7,6,Male,63.74
6.78,4.06,2.57,1.4,1.94,1.52,4.02,1.37,95.4,4,Male,66.68
7.54,2.3,3.08,1.95,1.39,1.51,2.37,0.85,80.2,6,Female,52.74
7.66,4.44,1.89,2.52,3.03,2.29,1.84,0.48,65.9,10,Female,61.31
5.76,4.02,4.44,2.15,3.02,1.24,1.38,1.8,96.4,1,Female,64.2
7.61,2.74,2.74,2.91,1.85,0.29,1.96,2.13,82.5,5,Male,58.19
5.33,3.94,2.89,1.02,0.34,0.07,2.98,1.35,80.6,2,Female,58.77
6.25,4.02,2.83,1.62,1.41,2.35,1.15,1.57,73.2,9,Female,54.94
8.29,3.58,3.58,3.64,0.83,1.56,1.57,3.3,91.6,7,Female,64.36
7.43,5.89,1.87,0.07,1.57,1.34,3.06,2.87,64.7,10,Female,69.3
6.63,1.65,0.58,1.55,0.75,1.51,1.85,1.77,63.6,10,Female,47.06
7.54,1.52,4.1,0.93,0.54,1.31,2.87,2.39,100.0,2,Male,60.62
6.93,4.5,0.75,1.8,0.0,1.5,1.69,0.53,67.7,5,Female,63.64
7.02,4.64,4.61,1.57,1.63,0.94,2.79,2.24,89.5,10,Female,57.99
7.79,5.11,5.53,2.6,0.0,1.94,1.73,1.94,94.5,1,Male,67.35
6.13,3.69,3.29,2.26,1.24,0.83,0.6,1.66,80.5,9,Female,49.95
7.05,3.12,5.19,0.69,2.06,0.57,3.46,2.03,67.4,4,Female,55.57
6.63,4.49,3.47,1.41,0.92,0.02,1.8,1.88,85.6,6,Female,59.08
5.1,3.84,5.58,2.0,0.63,1.03,2.25,0.82,94.7,2,Female,61.17
5.9,6.83,2.91,2.74,1.45,2.09,1.81,3.51,82.1,4,Female,76.17
8.88,4.01,0.43,4.43,0.84,0.88,3.04,2.86,69.0,10,Male,56.88
7.46,4.42,3.4,2.7,1.65,0.24,2.83,1.65,81.7,10,Male,54.61
5.41,8.21,5.72,0.99,0.67,1.4,3.04,0.42,61.4,2,Male,75.06
5.15,4.21,4.2,1.91,1.42,0.74,1.95,0.0,66.3,6,Female,54.72
6.87,5.33,2.83,2.18,1.22,2.28,2.45,3.8,74.9,2,Male,70.74
8.87,5.47,3.93,1.48,1.49,1.95,2.92,1.84,78.7,10,Female,63.61
6.78,5.6,4.76,2.47,2.81,0.31,4.05,2.69,63.6,5,Female,62.73
8.57,4.93,3.39,0.0,1.66,1.08,2.81,1.15,81.0,3,Male,75.23
7.42,4.79,6.91,2.55,1.9,0.67,1.5,1.72,84.3,6,Male,60.72
7.57,4.65,2.83,1.52,1.0,0.39,2.77,1.77,75.4,3,Female,67.63
5.4,3.64,4.8,1.89,1.68,1.16,2.34,2.22,52.1,8,Male,47.52
8.13,4.99,4.49,3.47,1.28,1.77,0.5,2.08,79.3,4,Male,67.49
6.6,7.54,2.59,0.74,1.52,1.14,0.65,1.17,99.8,4,Male,82.24
8.04,6.32,2.95,2.27,2.02,0.84,2.43,1.16,83.5,8,Male,75.43
6.02,4.96,4.82,2.79,1.1,0.0,2.52,1.93,78.2,9,Male,56.21
7.21,5.78,3.69,2.17,1.18,0.73,2.21,0.42,73.5,3,Male,66.13
7.42,3.2,3.94,0.39,1.11,1.59,3.38,1.26,84.9,6,Male,59.14
6.82,4.11,1.37,3.35,1.1,0.26,1.56,1.86,80.5,4,Male,68.41
7.49,5.92,4.35,1.79,1.64,2.1,1.11,2.36,86.5,1,Female,78.41
6.68,6.73,3.87,1.47,1.21,0.79,1.67,3.35,64.8,3,Male,75.98
6.22,3.34,3.42,1.69,2.7,1.34,1.89,1.57,79.5,1,Male,68.54
8.93,3.77,3.97,1.62,3.64,0.92,2.44,2.03,72.5,8,Female,62.17
8.26,7.77,2.97,0.81,1.05,0.38,1.7,0.32,82.5,5,Female,88.75
6.09,4.64,2.73,2.16,1.74,1.51,0.36,2.3,54.7,6,Female,61.44
7.68,7.24,3.19,1.4,2.33,0.78,0.0,1.18,73.3,5,Female,80.0
6.11,4.81,2.9,2.67,1.29,0.62,2.62,1.72,84.5,3,Male,66.32
5.58,4.87,6.33,2.52,0.7,0.0,1.37,2.43,86.4,5,Female,57.39
8.24,4.04,4.69,3.63,2.89,2.11,0.49,2.47,77.6,2,Female,66.96
4.96,5.91,2.24,1.79,2.05,1.2,3.12,0.69,52.1,1,Male,65.69
8.11,6.54,6.15,1.2,1.75,1.97,4.05,2.72,85.7,2,Male,75.35
6.7,2.95,2.94,0.53,2.66,1.63,2.41,1.97,97.0,1,Male,69.84
6.75,3.97,3.54,4.19,2.12,1.97,2.77,3.14,67.9,6,Female,59.03
7.49,5.87,4.67,2.66,1.46,0.81,2.78,3.32,72.9,1,Male,73.88
7.7,4.31,0.94,1.31,0.72,0.24,0.19,3.45,87.7,4,Female,73.29
6.01,3.76,3.19,3.69,1.11,1.73,3.39,0.72,88.0,8,Female,59.56
7.86,6.01,2.75,3.36,2.46,1.29,3.74,2.36,91.2,6,Female,78.99
7.14,6.16,3.77,0.65,2.05,0.87,4.34,0.58,90.2,7,Male,68.43
5.49,3.83,3.98,1.25,1.35,1.72,2.06,3.17,59.6,3,Male,59.91
6.8,4.82,3.4,1.87,2.91,1.42,1.36,3.3,72.2,2,Male,68.29
8.66,2.69,3.34,0.93,1.37,1.65,3.86,2.88,85.5,2,Female,66.65
9.01,3.16,4.88,1.9,2.29,0.48,3.0,1.62,77.0,5,Female,55.32
7.86,4.69,3.89,2.71,1.68,1.88,3.37,2.49,82.4,9,Female,58.84
5.57,4.55,3.55,0.63,3.05,1.2,1.85,1.5,76.4,10,Male,59.27
7.59,3.05,3.69,2.29,2.1,1.96,2.77,2.01,72.8,2,Female,60.94
8.02,3.43,5.89,3.17,1.54,1.88,1.45,1.92,75.1,1,Male,58.72
7.87,2.9,3.72,2.4,1.36,1.68,2.49,0.2,64.5,5,Female,52.12
7.94,5.18,2.83,1.92,1.49,1.12,2.15,1.27,69.3,2,Male,69.6
7.44,1.55,1.02,1.33,0.92,1.7,4.84,4.04,77.2,2,Female,60.65
6.91,2.98,1.64,2.83,0.41,1.98,3.05,1.92,77.4,4,Female,62.39
6.27,1.71,2.89,0.82,1.75,1.62,0.35,2.14,84.8,10,Female,47.63
4.72,5.13,3.36,2.24,1.07,1.34,2.5,1.99,74.6,3,Male,66.64
7.41,1.8,2.78,2.03,1.07,1.7,2.87,1.63,98.1,1,Female,60.95
7.22,4.55,3.96,3.13,1.43,0.83,2.03,2.03,92.8,2,Male,69.14
7.67,6.96,2.76,1.42,1.54,2.26,1.4,1.63,72.0,7,Male,80.66
5.39,7.01,2.31,1.5,1.51,0.02,3.16,0.0,80.4,10,Male,65.14
7.77,1.79,4.3,0.76,2.89,1.22,1.54,2.71,92.6,10,Male,54.7
9.47,4.95,5.28,2.44,2.03,0.92,3.08,3.45,70.3,8,Male,60.15
7.09,3.02,2.06,1.58,3.19,0.75,1.45,0.95,69.0,6,Female,58.99
6.93,2.71,3.82,1.14,1.15,1.41,1.97,1.63,93.6,8,Female,52.1
7.37,4.33,1.02,1.23,2.13,0.41,3.46,3.35,86.3,1,Male,76.64
9.44,6.34,1.58,2.54,1.19,2.71,2.99,1.31,90.9,10,Male,76.05
5.77,5.4,2.73,0.9,1.05,0.25,2.53,2.35,81.8,8,Male,65.29
7.24,3.43,4.98,0.99,3.22,0.53,2.47,5.89,74.9,2,Female,63.66
6.04,5.56,2.49,2.9,0.89,0.47,2.59,2.57,61.9,3,Female,65.23
6.34,1.13,2.44,1.83,0.0,1.34,1.71,2.06,79.6,9,Female,45.59
6.94,3.37,3.55,2.96,0.93,1.91,0.98,2.79,92.8,6,Female,56.42
8.62,3.26,3.55,1.64,0.0,1.57,3.07,2.7,92.9,10,Female,48.65
9.16,4.62,2.48,2.0,0.74,2.23,4.03,1.4,90.8,4,Male,71.11
7.54,4.2,6.08,2.16,0.81,0.62,3.1,0.44,87.4,6,Male,58.51
6.55,4.29,3.16,3.39,1.53,1.66,2.75,2.53,100.0,1,Female,71.73
9.99,4.24,3.65,3.31,0.0,0.99,1.29,2.67,59.4,10,Male,51.9
6.49,4.53,2.98,3.15,2.46,1.36,3.38,1.73,80.8,9,Male,58.4
6.31,5.31,4.07,1.37,0.0,1.98,2.98,3.48,66.8,9,Female,55.76
4.87,4.72,5.11,1.01,1.4,0.02,3.26,3.3,96.6,8,Female,52.89
8.68,4.07,5.66,2.76,1.24,2.59,3.53,2.7,71.4,4,Male,60.27
8.16,5.1,2.51,3.38,2.16,1.1,4.09,1.75,90.1,1,Female,78.99
9.9,5.74,4.93,3.16,1.78,0.08,1.39,0.12,72.6,4,Male,70.18
5.33,3.67,4.21,2.01,2.45,0.72,1.21,1.84,83.0,7,Male,50.84
8.75,4.41,4.77,2.73,1.21,1.27,2.65,0.35,76.7,7,Male,64.45
7.08,6.24,3.38,2.75,1.13,0.71,1.58,0.0,77.8,9,Female,61.32
7.97,2.85,3.26,2.15,1.83,0.0,1.4,2.58,82.0,6,Male,59.16
5.02,7.21,4.72,2.19,2.32,1.27,3.72,3.06,89.0,4,Female,76.85
8.76,2.49,4.74,2.1,2.16,0.69,1.49,0.24,76.7,4,Male,58.52
7.94,3.98,5.54,1.21,1.76,1.66,2.49,1.77,88.7,10,Male,55.7
6.95,3.07,3.76,1.31,1.69,0.45,0.87,1.98,90.5,1,Male,61.05
7.77,7.78,3.36,1.3,1.47,2.78,2.56,1.74,73.0,7,Female,81.92
6.08,3.74,0.3,0.4,1.83,1.56,3.68,0.76,100.0,1,Female,72.05
6.3,3.75,1.41,2.14,3.13,1.34,3.71,3.2,86.9,5,Male,69.19
6.44,3.94,2.99,1.96,1.31,1.64,3.54,0.78,72.8,1,Female,67.8
4.78,4.64,2.07,2.76,1.21,0.0,2.42,0.25,85.4,3,Male,60.19
8.03,4.01,4.56,3.26,1.15,0.85,3.61,0.76,90.5,5,Male,57.29
8.43,4.3,1.8,3.32,1.81,2.45,2.93,2.43,85.1,4,Male,70.26
6.16,0.0,2.85,3.42,0.0,0.98,2.06,1.76,80.4,1,Male,47.68
7.42,4.59,2.9,1.24,1.39,1.16,2.88,1.31,40.0,8,Female,52.59
6.68,4.53,5.07,0.57,2.2,0.87,3.39,2.47,66.4,2,Female,64.85
7.39,6.06,2.71,2.93,1.08,2.23,1.17,2.3,86.1,8,Female,69.01
6.25,6.46,4.09,3.38,1.65,1.03,1.44,0.0,66.2,10,Female,61.13
5.94,4.22,3.75,3.56,3.19,0.32,2.36,2.47,84.2,3,Female,62.36
8.26,5.72,4.67,2.48,1.77,3.01,1.28,3.06,88.6,5,Male,72.44
6.92,2.85,4.61,0.0,0.0,0.24,1.26,1.89,76.6,7,Male,48.1
9.43,5.65,3.46,2.37,0.37,1.13,2.08,1.79,56.8,10,Male,57.6
7.06,3.64,1.29,2.56,1.3,0.61,3.49,3.7,69.2,4,Male,65.19
5.89,2.72,3.2,3.25,0.86,0.71,3.47,1.36,86.2,2,Male,55.24
8.47,4.22,3.47,3.43,1.58,0.46,2.82,1.85,93.1,2,Male,67.63
7.76,6.6,3.87,2.91,1.26,0.82,2.68,2.3,53.0,4,Female,64.22
7.87,4.77,2.54,1.41,2.43,1.89,4.59,2.04,79.0,9,Male,63.5
8.43,6.74,4.98,0.97,0.63,0.0,1.96,1.75,60.4,7,Female,64.69
6.22,3.38,3.52,2.53,1.33,2.08,2.74,2.08,79.1,3,Male,57.04
6.85,6.07,2.3,1.21,1.67,1.96,1.91,3.41,76.1,10,Male,65.73
6.79,3.52,2.9,3.48,1.77,1.56,1.21,2.73,100.0,7,Male,61.86
5.45,4.84,6.01,0.3,1.62,1.29,3.68,1.93,71.5,7,Female,51.96
6.68,4.83,4.36,2.57,0.0,1.39,2.19,1.22,90.6,1,Female,67.65
8.6,5.49,4.86,2.32,1.57,2.2,3.19,1.34,90.1,10,Female,66.84
7.28,4.88,2.15,1.79,1.38,0.0,2.25,2.86,75.7,1,Female,71.56
5.38,3.39,2.6,1.07,2.19,1.71,3.75,0.57,79.4,1,Male,61.06
5.13,5.82,2.61,0.0,2.08,0.68,1.5,4.16,78.0,7,Female,71.92
9.0,7.1,3.74,1.47,1.69,1.78,3.66,1.97,69.1,4,Female,79.24
6.89,3.62,3.27,1.49,1.75,0.77,3.39,0.76,68.0,10,Female,49.83
6.22,1.75,2.86,3.11,2.58,1.69,0.71,2.16,73.1,9,Male,47.35
6.67,5.25,3.03,1.22,2.42,0.12,1.98,1.28,64.3,6,Female,64.16
5.23,4.0,2.47,2.45,1.72,0.02,3.52,1.62,72.0,6,Female,55.33
8.71,4.3,3.27,0.71,3.22,1.12,4.14,0.64,75.7,2,Male,68.28
6.53,5.33,4.95,2.48,1.0,2.2,3.22,1.79,79.9,2,Male,65.49
8.64,3.82,1.53,0.0,0.55,1.58,2.1,0.09,83.3,1,Male,79.92
7.06,4.1,3.95,4.1,1.49,1.57,1.53,1.46,75.6,2,Female,60.33
8.72,4.35,5.29,1.86,1.2,1.8,3.07,1.26,68.8,5,Female,61.36
7.31,6.7,3.26,0.0,0.0,0.92,2.07,1.55,83.1,8,Female,76.45
8.02,4.55,2.81,1.28,0.98,1.63,2.12,1.31,87.5,1,Male,77.05
7.86,2.65,4.7,1.12,1.77,0.79,2.28,2.03,72.2,2,Male,60.09
7.75,2.71,2.22,1.34,1.45,0.98,3.38,2.8,66.2,4,Male,56.4
7.42,4.71,3.47,1.64,0.88,1.07,4.31,2.32,72.6,5,Female,61.28
6.72,2.81,2.15,1.34,1.53,0.82,3.53,3.17,75.8,5,Male,56.89
9.3,2.16,1.07,1.18,1.6,1.15,2.51,1.55,91.7,2,Female,70.59
5.91,5.45,3.3,0.84,2.07,1.02,1.6,2.29,86.3,8,Male,69.89
7.01,5.53,1.86,2.82,0.99,0.7,3.17,2.33,78.0,3,Male,72.09
7.02,3.95,3.48,3.2,2.2,1.1,4.17,3.04,100.0,2,Male,67.39
7.48,4.94,4.95,1.75,0.63,1.31,3.5,1.34,77.6,4,Male,63.57
6.48,4.78,5.91,1.98,1.1,0.43,2.71,2.71,95.0,10,Female,56.63
7.38,5.4,3.62,0.87,2.86,1.49,2.01,1.23,92.7,2,Female,79.95
6.8,5.41,4.82,2.07,0.68,0.85,2.85,1.49,91.8,2,Female,69.55
5.1,0.59,4.02,2.23,0.97,1.34,3.65,1.68,81.9,7,Male,34.31
7.01,4.14,3.0,1.78,0.5,0.73,2.73,2.41,79.4,7,Female,61.95
5.68,5.28,1.0,2.4,0.84,1.94,2.4,1.02,78.1,2,Male,71.31
4.92,3.88,5.61,2.31,1.61,1.87,1.81,1.15,88.2,7,Male,53.45
7.16,4.55,2.14,0.95,2.07,0.47,5.09,1.42,68.5,8,Female,58.21
7.59,5.63,5.3,3.19,1.49,1.57,1.61,2.04,74.8,7,Male,60.96
7.63,4.62,4.2,1.79,1.24,2.21,1.52,1.16,98.0,6,Female,69.25
7.68,6.76,2.23,3.68,0.51,0.54,2.66,2.24,85.5,5,Female,71.58
4.68,6.19,3.91,2.42,0.92,0.59,2.3,1.68,89.4,4,Female,64.67
5.37,4.32,6.27,3.97,0.26,1.71,3.52,2.59,63.3,1,Male,58.14
9.37,4.2,5.5,3.18,2.09,0.28,3.56,2.06,72.8,7,Male,60.32
5.74,0.22,2.83,2.23,2.14,0.66,1.29,3.58,82.0,8,Female,42.23
7.73,4.01,2.57,1.28,1.47,0.49,1.74,2.11,77.5,5,Male,62.06
6.18,2.47,3.63,1.3,1.85,1.72,1.62,0.9,63.3,8,Female,47.81
7.1,4.83,3.28,2.53,2.2,0.72,3.28,1.81,87.1,1,Female,72.56
6.24,4.73,5.06,2.14,1.58,1.0,2.93,2.02,90.9,1,Male,67.17
7.67,5.54,4.46,1.41,2.61,0.68,2.13,1.18,74.6,4,Male,70.34
7.16,6.6,1.3,2.83,0.68,2.0,2.72,3.37,87.5,4,Male,75.69
6.46,4.46,4.1,2.04,1.22,0.6,1.37,1.72,100.0,6,Male,58.11
5.74,7.92,3.27,2.84,1.13,0.21,1.76,1.42,96.3,1,Female,85.22
7.32,4.85,3.55,1.02,2.02,0.19,1.2,2.16,75.1,2,Female,71.84
5.54,2.53,3.82,3.0,0.35,1.69,2.65,1.18,64.8,8,Female,42.34
7.51,3.66,5.06,2.5,2.66,1.74,2.64,2.87,80.8,8,Male,58.59
10.15,3.94,4.77,3.2,1.95,2.07,1.52,2.69,100.0,8,Male,67.78
8.62,5.39,2.53,2.98,2.9,0.32,2.92,2.12,94.1,4,Male,81.47
7.86,3.08,3.42,1.92,1.47,1.04,3.56,2.53,77.9,7,Female,59.17
6.9,4.05,2.92,1.83,1.06,2.9,1.47,1.55,96.7,3,Female,70.64
4.67,4.26,1.31,3.78,2.03,0.99,2.17,0.65,92.0,9,Male,57.4
5.41,3.83,3.36,1.71,2.32,0.81,3.01,1.71,55.2,1,Female,60.3
8.54,5.72,5.9,2.75,0.93,1.19,2.49,1.55,90.7,7,Male,61.71
6.05,5.46,1.27,1.62,0.0,1.57,1.13,0.17,79.4,1,Female,77.2
6.16,6.25,3.47,0.14,0.04,1.56,2.06,1.05,67.6,9,Female,64.16
6.8,4.0,3.43,0.77,1.71,0.77,2.03,0.89,79.1,3,Female,60.65
5.73,6.3,3.87,2.41,2.73,0.79,2.33,1.05,83.0,1,Female,80.48
5.53,2.45,2.25,2.7,0.46,0.99,2.37,3.2,68.5,4,Female,50.1
6.94,2.42,1.65,2.41,1.28,0.69,4.07,2.46,76.6,9,Male,49.08
5.93,2.68,1.71,3.15,1.22,0.34,2.29,2.87,74.0,2,Female,57.53
6.11,4.51,5.23,2.39,3.04,2.47,0.78,2.46,87.5,3,Female,67.35
6.06,6.3,2.22,1.22,3.31,0.92,2.59,2.97,74.4,6,Male,80.55
7.63,3.6,2.85,2.59,1.84,0.95,4.25,2.02,57.6,9,Female,50.1
6.72,3.78,6.24,2.17,2.22,0.98,2.33,3.36,72.6,2,Female,58.89
6.79,4.18,2.55,1.42,2.2,1.14,2.06,0.89,66.6,4,Male,64.03
7.72,5.36,3.95,2.47,0.48,1.5,2.19,1.94,62.5,10,Male,54.11
6.83,3.78,4.88,2.08,2.06,0.87,3.08,1.08,92.2,7,Male,58.26
6.67,3.7,4.82,1.39,0.68,2.0,2.19,3.12,87.6,6,Male,56.24
7.56,2.48,1.77,1.82,1.36,1.62,0.98,2.38,66.4,4,Female,60.57
7.8,3.64,2.57,3.41,2.41,1.07,1.83,3.07,62.8,8,Female,53.19
6.82,6.27,3.89,3.38,1.56,0.73,2.44,0.74,76.8,10,Male,59.32
7.1,4.64,6.01,2.19,2.38,1.96,3.04,1.46,62.1,5,Female,55.39
6.06,3.39,2.51,2.06,2.54,1.09,1.92,0.39,75.1,10,Male,50.22
5.97,6.35,2.86,0.57,0.09,0.33,2.2,2.33,78.8,3,Female,68.36
7.92,3.62,4.05,3.72,0.0,1.91,2.54,1.61,81.7,9,Female,45.05
7.53,6.63,4.31,3.04,2.43,0.69,1.72,2.68,82.1,5,Male,73.49
7.55,6.61,4.38,2.75,2.46,1.81,2.41,2.03,68.6,3,Male,70.62
7.34,4.58,2.4,0.0,1.71,0.0,2.97,0.08,78.8,5,Female,72.19
7.06,2.25,2.81,2.04,1.81,0.94,1.31,0.51,93.4,5,Male,57.02
7.84,7.93,3.78,1.87,2.21,2.01,2.81,2.07,52.8,7,Female,76.44
8.12,5.08,5.14,2.68,2.2,1.2,1.41,2.42,81.9,8,Male,64.25
8.09,4.01,3.19,1.55,1.26,1.62,1.43,0.01,63.9,10,Male,51.51
6.88,5.93,3.47,1.77,2.26,0.57,1.84,1.92,94.8,2,Female,77.67
8.66,5.55,2.17,2.62,1.22,1.44,3.87,1.08,87.8,3,Male,78.96
7.27,6.47,5.92,1.23,1.69,1.2,0.78,1.0,87.4,9,Female,68.9
7.76,3.51,3.7,1.43,1.66,1.37,2.04,1.41,67.8,1,Female,67.53
7.34,4.98,4.9,2.19,0.81,2.63,2.47,2.11,81.2,3,Female,65.9
7.3,2.72,3.54,3.34,0.91,2.11,3.67,1.36,82.5,8,Male,51.92
6.12,5.5,3.61,2.81,3.29,1.75,4.45,0.21,49.5,6,Female,57.71
7.84,4.47,1.55,3.08,0.79,1.76,2.08,2.1,79.8,1,Female,76.05
10.41,4.92,0.7,2.06,1.8,0.56,3.04,1.68,85.4,2,Male,85.12
6.55,4.28,5.13,3.5,1.96,0.87,2.41,1.16,61.0,8,Male,45.86
7.09,4.12,3.6,0.26,1.46,0.13,2.4,1.72,85.2,4,Male,66.61
6.46,3.2,3.77,4.02,2.04,0.31,2.77,1.69,79.2,8,Male,46.55
6.41,5.69,1.88,4.15,1.76,0.58,0.91,2.04,94.6,7,Female,71.88
8.85,6.73,2.33,2.46,0.8,1.18,2.45,1.78,73.0,9,Female,68.13
6.19,3.66,4.88,2.83,1.93,0.34,2.95,2.15,80.1,6,Female,54.64
6.43,5.33,5.76,1.96,1.06,1.17,1.64,1.96,82.1,1,Female,71.01
5.1,5.15,2.69,1.79,2.89,1.09,2.96,2.74,44.3,2,Female,64.23
6.09,4.51,4.37,1.39,1.84,0.41,0.77,3.43,73.7,3,Male,67.09
4.95,2.21,3.75,1.95,0.94,2.27,2.59,1.99,79.0,2,Male,54.23
7.76,2.55,3.34,2.56,1.77,0.27,3.84,1.44,49.7,6,Female,51.98
10.36,3.33,5.91,2.42,0.76,1.98,2.28,0.71,86.1,5,Male,58.14
6.56,1.29,2.91,3.99,1.71,0.0,1.52,2.58,79.0,4,Female,47.63
5.0,6.61,5.11,2.1,1.32,1.1,1.07,1.19,79.0,6,Female,59.92
8.08,5.05,4.0,0.51,0.84,0.36,2.89,4.11,86.7,9,Male,63.53
6.13,4.46,3.48,3.64,0.83,0.74,3.43,4.5,73.1,4,Male,56.3
8.56,1.21,5.28,0.78,3.45,2.47,2.44,1.81,78.5,5,Male,50.19
6.66,1.76,3.88,1.44,1.57,0.96,2.04,0.5,88.4,9,Male,42.03
6.24,4.5,3.37,2.27,1.15,0.43,0.57,2.59,78.7,5,Female,61.13
6.79,7.46,5.29,2.42,1.02,1.54,2.62,3.89,55.9,1,Female,75.64
7.91,3.45,5.12,0.55,1.88,0.95,1.81,0.82,78.6,2,Male,65.59
6.73,5.8,5.06,1.25,0.99,1.31,1.87,3.71,78.8,3,Female,73.64
6.4,3.78,0.0,0.52,0.62,0.56,4.12,0.34,88.8,6,Female,66.89
6.76,4.58,4.07,2.62,1.47,0.59,0.7,0.69,73.9,5,Male,57.81
5.47,6.32,3.78,3.18,1.47,0.65,0.83,2.28,66.3,4,Male,64.72
7.48,3.98,3.45,0.78,1.17,1.76,2.73,2.92,66.3,9,Male,56.61
4.86,3.46,4.29,3.0,0.79,1.04,2.11,1.94,95.3,5,Female,55.36
6.47,6.63,3.84,2.93,1.19,0.47,1.98,2.4,81.5,5,Female,74.76
7.91,4.57,4.38,1.34,1.12,1.31,2.77,2.99,94.7,3,Female,70.33
7.36,6.14,3.15,0.02,1.01,1.26,2.76,3.1,96.4,5,Female,80.34
7.71,3.47,5.45,0.93,1.72,1.6,1.53,1.44,69.1,7,Female,54.3
6.92,6.61,4.51,1.4,3.28,0.86,1.91,1.22,68.2,10,Male,66.32
8.4,4.91,4.21,3.54,2.57,1.15,2.55,2.95,76.5,9,Male,62.43
8.11,5.15,4.14,1.88,3.05,1.5,2.67,2.41,85.4,1,Female,77.62
7.54,4.7,5.0,0.99,1.05,0.49,2.98,2.53,61.2,1,Male,62.57
8.11,3.74,4.83,2.15,2.84,1.82,1.92,1.4,83.5,9,Female,58.75
7.9,4.5,3.35,0.7,1.68,1.21,2.85,2.57,82.9,3,Male,73.23
6.47,3.84,4.79,2.51,2.29,0.43,3.45,1.01,64.5,1,Male,59.67
5.39,5.94,3.73,1.02,1.87,0.42,2.55,2.22,64.9,7,Female,54.43
7.5,4.2,5.99,1.17,1.23,1.13,2.4,2.1,83.3,10,Female,53.15
7.66,2.26,4.93,2.38,2.08,0.81,2.26,2.11,100.0,8,Female,54.68
8.31,1.98,2.69,3.75,1.89,1.73,1.88,2.7,74.5,2,Male,56.73
5.88,1.91,6.53,4.2,0.09,1.0,1.56,1.08,82.0,3,Male,46.64
5.91,5.43,0.77,0.96,1.4,1.41,2.2,2.61,70.7,3,Female,71.79
7.55,2.77,4.33,1.4,2.2,0.61,2.95,2.02,80.8,3,Female,58.98
6.91,4.95,2.59,2.52,1.72,1.18,1.61,1.29,70.5,7,Male,63.31
4.74,4.7,5.95,3.17,1.88,2.12,2.42,0.81,74.9,8,Male,47.97
7.45,4.4,3.83,0.0,0.9,1.1,2.31,3.7,100.0,3,Female,75.68
4.78,5.16,2.47,2.09,1.7,0.81,4.28,1.94,79.3,6,Female,65.33
5.87,4.74,3.15,1.51,1.42,0.6,3.22,1.68,59.2,5,Male,55.66
8.62,0.44,2.57,0.08,1.34,1.19,3.21,0.97,85.7,4,Female,53.56
9.19,4.01,3.1,0.66,0.96,2.19,3.42,2.98,91.6,2,Male,80.45
5.54,5.14,3.07,1.43,2.23,0.25,1.95,2.91,86.1,1,Male,76.51
6.6,6.96,2.52,2.06,1.78,1.17,3.88,2.74,75.9,10,Male,63.55
7.05,7.03,3.85,3.01,1.7,0.0,2.66,1.95,67.0,7,Male,71.04
9.14,2.46,4.01,2.35,3.14,0.91,2.46,2.68,67.3,9,Female,42.28
6.41,3.98,2.2,2.95,1.88,1.38,1.29,1.26,75.7,3,Male,66.5
6.43,2.15,1.34,2.03,2.46,0.09,2.1,2.2,73.6,3,Male,55.83
8.86,6.78,3.9,1.3,1.72,0.89,0.73,1.95,71.3,6,Male,77.52
6.55,6.02,4.19,1.82,1.22,1.4,2.25,2.24,92.6,7,Male,69.58
7.87,5.03,4.45,2.7,0.65,1.29,1.92,0.37,89.1,8,Male,62.23
5.23,4.75,4.22,3.03,1.69,1.44,2.1,3.68,93.2,6,Male,63.69
6.79,6.57,5.54,1.85,0.0,0.52,1.11,3.46,68.5,5,Male,64.88
5.01,6.32,4.8,1.07,1.72,1.4,3.2,0.96,67.0,6,Female,61.18
5.73,6.24,6.98,2.34,1.75,0.78,3.09,2.52,78.9,3,Male,68.38
8.01,5.19,7.53,2.48,1.33,1.7,4.19,0.66,83.0,2,Male,65.33
6.94,3.98,1.21,3.23,1.43,0.0,4.16,2.08,78.9,3,Female,63.1
6.62,5.65,0.64,1.32,0.5,1.0,2.66,0.02,82.2,4,Male,73.03
6.1,5.72,3.49,1.33,2.61,1.27,3.52,1.74,97.0,8,Male,68.01
6.74,4.21,4.16,2.76,1.23,2.14,2.76,1.56,75.4,9,Male,52.81
7.36,3.97,3.4,1.59,0.72,1.26,2.07,3.04,87.7,9,Male,59.86
8.18,6.2,4.41,1.55,1.94,1.33,2.22,3.5,84.2,4,Male,74.55
3.85,7.0,3.15,3.25,1.59,1.46,3.14,3.52,79.1,10,Male,66.13
6.0,3.38,2.6,0.63,1.21,2.08,6.59,3.04,87.1,10,Male,53.57
7.19,4.1,2.79,4.06,1.13,0.93,3.67,2.07,68.8,9,Male,47.05
6.88,5.03,3.24,1.39,1.5,0.22,2.75,2.35,66.4,1,Male,70.38
7.48,5.23,4.6,2.87,2.58,0.08,2.98,2.35,83.2,7,Female,61.18
7.32,3.72,2.87,1.89,1.88,1.66,2.97,0.94,58.3,3,Female,61.05
6.63,7.33,3.12,2.27,1.47,1.36,2.41,3.03,84.1,9,Female,71.93
6.37,5.13,4.24,1.74,2.18,1.02,3.26,2.62,64.5,3,Male,67.15
6.71,5.3,3.24,2.86,1.52,0.79,2.34,2.66,96.2,4,Female,73.28
8.38,7.14,4.95,1.65,1.82,1.33,1.49,0.0,73.2,3,Female,79.18
6.12,3.83,2.3,1.43,1.62,1.35,2.98,2.41,95.4,9,Male,65.05
6.92,4.37,2.02,3.81,1.97,1.54,3.12,2.91,75.5,6,Female,60.48
7.22,2.62,3.9,2.03,1.14,0.42,2.35,1.99,75.0,5,Female,57.1
8.87,4.24,4.03,1.32,0.59,0.0,2.81,1.55,88.4,9,Male,63.81
6.64,2.27,2.38,0.51,2.23,0.56,3.46,0.77,81.5,6,Male,56.09
8.15,5.62,5.25,3.87,2.7,0.25,2.45,0.71,77.2,7,Male,64.69
8.48,5.13,6.0,1.45,0.63,0.22,2.05,2.14,73.2,2,Female,70.16
6.92,4.08,2.68,4.06,1.64,2.3,1.79,1.79,73.3,4,Female,61.78
6.75,4.35,5.43,2.4,1.14,0.0,2.25,1.78,100.0,5,Female,60.25
6.61,5.64,0.4,2.14,2.21,1.53,4.03,3.38,57.9,5,Male,69.03
6.69,2.8,4.9,2.17,1.7,1.83,2.3,0.87,63.6,4,Male,52.59
8.03,4.81,2.38,4.22,4.16,1.89,2.86,1.69,92.1,10,Female,64.96
7.28,5.55,4.77,0.0,1.26,1.39,2.18,3.52,91.2,4,Female,71.89
7.28,1.83,2.25,2.21,2.73,2.12,2.09,1.72,66.9,6,Female,50.09
5.65,5.53,3.41,1.73,2.81,2.45,1.62,2.06,57.0,6,Female,61.23
5.84,1.99,2.45,1.79,1.93,0.99,2.6,1.84,93.3,3,Female,56.4
9.57,4.32,3.22,2.15,1.53,1.51,1.98,2.64,65.4,9,Female,59.31
6.79,2.75,5.88,1.73,1.58,2.09,3.77,0.15,72.1,2,Female,54.32
6.07,6.65,3.36,2.19,1.51,0.6,2.39,1.82,79.2,9,Female,63.5
8.72,2.76,6.24,1.98,2.41,1.03,2.46,2.05,65.1,6,Female,53.21
7.34,2.02,3.0,0.69,0.8,0.76,2.32,1.1,89.1,4,Female,63.06
7.69,4.7,5.44,2.38,1.37,1.52,2.87,2.31,78.3,3,Female,68.77
6.83,3.88,1.39,2.72,1.27,0.0,3.99,2.71,67.4,8,Female,52.11
6.62,2.24,3.13,1.46,0.12,2.21,1.46,2.41,68.5,5,Female,50.88
6.8,5.29,2.8,3.87,2.19,1.57,2.78,3.6,93.6,6,Male,65.93
5.34,1.51,5.5,3.34,2.35,1.61,0.93,1.61,74.7,4,Female,45.49
6.89,2.95,3.74,2.84,0.99,0.0,3.72,2.45,85.4,4,Female,56.46
7.36,3.64,0.79,2.83,2.32,0.47,2.39,2.43,77.9,3,Male,68.34
9.22,5.7,1.8,2.03,0.23,2.24,1.01,1.79,56.9,10,Male,62.07
7.1,6.44,2.18,3.14,1.52,1.08,1.22,3.02,87.0,9,Male,69.11
4.2,6.15,4.71,3.57,1.4,0.0,3.31,2.26,90.9,2,Female,69.88
6.89,4.27,4.55,2.81,1.57,1.36,0.84,0.92,100.0,2,Female,70.24
10.29,0.86,3.11,1.43,1.57,1.68,2.78,2.68,55.2,9,Male,42.97
8.04,5.09,2.79,1.96,1.44,1.57,2.07,1.55,40.1,4,Female,60.24
6.03,6.71,4.43,2.57,1.19,1.09,2.31,1.71,85.7,3,Female,73.22
7.71,6.35,2.03,2.84,1.41,1.99,1.83,1.78,70.8,3,Female,77.04
6.11,5.19,4.09,1.92,2.59,0.71,1.55,2.66,60.8,9,Female,53.41
5.38,2.72,3.98,1.43,1.04,1.58,2.01,2.97,79.3,3,Female,54.81
6.58,3.71,3.14,3.58,3.3,1.29,3.07,1.86,72.6,8,Male,53.67
7.11,7.4,4.02,0.93,0.99,1.11,2.21,1.8,62.7,5,Male,72.07
4.75,2.37,3.63,1.06,1.69,0.93,2.92,0.16,77.0,5,Male,47.99
5.62,2.78,4.15,0.67,1.96,0.96,2.26,1.36,84.8,4,Male,57.41
7.01,5.91,1.77,1.06,1.27,1.22,3.11,1.15,80.1,1,Female,79.56
6.51,3.85,4.3,3.25,2.61,1.0,2.91,2.28,80.2,1,Female,68.03
7.47,2.73,4.83,3.28,1.94,1.71,1.96,1.9,83.3,2,Male,60.1
5.54,6.79,3.92,1.93,1.34,0.82,1.55,1.18,57.7,3,Female,71.36
7.86,5.19,4.28,2.5,2.6,2.3,3.46,2.14,77.4,2,Male,69.1
5.58,3.93,3.36,1.99,0.69,0.79,1.69,1.94,80.9,3,Male,61.35
8.97,2.78,4.66,0.81,1.05,1.84,3.0,0.0,73.5,8,Male,51.7
4.94,7.57,3.58,4.22,1.95,1.87,2.53,3.0,68.0,1,Male,78.38
5.69,4.46,2.01,3.37,2.14,1.32,2.04,2.91,69.0,7,Female,59.73
7.5,6.6,4.57,2.35,1.76,1.25,2.93,1.79,74.5,6,Male,74.49
9.0,5.84,1.38,1.14,1.4,0.69,3.87,2.32,89.0,3,Male,79.6
7.38,3.72,3.87,1.78,1.3,0.84,3.13,1.71,96.3,3,Male,63.96
7.68,3.73,3.0,1.31,2.41,1.35,2.63,0.56,93.9,4,Female,69.48
7.02,6.67,2.92,2.1,1.69,1.17,4.12,3.95,59.3,3,Male,73.51
5.77,6.69,3.72,2.31,0.8,2.03,0.83,2.67,66.7,4,Female,68.01
6.41,1.68,2.58,1.66,0.76,0.88,1.39,2.85,85.9,5,Female,54.04
5.55,5.32,4.17,0.55,2.71,0.92,2.04,1.74,93.6,7,Female,65.61
5.47,4.32,3.57,4.13,0.92,0.03,3.92,3.01,66.4,7,Male,51.27
7.48,2.95,2.7,2.24,1.72,1.65,3.44,0.77,80.2,4,Female,55.37
5.65,4.89,5.24,2.46,2.58,1.59,0.78,1.78,64.4,3,Female,61.41
7.38,2.48,3.77,1.58,1.93,1.88,2.06,2.67,81.3,8,Male,53.91
5.44,3.8,4.32,0.44,0.89,1.92,1.18,1.44,70.3,8,Male,52.75
7.36,3.3,5.34,1.92,0.69,1.75,2.46,2.82,80.2,7,Male,55.24
6.41,3.75,5.32,1.68,3.0,1.78,3.4,2.27,63.5,7,Female,52.22
8.69,4.39,4.25,2.71,0.67,1.63,3.48,2.19,58.4,3,Female,63.45
7.39,2.98,3.11,2.91,1.06,1.73,2.77,1.35,100.0,7,Male,57.94
8.48,6.86,1.64,2.77,1.8,0.0,2.07,2.36,78.8,4,Male,83.23
6.09,5.24,3.77,2.99,1.32,0.43,2.4,3.74,100.0,6,Male,62.25
7.07,7.19,4.92,3.8,1.96,0.32,3.18,2.16,96.1,6,Female,66.01
5.82,4.26,3.96,2.39,0.33,2.09,4.85,2.5,58.4,8,Male,52.44
6.5,3.68,0.0,3.1,1.33,0.65,1.31,2.63,82.3,10,Male,56.12
6.69,7.14,4.63,2.49,2.04,0.76,4.09,0.97,62.5,5,Female,63.72
6.13,3.63,4.71,0.1,2.04,1.2,2.74,1.88,74.4,2,Male,61.85
5.54,4.23,3.11,1.85,1.04,0.33,3.32,1.85,55.4,1,Female,58.25
5.3,5.58,4.78,1.13,0.68,1.47,2.69,0.09,59.1,4,Female,60.88
4.19,2.64,4.32,2.23,1.67,0.0,3.9,2.71,67.7,5,Female,46.14
5.73,5.57,2.61,1.21,0.45,0.38,2.83,1.16,71.5,6,Female,61.82
7.75,5.38,5.15,2.61,2.53,1.34,1.85,2.61,78.5,4,Male,72.11
5.08,6.4,1.85,2.98,1.63,0.33,2.95,1.32,65.6,4,Female,64.66
5.36,5.84,3.43,3.2,0.94,2.11,3.63,3.84,79.8,8,Female,54.89
9.15,6.45,3.3,3.62,0.66,1.23,2.5,1.75,91.6,3,Male,80.11
6.24,4.33,2.43,0.32,0.99,1.99,0.43,3.73,81.3,1,Female,72.75
7.39,3.21,3.89,0.8,0.25,1.45,2.39,1.84,77.2,5,Female,52.19
7.77,7.66,5.2,4.93,1.9,1.19,2.6,1.95,82.1,7,Female,73.64
7.8,2.21,5.12,3.01,0.86,0.5,2.46,3.41,60.8,2,Male,46.14
5.17,2.36,4.44,2.22,1.82,1.85,2.0,1.17,89.4,1,Male,57.06
6.72,5.35,1.3,2.03,1.93,1.51,3.82,2.04,63.6,7,Male,67.4
5.06,6.94,1.76,1.94,2.27,2.66,0.13,2.49,96.6,2,Female,86.64
9.94,4.78,3.72,0.07,1.7,1.78,2.59,2.36,87.2,9,Female,70.34
5.09,6.0,3.46,1.23,2.4,0.92,2.61,2.04,84.7,4,Male,70.12
5.74,1.51,2.85,1.89,2.61,1.4,4.59,1.92,85.2,10,Female,44.16
5.75,3.75,5.98,1.28,1.71,1.5,2.49,2.76,78.0,1,Male,62.47
5.2,1.69,3.64,1.41,1.75,2.01,2.95,2.16,68.6,5,Male,44.96
8.62,5.67,4.21,4.56,1.05,2.13,2.63,2.87,66.7,5,Male,63.2
9.91,2.18,4.78,1.75,0.71,1.09,2.59,2.35,99.0,3,Male,65.23
6.43,2.58,3.57,2.28,2.53,0.35,4.26,2.59,79.2,4,Female,60.38
5.42,5.27,6.87,2.24,1.98,0.0,1.39,3.02,64.6,4,Male,61.85
4.32,6.09,2.28,2.59,2.05,0.4,1.83,1.72,84.2,1,Female,66.87
6.71,4.26,2.71,1.52,1.03,0.79,3.25,3.0,82.1,3,Male,70.19
6.62,5.36,2.27,3.25,2.8,2.25,2.76,1.86,74.0,3,Male,70.35
6.22,5.31,5.53,2.44,1.32,2.26,2.22,0.74,67.2,6,Male,63.68
7.27,4.18,4.54,0.71,0.86,1.87,2.43,1.7,86.8,3,Female,63.7
7.47,2.86,2.79,1.89,1.04,2.06,3.41,1.35,89.4,2,Female,61.13
7.39,5.35,2.38,1.83,2.76,0.7,2.99,2.34,81.9,7,Male,69.52
6.62,5.42,5.3,1.78,0.61,0.14,1.79,1.74,78.9,4,Male,62.92
5.68,5.84,3.97,2.51,0.9,0.5,2.74,2.12,68.6,1,Female,67.12
7.8,4.97,5.33,2.63,3.82,0.0,2.45,2.91,83.8,2,Male,74.44
7.02,2.75,3.42,2.52,2.25,0.42,2.97,3.34,70.4,6,Female,56.67
8.07,5.54,4.16,2.34,0.91,0.85,2.18,2.26,62.7,3,Male,65.35
7.95,4.5,3.89,2.09,0.63,1.32,1.29,2.98,91.5,10,Male,65.11
5.29,3.78,2.69,0.0,0.16,1.29,3.17,1.84,65.6,7,Female,49.62
5.28,4.06,3.31,2.78,1.58,0.72,3.05,0.59,55.2,3,Male,53.07
6.09,3.46,1.96,2.49,2.08,1.6,3.92,0.94,93.7,10,Male,62.4
5.73,5.83,4.14,1.02,2.72,0.73,1.18,1.82,57.1,8,Female,61.93
7.91,2.37,4.49,2.28,0.0,1.21,2.43,2.72,73.3,7,Male,46.44
7.42,3.01,4.79,2.65,0.44,0.42,2.27,1.83,64.9,1,Male,56.57
8.32,4.01,4.37,3.17,1.4,1.96,2.1,3.07,69.3,3,Male,65.67
7.48,6.92,3.33,2.51,3.73,1.21,0.96,3.65,100.0,7,Female,82.73
7.25,6.08,5.52,2.32,2.21,1.68,1.43,1.2,76.8,5,Female,72.69
8.44,2.04,4.66,2.95,1.8,0.35,2.77,3.91,82.3,9,Female,45.47
7.56,6.53,5.31,1.69,0.52,1.32,2.0,0.53,87.5,7,Female,66.87
7.08,6.52,5.39,2.41,0.0,1.6,1.67,3.66,70.2,1,Female,70.48
8.78,2.74,3.34,1.38,1.53,0.0,3.93,1.97,90.9,9,Male,52.96
7.14,0.72,4.0,3.11,1.42,2.02,4.87,1.79,82.5,10,Female,37.71
6.63,4.39,4.51,0.39,1.29,0.33,2.44,1.99,87.0,8,Female,56.12
5.99,6.18,2.01,2.82,1.2,1.35,1.0,1.28,69.3,8,Male,66.08
7.84,6.89,2.03,2.02,0.9,2.45,2.9,3.35,83.3,2,Female,86.52
8.48,3.19,1.81,2.97,0.72,1.87,0.41,1.38,77.9,8,Male,55.13
6.94,7.13,3.36,1.22,2.61,0.16,1.15,1.49,91.6,7,Male,76.01
8.57,1.16,3.07,2.09,0.79,1.08,2.91,0.76,71.5,2,Female,51.9
4.64,3.95,1.63,2.06,1.28,2.06,1.12,1.34,100.0,2,Male,68.58
6.93,3.87,3.69,2.43,1.47,0.63,2.2,1.37,82.1,6,Male,58.21
6.95,6.23,3.38,0.95,2.07,0.95,1.02,1.31,76.5,4,Male,77.75
6.13,6.45,5.04,2.64,0.82,0.93,2.56,1.84,75.1,6,Female,67.01
9.86,5.93,6.12,0.15,2.28,1.6,3.62,1.0,77.9,10,Female,64.52
6.92,2.47,4.09,1.33,1.04,0.12,1.89,3.44,70.5,7,Female,51.15
6.51,5.79,2.59,0.44,1.37,1.64,2.48,1.86,86.0,9,Female,71.94
7.03,5.26,4.34,2.83,2.81,0.76,1.68,2.34,77.9,1,Female,76.13
4.6,1.99,3.51,2.4,0.72,1.19,1.75,2.78,100.0,3,Male,54.55
6.09,1.4,3.19,2.46,2.08,1.04,1.67,3.82,72.8,9,Male,42.93
8.18,6.06,2.38,3.47,2.3,1.62,3.29,2.82,76.6,8,Female,66.3
6.25,4.23,2.9,1.68,1.75,1.19,1.09,1.78,72.8,4,Female,62.65
6.01,2.57,3.27,2.61,1.41,2.21,2.17,1.03,100.0,4,Female,54.72
8.57,4.19,4.55,2.07,3.2,1.89,2.91,2.3,60.7,8,Female,62.03
8.61,5.05,4.16,1.91,1.49,0.64,3.41,2.96,79.1,1,Male,72.99
7.62,4.38,5.87,3.31,1.66,2.16,2.94,2.13,81.8,1,Female,65.93
6.45,2.17,4.38,4.08,1.23,1.42,2.43,2.06,64.5,9,Male,37.92
6.71,7.33,4.05,1.57,1.62,1.32,1.93,2.19,100.0,8,Male,72.39
6.04,6.01,3.1,2.83,2.27,1.79,3.43,0.32,66.8,9,Female,62.84
5.81,4.0,2.15,2.32,1.28,0.47,1.63,2.13,78.4,5,Female,62.14
5.75,4.06,2.76,2.33,0.0,0.23,1.65,2.66,98.2,3,Male,67.48
6.26,5.04,2.59,2.25,1.91,1.22,3.85,1.96,73.5,4,Female,61.35
5.76,2.81,0.17,1.67,0.64,0.78,2.86,3.01,79.7,8,Female,58.11
5.12,4.98,2.19,0.0,2.09,2.65,2.9,3.04,73.9,3,Male,70.73
7.26,2.5,5.58,3.53,1.5,0.66,3.1,1.55,77.4,1,Male,56.65
7.28,4.39,3.98,1.31,2.25,1.23,2.41,2.4,91.0,5,Male,60.21
9.04,2.75,3.01,1.76,0.74,1.33,1.06,2.04,72.9,6,Male,59.55
6.2,2.82,4.02,1.78,1.07,2.06,2.75,0.17,46.1,5,Male,46.47
7.36,6.97,0.96,1.22,1.23,0.5,2.48,1.83,77.6,10,Male,72.05
7.38,4.59,3.87,2.24,0.31,0.07,1.64,1.07,78.8,7,Male,58.44
6.7,4.81,5.16,1.96,2.39,2.18,1.41,2.12,80.3,8,Male,59.05
7.89,1.48,3.34,1.28,0.2,1.26,2.45,2.61,75.8,3,Male,49.76
7.93,3.6,1.2,2.15,2.38,1.77,1.14,1.8,67.6,6,Female,60.62
7.39,5.19,2.96,1.97,1.84,1.8,2.36,1.19,75.1,4,Male,70.26
6.69,4.79,5.16,2.93,1.34,1.92,2.24,2.21,99.2,4,Male,70.58
6.57,1.27,3.84,0.66,1.78,0.94,2.38,4.2,77.5,2,Male,57.68
5.36,4.81,1.66,1.19,1.75,0.75,2.9,0.04,85.8,8,Female,62.76
6.03,5.05,6.58,2.73,1.18,0.0,3.12,2.21,65.6,5,Male,52.64
6.25,6.43,1.87,1.36,1.74,0.5,1.79,1.51,74.5,10,Female,72.53
5.65,3.52,3.18,1.1,2.08,1.24,3.37,1.62,66.0,6,Male,56.47
7.53,1.14,2.15,1.41,0.74,0.71,2.28,1.91,93.5,2,Male,60.1
8.44,3.0,2.15,1.9,1.78,0.4,4.25,1.69,59.3,8,Male,49.0
5.91,2.85,2.91,1.9,0.0,1.24,1.91,2.54,82.5,1,Female,60.98
7.34,5.61,4.33,1.79,0.0,2.14,0.89,1.78,82.1,8,Female,60.79
5.76,0.42,5.18,0.97,1.95,1.16,3.33,0.05,81.3,4,Male,48.28
6.63,3.83,3.0,2.77,1.17,0.41,2.93,3.15,49.9,1,Female,56.75
6.17,6.64,2.19,3.33,0.82,2.09,3.7,3.02,53.7,6,Male,64.15
7.72,4.51,4.12,0.09,1.46,0.66,2.81,1.45,79.4,5,Female,63.83
6.19,5.84,4.16,0.45,1.18,2.24,4.84,2.04,66.9,3,Female,67.59
8.21,2.04,3.81,3.0,0.71,1.02,2.31,3.1,70.3,2,Male,57.24
6.71,2.1,3.86,3.57,0.19,1.27,3.55,2.93,72.9,7,Female,43.99
6.22,6.66,3.35,0.0,0.0,2.29,1.97,3.22,65.4,5,Female,71.79
5.5,4.65,3.63,2.82,2.09,0.25,2.99,2.34,63.3,4,Male,60.74
7.3,4.65,3.26,3.64,1.16,0.46,3.18,2.69,78.0,6,Male,56.67
8.07,2.82,4.89,1.14,2.28,0.97,3.33,3.27,55.1,10,Female,48.32
7.33,4.65,6.4,3.58,1.15,1.1,3.28,1.69,71.9,9,Female,50.66
9.69,2.78,3.73,1.82,1.78,3.05,0.0,2.4,70.0,3,Female,63.91
8.72,6.28,3.49,2.31,1.4,0.58,2.43,0.07,77.7,4,Female,75.16
6.63,8.59,3.83,1.28,1.54,0.29,1.92,0.58,100.0,9,Female,79.86
6.62,5.23,2.64,3.0,1.57,0.54,2.12,2.45,66.2,2,Male,61.03
7.56,3.55,4.49,2.83,1.14,1.36,2.22,2.59,82.9,10,Female,55.71
5.99,0.7,4.07,3.72,0.52,1.54,3.48,1.65,80.6,5,Male,43.64
8.4,1.97,2.95,3.44,2.11,0.71,2.7,1.45,84.7,5,Male,52.03
7.43,6.83,4.67,1.99,2.77,1.21,1.99,1.68,75.4,10,Female,65.43
7.31,2.96,3.52,5.11,2.83,2.56,1.03,2.17,95.3,2,Male,69.28
7.82,3.94,2.24,3.35,1.06,1.22,4.03,0.0,86.2,2,Female,68.88
9.07,5.48,3.96,2.54,0.91,1.42,1.85,2.42,86.4,9,Female,67.95
7.21,6.72,3.81,1.0,1.06,2.52,2.37,2.03,61.0,8,Female,69.07
6.86,4.2,4.75,0.47,1.36,0.71,4.64,2.22,79.2,5,Male,61.28
8.81,3.89,4.58,0.55,1.46,0.67,1.88,1.89,71.9,2,Male,64.19
8.16,4.61,3.36,1.07,0.7,0.87,2.22,0.76,67.7,6,Female,60.94
6.61,3.56,2.89,3.38,0.32,0.83,2.73,1.01,70.5,8,Male,52.66
7.01,3.64,3.5,2.49,1.54,0.0,0.89,3.37,77.3,1,Male,67.28
7.23,5.12,3.97,1.39,0.0,1.3,0.78,1.42,83.5,3,Female,70.33
7.43,4.78,4.13,1.86,1.42,1.35,2.02,2.73,89.8,4,Male,67.5
5.37,7.7,3.89,1.74,0.74,1.07,2.05,1.03,89.2,3,Male,81.21
5.15,5.16,3.38,2.8,2.12,1.37,2.63,1.99,81.5,6,Male,59.83
5.94,6.23,4.8,1.12,2.34,1.38,1.52,1.6,78.7,10,Female,67.23
5.84,2.89,2.62,2.35,2.36,0.28,2.93,1.74,74.1,7,Female,49.6
6.23,5.29,6.72,2.3,1.22,1.4,0.34,1.69,75.0,6,Female,56.32
7.76,3.42,4.49,1.15,0.59,1.59,2.43,3.3,68.6,10,Female,50.38
6.8,5.09,2.03,3.59,0.85,0.08,2.86,3.73,72.9,9,Male,59.33
7.24,5.53,3.74,1.7,1.73,2.22,2.83,2.21,82.2,6,Male,69.66
5.53,4.57,4.5,1.01,0.18,0.33,2.34,1.63,96.5,1,Male,63.5
6.45,8.11,3.05,2.85,2.61,0.4,1.84,0.8,76.2,3,Female,83.32
7.7,6.64,1.56,2.05,1.24,1.34,2.31,0.74,68.3,10,Male,71.18
7.71,6.27,2.15,2.41,1.9,1.57,3.73,3.3,89.6,6,Female,76.5
6.13,5.65,4.2,0.82,0.07,1.74,1.9,0.68,54.0,10,Male,49.25
7.19,7.15,1.22,2.81,0.76,1.59,3.48,1.6,90.5,1,Male,85.28
9.64,2.34,1.62,4.17,0.0,0.84,3.64,2.14,60.8,2,Male,54.52
6.98,6.56,4.2,0.74,2.32,1.28,0.76,0.0,85.9,2,Male,74.96
6.17,3.01,3.21,2.35,1.37,0.98,2.37,0.87,72.3,1,Male,57.59
6.79,3.65,2.6,1.21,1.96,1.32,1.52,0.8,81.9,4,Female,69.49
7.11,5.34,2.86,4.69,1.55,1.25,1.0,1.4,100.0,10,Male,63.57
6.82,6.35,1.59,3.24,1.87,0.85,3.29,2.23,67.9,1,Female,76.46
6.96,2.77,4.13,2.28,1.23,0.96,2.97,2.92,66.0,10,Female,46.47
5.27,3.73,2.45,0.77,1.34,0.0,2.76,1.4,78.9,1,Male,65.92
5.84,4.65,2.8,1.01,1.43,1.78,1.41,1.58,96.3,1,Male,70.41
6.82,4.22,3.95,2.75,1.82,1.41,2.71,1.89,80.1,1,Female,72.41
6.8,5.78,3.17,0.64,1.85,0.0,1.19,1.28,78.5,8,Female,67.59
6.32,9.65,2.58,0.67,3.75,1.76,2.58,2.38,80.0,2,Female,100.0
6.79,5.13,0.91,2.01,2.85,1.16,1.84,2.4,65.9,2,Male,73.21
7.07,3.4,3.98,2.13,0.08,0.54,3.55,0.0,80.2,9,Male,42.98
8.07,2.56,3.6,2.38,1.39,0.48,2.14,2.58,73.3,7,Female,51.98
6.88,4.01,2.83,1.56,1.18,0.72,2.73,2.11,93.9,4,Male,63.43
7.48,3.09,2.15,2.92,2.52,0.55,2.73,2.23,87.6,8,Male,61.38
6.35,5.2,3.52,1.14,1.25,0.64,2.42,3.06,62.1,10,Female,51.97
7.69,5.18,4.12,2.63,1.87,2.39,2.61,0.39,74.6,6,Female,65.15
7.45,3.81,3.63,2.21,0.0,1.46,2.8,0.87,84.3,9,Female,55.7
8.04,7.48,5.63,2.6,0.29,2.63,1.6,1.94,66.2,4,Female,75.32
7.86,3.4,4.42,3.18,3.17,1.36,2.9,0.0,65.0,9,Female,49.2
7.71,4.32,3.36,1.54,1.54,1.61,3.36,1.81,72.5,7,Male,55.9
6.88,5.46,4.46,1.34,0.7,0.58,2.9,2.76,82.1,3,Male,64.83
7.29,5.84,3.56,0.31,1.69,1.08,2.15,2.36,90.4,7,Male,70.26
8.28,6.42,3.56,0.0,0.66,1.14,2.67,2.07,80.8,4,Female,73.84
6.22,5.14,5.19,1.82,1.27,1.63,2.14,1.79,100.0,1,Female,72.46
6.25,6.08,2.33,1.89,0.34,1.17,2.38,1.61,69.9,5,Female,65.96
7.22,3.5,3.53,0.91,0.87,1.45,1.31,1.56,86.9,1,Female,64.39
7.5,5.88,5.05,1.13,1.17,1.42,3.88,2.21,64.7,5,Male,61.68
6.01,5.86,3.9,3.52,2.4,0.99,4.44,0.6,97.3,9,Male,58.52
6.91,6.77,3.02,2.88,1.87,0.92,1.8,3.32,94.3,1,Female,83.79
6.89,2.0,1.28,0.74,2.01,0.73,3.29,1.34,86.5,7,Female,53.69
4.34,3.14,0.55,1.56,1.48,1.96,3.96,2.5,57.2,3,Female,56.58
6.74,5.73,6.2,2.41,2.16,0.99,1.54,2.07,86.4,6,Male,65.14
6.81,0.52,3.9,1.37,0.8,1.43,0.34,0.96,68.2,7,Male,39.86
6.81,5.24,2.74,1.19,0.91,1.09,4.02,3.16,83.4,8,Male,66.34
8.7,6.09,3.95,1.66,1.83,1.94,2.49,2.97,60.5,7,Female,65.01
5.54,3.64,2.27,3.09,1.28,0.0,1.98,0.59,81.2,3,Male,61.42
6.01,3.85,3.07,3.18,1.49,1.41,2.55,1.93,73.8,4,Female,60.03
3.87,2.89,2.28,1.26,1.37,0.32,2.13,2.19,68.7,6,Female,48.6
6.42,3.72,1.66,2.46,2.5,1.47,5.46,0.14,85.1,3,Female,62.74
6.53,3.76,0.76,1.99,2.54,1.1,1.97,0.09,77.4,9,Male,59.25
6.39,3.48,1.42,0.99,1.0,0.17,2.83,1.25,75.5,6,Male,59.8
8.33,3.39,4.83,1.7,0.09,1.44,3.79,0.82,86.8,7,Male,51.28
8.03,4.09,2.22,0.74,0.93,1.36,3.79,1.06,100.0,7,Male,69.02
7.09,4.08,4.2,3.16,0.78,1.04,3.6,0.82,81.3,4,Male,64.2
6.56,7.31,4.74,3.55,2.17,1.13,2.07,1.89,56.3,8,Male,64.08
8.23,3.91,3.52,1.59,2.24,1.31,2.35,1.2,59.3,7,Female,61.94
6.98,5.02,3.11,1.35,0.68,2.02,0.33,3.0,78.8,9,Female,64.5
6.02,3.63,3.67,3.05,0.9,0.98,2.43,2.16,90.3,4,Female,60.05
4.94,3.62,2.96,3.22,0.32,1.91,2.53,2.71,79.6,6,Male,51.29
6.47,1.94,5.07,0.89,1.61,1.17,3.24,0.48,84.1,9,Female,43.22
7.91,2.14,5.94,1.85,1.46,2.11,4.3,1.43,77.3,4,Male,48.75
9.73,2.69,5.38,1.94,2.13,1.04,3.21,2.12,89.5,9,Female,57.49
7.07,4.78,0.7,1.23,1.9,0.73,3.57,2.41,85.4,4,Female,71.32
6.08,6.11,2.93,2.39,1.99,0.43,2.48,1.42,65.8,2,Male,76.43
5.58,1.82,3.51,1.3,0.27,1.18,3.78,1.55,83.4,1,Male,54.79
7.66,3.68,4.1,1.46,1.0,0.64,2.51,1.65,59.5,5,Male,56.98
4.88,2.45,1.25,1.9,2.26,2.18,3.64,1.73,83.4,5,Male,52.59
7.66,4.1,1.23,0.51,1.07,0.59,3.3,3.95,74.6,3,Male,72.18
7.98,6.11,5.2,0.0,0.2,0.72,2.89,2.28,79.9,9,Male,64.13
7.52,3.83,2.77,2.92,2.15,1.61,0.96,2.04,81.9,9,Female,57.57
6.74,4.43,1.57,1.26,1.04,2.03,3.59,0.87,81.4,7,Male,61.91
7.68,6.68,2.07,4.13,2.35,1.71,2.88,0.89,95.0,8,Male,71.57
7.21,5.19,4.01,3.97,1.49,1.94,3.2,1.81,78.4,6,Female,62.98
6.07,3.36,2.43,1.49,1.28,1.14,2.81,3.02,80.3,7,Female,56.15
9.22,4.74,3.81,4.34,2.59,1.15,2.99,1.82,94.0,3,Male,69.5
6.58,3.26,2.23,2.94,0.46,2.61,3.8,1.86,100.0,1,Female,68.81
7.93,5.13,1.23,1.35,2.65,2.38,2.03,1.33,77.8,6,Male,80.28
4.1,5.27,5.35,0.0,0.99,1.7,2.97,0.43,71.9,2,Female,58.31
8.53,2.45,4.02,2.69,1.63,1.97,1.72,2.39,72.4,2,Female,60.1
8.76,4.76,3.07,2.03,1.64,1.8,3.08,1.77,83.4,6,Male,73.81
7.04,4.32,2.82,2.43,1.16,0.36,2.75,2.4,75.6,4,Male,61.24
7.67,5.32,5.4,1.77,0.89,1.17,1.87,2.14,57.0,4,Female,63.83
7.67,5.75,4.27,0.86,1.2,2.25,2.59,1.13,91.5,6,Female,73.15
6.23,5.22,4.99,1.57,0.69,1.7,1.93,2.2,87.8,9,Female,61.23
7.66,4.05,2.74,2.71,3.07,1.16,2.12,0.84,91.8,1,Male,79.01
6.03,5.9,3.57,1.65,1.12,2.26,2.85,2.2,94.1,3,Male,69.69
6.27,3.19,4.02,1.64,2.43,1.46,2.77,1.94,80.3,4,Female,59.63
8.35,2.52,2.78,0.48,2.32,1.73,0.58,3.39,81.1,3,Male,65.76
8.17,0.0,3.38,2.09,1.79,1.46,2.87,1.22,90.1,1,Male,53.75
6.15,4.39,2.74,0.89,1.39,1.58,2.2,0.81,63.4,3,Male,64.01
6.12,3.27,4.02,2.92,1.66,1.63,2.09,1.63,73.8,2,Male,57.69
6.23,5.1,1.78,1.27,1.96,2.11,1.37,2.55,77.3,9,Male,62.08
7.88,1.54,4.24,1.7,1.58,2.2,2.45,0.0,89.1,4,Female,51.91
5.8,3.53,3.9,4.16,0.25,0.88,1.98,2.79,71.5,4,Male,58.57
7.43,5.21,3.24,1.69,0.05,1.45,3.77,1.81,69.5,7,Male,57.46
7.9,2.96,4.08,1.56,2.71,2.09,0.75,0.97,72.8,6,Female,62.04
6.89,5.11,3.03,2.59,0.0,1.11,1.54,1.67,83.6,3,Female,65.68
8.21,3.66,2.63,0.21,1.66,0.28,1.47,1.33,77.2,3,Female,68.55
6.63,4.45,4.21,3.25,1.31,0.56,2.76,0.9,60.6,1,Female,66.53
6.74,5.39,4.26,2.99,1.63,0.61,3.67,0.26,63.0,3,Male,65.2
5.83,5.93,2.84,2.52,0.59,0.88,3.0,2.66,79.6,4,Female,64.55
8.22,4.64,2.73,0.0,1.78,0.68,1.41,1.5,80.0,5,Female,70.2
6.08,3.28,3.26,1.74,1.66,1.92,2.07,1.65,78.3,3,Male,60.83
7.42,3.81,2.78,0.73,3.71,1.01,1.69,2.76,72.4,9,Female,64.03
6.91,5.46,5.48,3.12,1.6,2.08,3.01,2.05,87.5,8,Female,61.65
5.74,2.97,3.91,3.05,2.58,0.41,2.05,0.6,82.4,5,Female,53.26
6.27,4.23,3.52,2.39,0.3,0.95,1.09,2.61,82.0,9,Female,59.77
8.66,3.92,2.29,0.8,2.32,1.27,3.08,3.34,82.4,4,Female,76.16
7.24,4.34,4.46,3.49,1.68,1.77,3.76,2.45,97.2,7,Male,63.37
5.79,2.99,2.7,1.74,1.72,2.0,2.32,1.22,65.7,8,Female,48.33
7.37,1.72,2.65,3.81,1.73,0.82,2.62,0.67,72.9,7,Male,39.15
6.82,5.28,4.5,2.27,2.87,1.9,0.99,1.19,74.0,4,Female,64.94
11.14,5.95,4.0,2.51,1.7,0.02,0.44,2.09,93.1,8,Male,72.0
7.34,1.81,0.25,1.54,0.87,1.81,0.65,3.28,73.5,2,Male,62.73
6.54,5.05,3.29,3.41,1.01,0.26,2.46,1.32,68.5,4,Female,64.51
8.7,6.12,3.66,2.61,2.15,1.51,2.19,1.42,76.7,9,Male,74.35
4.79,5.39,3.06,3.44,1.86,1.99,3.05,2.92,79.3,7,Female,64.85
7.11,3.87,3.71,2.18,0.28,1.82,2.3,1.61,92.4,4,Male,61.55
9.39,3.08,1.15,1.95,1.91,0.05,3.49,3.54,73.4,5,Female,65.7
6.86,4.62,0.0,2.6,0.63,0.89,3.37,1.87,69.8,5,Female,66.77
4.92,4.87,2.23,3.44,1.85,1.7,2.18,3.05,67.1,5,Female,56.79
6.52,4.64,3.87,3.02,0.86,1.68,1.5,2.34,73.9,3,Male,61.43
8.75,4.23,0.0,2.14,1.27,1.39,0.58,2.64,100.0,8,Female,71.93
7.45,2.88,2.4,0.14,1.06,0.0,3.93,1.84,82.6,1,Male,71.37
5.99,5.13,1.0,2.81,2.72,2.04,1.56,1.9,85.2,8,Female,69.17
6.18,5.21,3.18,0.56,1.82,2.16,1.0,2.38,78.0,6,Female,64.64
6.33,4.8,6.05,2.04,2.51,1.31,2.63,2.72,79.6,5,Male,60.3
7.43,4.67,3.22,1.88,3.82,1.36,1.01,2.47,87.4,8,Male,69.37
8.61,7.02,3.36,0.58,1.54,1.55,2.63,0.41,84.8,10,Male,73.34
8.26,3.56,4.59,2.37,2.7,2.22,2.16,2.23,82.2,5,Female,62.41
7.55,6.42,3.53,4.15,0.94,1.38,3.42,1.41,78.2,6,Male,70.35
5.4,3.4,3.22,1.69,2.5,1.07,3.34,1.51,73.8,5,Male,60.14
5.41,6.16,4.7,2.77,0.85,1.47,3.6,2.41,83.1,5,Male,68.56
7.64,6.35,4.11,4.36,1.49,1.19,2.71,3.53,79.0,4,Female,71.04
5.39,4.06,3.88,2.86,1.93,1.2,1.64,1.79,100.0,6,Female,60.4
6.73,6.99,3.32,1.36,2.06,0.0,1.46,3.78,90.6,1,Male,84.08
7.36,5.2,3.05,2.24,0.48,1.57,1.97,1.01,69.9,8,Male,64.02
5.63,3.18,4.69,2.48,0.81,2.02,4.49,3.11,64.0,1,Male,53.32
5.77,3.94,3.06,3.43,1.99,1.91,2.25,2.39,73.2,10,Female,45.94
6.89,6.2,5.1,3.21,1.21,1.87,2.66,2.19,65.0,4,Female,67.49
7.6,5.88,2.14,0.0,0.38,1.16,4.02,3.24,72.5,7,Female,71.5
8.27,2.91,5.36,1.14,1.44,1.3,2.75,1.43,66.4,1,Female,58.67
7.73,4.29,4.11,1.93,1.4,2.03,1.75,3.15,74.1,4,Male,70.72
7.09,4.81,2.24,0.98,1.64,1.81,3.23,1.81,74.2,10,Male,59.43
6.1,3.74,4.16,0.0,1.92,2.24,2.07,1.42,79.8,6,Female,64.08
5.71,8.04,2.65,1.27,1.87,0.73,2.79,0.81,75.5,5,Female,74.68
6.39,4.85,3.54,2.0,0.89,0.72,3.01,3.43,67.2,4,Male,63.18
7.49,4.41,2.87,1.47,1.17,0.97,2.01,3.03,92.6,7,Male,63.82
7.4,6.29,3.33,1.0,2.24,0.54,2.69,1.57,82.8,7,Male,72.22
4.48,3.95,4.72,2.04,1.07,0.27,4.1,2.49,71.5,6,Female,51.44
6.06,6.01,4.17,2.34,1.18,1.53,1.87,2.11,67.4,10,Female,56.59
8.45,2.0,2.04,1.53,0.3,1.48,3.82,1.68,60.4,6,Male,48.98
7.1,3.82,2.11,3.37,1.48,1.37,1.91,2.87,59.5,9,Female,52.48
5.3,6.07,3.85,2.06,1.78,1.45,4.3,1.44,90.6,5,Female,79.39
9.83,6.86,3.95,1.13,0.0,0.18,1.64,0.03,89.3,5,Male,79.74
6.97,3.34,2.62,0.88,0.64,0.86,2.11,2.23,71.0,6,Male,57.58
7.46,3.17,5.57,1.79,0.36,0.99,4.01,2.06,94.4,4,Male,58.6
7.48,5.35,4.56,3.11,2.13,1.23,4.05,1.47,85.4,8,Female,57.62
6.56,3.57,2.69,1.18,0.0,0.18,3.32,1.2,80.4,5,Male,60.21
6.13,4.1,2.56,2.6,1.44,0.55,1.42,0.6,88.3,3,Female,67.36
9.55,5.81,3.2,2.09,2.07,0.89,2.58,1.67,85.4,4,Female,73.39
8.2,3.68,3.07,3.99,1.65,1.94,2.5,1.21,79.8,4,Female,70.02
7.99,1.55,5.13,2.39,1.15,1.38,1.64,2.87,75.1,10,Female,41.91
7.69,2.55,4.78,1.3,1.78,1.92,3.2,2.46,76.7,4,Male,53.65
5.8,4.51,3.55,2.74,2.33,1.11,1.72,1.56,58.7,3,Female,61.74
8.53,1.7,4.38,2.77,1.41,1.2,1.21,2.47,68.4,7,Female,45.17
5.99,4.05,4.57,1.6,0.0,1.55,0.88,1.9,99.6,9,Male,51.4
7.34,2.41,3.58,0.84,2.42,1.08,4.21,1.76,68.1,5,Male,53.47
5.03,6.96,4.02,2.54,1.82,0.76,1.99,1.95,55.8,5,Male,64.8
4.55,7.75,4.27,2.06,1.47,0.16,2.01,3.59,88.8,7,Female,67.18
7.38,2.91,4.13,0.48,0.0,0.78,1.47,2.58,81.0,7,Male,51.81
6.03,4.89,2.49,2.25,1.26,1.79,3.87,1.73,81.7,2,Female,66.32
4.61,3.06,2.62,1.36,0.8,2.08,1.12,2.8,76.1,10,Female,47.06
7.65,4.04,3.12,0.48,0.53,0.66,1.3,2.77,88.9,4,Male,69.93
9.54,7.21,2.58,1.65,1.39,0.0,2.18,2.23,96.4,6,Male,84.85
8.67,3.8,1.58,3.28,1.07,1.85,2.48,1.7,71.7,1,Male,69.86
6.69,4.07,4.38,3.21,1.12,1.25,3.16,1.64,85.6,7,Male,50.74
7.01,3.09,3.95,2.95,2.09,0.26,1.82,1.03,91.4,2,Female,62.33
8.07,6.22,1.76,2.27,1.7,0.0,4.04,2.16,71.1,1,Male,76.04
8.35,0.0,3.19,2.6,1.1,0.53,1.83,1.45,96.1,10,Male,36.39
6.59,3.84,3.26,2.1,1.0,0.88,1.49,1.61,91.4,2,Male,69.04
7.04,4.43,3.74,0.89,1.14,0.39,1.4,2.56,63.1,8,Male,53.02
7.36,3.51,2.09,1.09,1.3,1.68,1.73,3.52,97.1,6,Female,67.3
7.66,5.8,1.74,1.39,1.97,0.63,1.33,2.34,63.7,3,Male,74.28
6.84,6.3,4.18,3.4,0.67,1.21,3.25,1.91,69.8,4,Female,64.31
6.86,2.38,1.51,3.08,2.67,2.86,1.5,1.98,86.2,2,Female,69.01
8.66,7.64,3.2,0.92,1.97,1.28,2.37,3.02,90.5,7,Female,82.3
8.45,2.37,3.08,2.05,0.0,1.12,1.47,2.35,79.2,9,Male,49.15
7.57,6.43,3.34,1.6,1.57,1.13,1.33,2.17,70.4,4,Male,73.04
9.06,4.72,3.83,1.84,2.33,1.67,3.61,2.24,74.9,10,Male,62.32
6.54,3.74,5.58,1.46,1.81,1.58,4.1,0.71,73.5,2,Male,58.62
8.95,3.89,1.42,3.41,1.17,0.5,3.77,2.35,88.1,10,Female,58.05
7.65,4.45,4.64,1.98,1.45,0.91,1.03,1.21,73.1,8,Female,55.19
10.93,4.81,0.23,2.22,1.64,0.73,1.17,2.35,70.2,1,Female,83.06
5.57,3.12,5.31,2.22,2.12,1.0,4.48,1.34,60.3,9,Female,39.46
6.17,4.15,0.84,0.97,0.37,2.48,2.25,2.53,70.9,1,Male,75.25
7.5,3.34,6.67,2.11,1.02,1.63,1.13,1.86,76.6,10,Male,45.46
7.48,2.68,2.99,3.06,2.81,1.14,3.58,0.97,64.4,7,Female,52.19
9.34,3.27,5.18,3.47,1.53,2.07,2.57,1.74,57.1,3,Male,57.32
6.2,2.78,4.91,0.85,2.72,1.33,3.07,3.99,89.8,10,Male,50.03
8.09,3.87,2.93,0.48,3.89,0.05,0.26,0.0,66.0,4,Female,70.11
8.39,5.15,3.03,2.06,1.11,2.36,2.17,2.15,62.3,2,Male,73.69
7.85,4.68,2.41,3.11,0.54,1.09,3.45,1.09,96.8,3,Female,72.64
5.85,7.46,4.52,2.36,1.29,0.0,1.86,3.24,88.2,9,Male,70.28
8.69,1.18,2.95,2.68,2.38,0.08,3.74,2.73,90.3,10,Female,42.85
8.48,5.2,2.44,0.64,2.49,1.99,1.18,2.17,84.1,10,Male,71.52
7.72,4.51,4.2,1.43,3.32,0.09,2.39,2.83,93.7,6,Female,67.77
7.25,5.72,2.33,0.0,1.47,2.14,4.14,2.22,88.6,2,Male,78.93
7.27,5.57,3.07,1.86,1.89,1.26,1.35,2.01,73.9,10,Male,73.25
6.91,4.25,3.64,0.0,0.93,1.7,2.77,1.46,65.2,6,Female,55.52
7.77,4.76,2.66,3.33,0.0,1.02,3.09,1.68,62.6,9,Female,54.58
7.04,3.38,2.86,3.55,1.47,1.57,2.59,1.58,76.3,1,Male,62.96
5.98,5.42,5.5,2.14,0.58,1.42,2.25,2.01,64.8,3,Male,61.35
5.74,1.68,3.23,0.49,2.01,1.17,1.62,0.3,68.4,3,Female,49.07
6.1,5.67,3.03,2.38,0.0,0.45,2.7,2.93,76.2,5,Female,65.44
7.27,4.47,3.27,3.86,0.91,1.45,2.4,3.75,94.8,9,Female,57.07
6.97,3.77,4.09,2.48,1.71,0.0,1.06,1.61,59.9,5,Male,55.92
7.26,4.15,2.16,3.18,1.8,1.85,3.6,3.06,78.4,7,Male,62.13
7.6,4.26,4.06,1.51,1.46,1.34,1.59,1.88,63.0,5,Female,60.3
6.25,6.45,3.83,1.13,2.99,1.52,1.09,1.46,71.3,10,Female,65.84
8.76,9.35,1.17,1.93,2.76,0.0,1.9,1.66,89.2,10,Male,93.95
6.68,6.33,5.83,0.07,0.95,0.41,1.61,2.08,67.8,9,Male,62.67
6.48,3.65,5.4,4.26,2.79,0.85,2.24,1.35,74.8,2,Male,58.54
7.58,5.44,2.46,2.14,2.91,1.67,1.26,2.55,79.7,9,Female,70.04
4.8,5.51,2.04,2.87,1.4,0.54,2.95,1.53,86.4,8,Female,61.81
6.05,3.11,3.8,1.54,1.54,2.98,3.88,1.03,71.4,4,Female,57.59
8.18,2.61,1.65,0.46,1.46,1.02,2.61,1.98,93.1,3,Female,66.25
4.92,4.41,5.27,3.43,0.98,0.49,1.06,1.38,72.7,10,Female,51.82
8.34,5.71,2.89,0.88,1.06,1.07,1.59,1.71,83.8,8,Female,71.33
8.81,2.08,5.61,2.35,2.56,0.53,2.72,1.95,75.7,3,Male,63.57
6.56,3.42,2.43,2.44,1.85,0.37,0.53,0.79,86.9,3,Male,70.55
7.35,5.36,3.35,2.07,1.06,1.91,1.27,3.31,100.0,6,Female,71.32
8.34,4.56,5.15,1.22,0.76,1.56,0.85,2.73,74.7,6,Female,63.91
6.44,6.62,3.08,1.85,0.89,1.56,2.62,1.43,77.8,9,Male,67.62
8.04,2.38,3.85,1.05,1.37,2.09,4.66,1.98,72.8,7,Male,54.77
6.19,8.03,4.92,2.81,2.23,1.54,1.24,2.57,71.0,9,Female,70.45
6.43,2.19,2.78,2.57,0.81,0.45,3.32,2.19,69.6,5,Male,52.45
6.04,1.46,1.86,1.98,2.22,1.7,1.94,3.69,77.8,10,Female,41.17
7.41,4.41,1.6,1.43,1.66,0.41,1.18,1.79,68.7,10,Female,57.54
8.39,2.8,4.26,4.11,1.61,0.87,4.06,3.07,69.0,10,Female,45.1
6.78,4.44,4.01,0.7,2.32,1.17,4.66,0.8,40.0,8,Female,49.29
5.47,4.39,4.88,0.46,2.17,1.1,2.91,0.94,94.6,4,Male,59.56
5.7,4.21,3.14,1.92,0.38,0.0,2.86,3.52,97.7,2,Male,69.1
7.47,3.24,1.64,1.74,0.63,0.52,2.56,1.61,85.8,6,Male,57.36
9.21,5.15,0.44,3.1,1.32,1.18,2.35,0.95,67.5,4,Male,71.83
7.47,4.02,7.23,2.65,1.78,0.77,2.84,1.96,62.8,2,Female,58.64
6.54,6.16,4.18,2.03,2.59,1.99,3.18,3.14,59.2,4,Female,72.68
7.92,4.23,3.68,2.5,1.55,2.11,4.16,1.31,85.7,9,Female,57.29
6.71,3.05,3.86,2.48,2.86,0.42,1.98,1.96,93.2,3,Female,59.89
6.55,1.97,1.64,4.1,0.93,1.24,2.63,0.33,80.0,1,Female,54.27
5.85,4.24,2.47,2.25,1.07,2.31,2.41,1.58,88.3,3,Female,70.02
8.69,2.6,5.77,1.32,1.26,1.11,3.52,2.9,83.3,2,Male,63.41
3.95,2.48,4.36,2.2,0.85,0.92,4.9,1.29,68.7,2,Male,47.29
7.96,5.29,2.51,0.0,2.43,1.8,3.56,0.86,90.1,5,Male,77.06
6.44,1.83,1.91,1.97,0.0,1.01,3.3,1.3,89.3,9,Female,43.0
6.51,6.62,2.83,3.09,1.1,2.09,3.41,1.45,66.1,4,Female,72.11
9.03,4.74,3.09,2.6,2.42,0.78,3.77,2.69,87.7,10,Female,66.49
6.14,4.43,6.16,2.3,1.25,0.87,4.91,2.34,76.2,9,Male,49.42
6.18,2.95,3.26,2.65,2.36,1.75,0.81,2.52,74.9,2,Female,61.84
6.84,5.65,1.95,3.1,3.26,1.27,3.1,2.03,82.7,7,Female,67.42
7.5,4.5,3.42,3.43,1.56,1.28,0.0,1.44,82.3,8,Male,64.47
6.47,3.47,3.84,2.45,2.44,0.0,3.45,1.3,88.7,8,Female,50.34
5.11,4.8,1.84,1.68,3.44,0.95,3.05,2.39,67.8,3,Female,67.73
5.96,1.98,4.02,0.0,1.82,1.8,1.95,3.43,84.8,8,Male,51.89
8.54,2.05,5.07,2.98,1.46,0.65,0.0,1.15,64.1,6,Female,51.41
7.09,2.82,3.68,2.52,2.22,1.69,2.49,1.08,75.9,3,Female,61.83
7.54,5.02,2.46,2.15,2.45,1.39,2.72,0.98,76.7,2,Male,76.97
6.69,4.5,2.81,1.31,1.47,1.06,2.44,2.75,89.6,4,Male,68.15
6.21,6.07,1.34,2.97,1.11,2.15,1.88,1.96,78.1,3,Male,82.0
9.01,3.12,3.33,1.74,2.87,0.96,1.6,2.5,74.9,6,Female,65.6
6.77,5.36,3.9,1.97,1.28,1.01,2.45,1.54,95.1,5,Male,68.33
6.47,4.33,2.33,1.94,2.45,1.05,1.7,2.56,72.9,2,Male,68.33
8.32,3.09,6.02,2.45,1.71,1.26,3.31,1.74,72.3,8,Female,51.64
6.13,5.08,4.53,0.85,2.96,1.74,2.42,0.61,55.5,1,Male,66.03
6.29,4.4,1.17,2.56,0.82,0.17,0.78,2.83,75.4,5,Male,60.57
7.01,3.56,1.2,1.28,0.82,1.81,2.68,1.97,66.7,1,Female,67.34
7.0,4.56,2.22,1.31,2.18,1.25,2.91,1.72,75.0,9,Female,54.89
7.31,4.31,5.55,2.89,0.6,1.59,4.12,2.25,80.9,4,Female,60.24
9.51,4.27,4.66,1.0,1.59,2.87,3.43,0.7,65.0,1,Male,72.21
7.4,3.88,5.61,2.88,2.74,0.84,1.6,2.39,68.1,3,Male,59.39
4.15,2.54,3.51,2.1,0.07,0.34,3.93,1.46,58.8,6,Female,43.21
7.39,4.61,3.23,0.35,1.82,1.34,1.11,1.86,71.9,8,Female,65.61
7.05,3.3,1.88,3.36,2.47,1.45,2.53,3.03,66.7,2,Female,60.72
7.05,2.97,3.95,2.31,1.48,1.81,3.25,2.58,100.0,4,Male,62.01
7.3,4.14,3.24,2.39,0.76,0.82,3.96,1.84,96.0,2,Female,66.78
6.97,5.6,3.19,3.01,1.29,0.62,4.39,1.91,94.1,3,Female,71.29
6.94,4.78,5.6,3.5,0.83,0.13,3.77,0.0,62.5,4,Female,57.67
7.74,3.7,3.34,2.2,1.56,0.24,2.36,1.26,75.9,6,Male,60.57
6.35,3.64,5.23,2.62,1.28,0.91,3.08,2.15,63.6,2,Male,53.41
5.86,5.45,1.44,2.37,1.09,1.12,2.72,1.31,100.0,7,Male,70.01
10.63,0.9,6.99,1.66,1.87,2.65,1.79,0.81,88.0,8,Female,46.22
6.14,5.7,3.01,0.42,2.76,0.02,2.38,2.43,65.4,10,Female,60.15
7.12,1.69,4.42,2.21,1.76,1.43,4.3,3.18,82.4,6,Male,53.3
5.21,2.38,4.63,3.38,2.57,0.69,3.15,1.35,60.2,5,Female,51.15
7.14,3.73,2.85,2.58,2.76,1.36,4.56,2.79,76.4,7,Female,63.96
5.88,7.76,4.56,0.93,1.03,0.81,1.42,2.65,75.9,10,Male,68.91
6.47,7.02,4.63,3.1,1.72,1.92,2.12,1.12,86.9,1,Female,79.7
8.25,5.56,2.57,1.69,1.16,1.92,2.92,1.35,89.9,2,Male,82.14
7.57,5.03,2.59,0.0,0.31,1.12,3.24,3.62,78.2,3,Female,72.89
7.68,1.71,3.56,3.02,1.78,2.21,2.38,0.99,75.3,2,Female,51.67
4.87,4.74,3.35,1.05,0.66,1.73,3.3,1.45,40.0,6,Female,56.65
9.2,3.68,5.31,3.78,1.89,2.17,3.29,3.77,96.7,1,Male,67.05
5.57,3.27,4.41,3.15,0.26,1.17,1.11,1.49,70.1,1,Male,58.77
8.83,4.73,3.41,1.77,1.64,1.87,3.25,3.22,79.2,7,Male,69.32
8.23,3.79,4.29,2.46,0.24,0.66,3.57,1.08,100.0,2,Male,71.77
7.69,5.8,0.84,4.42,2.04,0.59,2.8,2.12,63.7,4,Female,74.01
5.97,1.6,2.7,3.0,1.19,2.73,0.66,2.98,78.3,1,Female,55.12
7.18,4.61,3.87,2.24,1.11,0.44,2.22,1.58,84.0,8,Male,62.48
6.43,3.18,4.95,4.89,2.4,0.89,2.94,2.09,91.1,10,Female,46.13
7.03,3.89,3.76,2.12,1.24,0.0,1.63,2.67,78.0,7,Male,54.22
6.7,4.96,5.4,2.58,1.59,0.61,3.42,1.19,92.1,5,Male,57.66
4.55,2.82,4.63,1.06,1.34,0.5,3.23,4.02,73.0,4,Male,50.14
8.35,4.75,2.87,0.33,1.91,0.73,2.63,2.93,84.5,1,Female,73.25
6.9,4.18,3.32,1.71,2.33,1.41,2.52,1.68,83.0,3,Male,71.88
6.42,3.51,4.03,2.04,2.17,1.58,2.69,1.79,76.9,5,Male,53.5
6.33,3.79,2.92,2.33,1.13,0.5,2.5,3.72,81.9,1,Male,64.85
7.43,4.27,5.49,0.58,2.47,0.65,1.21,1.68,67.5,9,Male,54.51
5.93,3.35,2.06,2.66,0.77,1.96,2.07,1.58,74.4,7,Male,54.66
4.29,4.51,3.91,1.17,0.91,2.39,2.57,3.03,62.6,2,Male,57.97
7.49,4.08,4.46,2.61,1.4,2.08,3.92,0.74,72.7,9,Female,56.2
7.62,3.58,3.09,2.93,2.34,0.05,3.19,1.93,91.7,3,Male,66.26
6.76,6.88,2.8,1.6,0.56,2.03,3.97,2.08,83.0,7,Male,72.46
5.62,5.12,3.4,1.04,2.21,2.5,1.1,1.37,81.7,10,Female,59.51
7.11,3.93,4.56,3.54,1.46,0.01,2.14,0.59,58.8,4,Male,55.43
5.24,4.72,2.85,2.87,1.15,1.96,4.57,2.06,81.8,9,Male,59.41
5.77,2.96,2.11,2.15,2.38,1.36,1.76,2.62,77.2,10,Female,58.97
6.1,3.84,5.0,3.47,0.86,0.97,1.74,1.39,84.4,6,Male,50.97
8.01,4.02,4.02,2.08,3.33,1.27,2.23,0.94,94.6,7,Female,65.01
6.56,2.63,4.81,1.38,1.36,1.51,4.52,3.13,73.1,2,Female,50.12
6.46,5.08,4.49,1.0,1.62,2.01,1.83,2.48,74.2,9,Female,61.73
9.35,3.74,6.33,1.89,2.73,1.97,3.06,1.67,89.0,3,Male,63.36
7.42,3.97,4.95,2.77,1.64,0.15,2.89,2.83,70.8,3,Female,60.45
7.41,3.65,2.56,3.39,2.45,0.75,0.57,2.22,79.0,9,Female,60.89
6.56,8.94,4.11,2.02,0.0,1.27,2.48,3.61,54.0,3,Female,77.57
6.28,3.51,2.78,3.21,1.15,2.3,1.95,2.6,74.3,7,Male,52.44
4.38,1.4,2.91,1.79,1.82,0.0,3.18,0.75,93.7,4,Female,52.41
8.16,2.1,1.66,1.22,2.37,0.77,4.24,1.41,82.0,4,Female,63.01
7.54,5.64,3.13,0.69,2.12,0.13,2.16,1.45,88.8,10,Male,63.86
6.79,6.5,4.21,1.49,2.04,0.24,2.16,2.28,89.5,1,Male,80.46
6.84,3.48,3.41,0.73,2.35,1.89,5.02,1.73,94.2,8,Female,57.12
7.88,6.42,2.07,4.01,1.88,0.83,1.79,0.99,73.8,2,Female,81.02
5.13,5.61,1.52,2.44,0.0,0.0,1.16,2.53,89.3,9,Female,62.73
6.29,4.22,6.25,1.9,2.65,1.09,3.88,2.9,100.0,8,Female,62.1
5.64,4.11,3.92,3.72,0.83,2.63,2.45,1.91,77.7,7,Male,51.26
9.13,4.77,2.43,0.7,1.75,0.0,2.78,2.19,62.2,7,Male,66.43
8.05,5.82,4.1,1.86,1.64,1.57,4.73,1.13,70.9,1,Female,74.06
4.36,5.1,6.35,4.0,1.54,2.3,1.1,1.53,83.6,4,Female,58.9
5.18,3.48,4.31,1.86,0.62,1.17,2.3,1.57,58.1,8,Female,43.06
6.84,4.24,0.0,4.45,0.0,2.55,1.26,2.5,68.9,6,Male,55.73
6.43,7.47,6.95,2.79,0.7,0.74,2.84,2.23,74.0,2,Female,73.16
5.41,4.88,1.1,3.31,2.16,2.21,1.95,1.7,79.3,8,Female,63.05
9.33,5.8,3.23,3.33,0.34,2.05,1.33,1.67,99.6,3,Male,77.64
7.38,5.31,2.03,2.0,0.8,1.18,3.23,0.23,86.3,7,Female,65.82
7.57,4.91,2.54,1.51,1.83,0.16,2.51,3.45,64.6,7,Male,60.35
6.17,4.66,3.87,1.88,0.68,0.5,1.25,0.12,100.0,3,Male,62.36
7.87,5.85,0.81,1.01,1.07,0.0,1.31,2.38,77.8,1,Female,85.14
6.54,5.58,3.38,1.93,1.57,1.62,2.71,2.03,57.8,10,Male,58.86
6.66,4.9,4.99,2.0,1.73,1.53,0.83,1.76,65.5,8,Female,53.18
7.73,3.46,2.4,3.69,0.66,1.26,2.73,1.99,65.6,1,Female,69.55
5.05,5.08,1.69,2.59,1.61,1.11,3.84,1.4,61.8,2,Male,61.79
8.92,4.4,3.32,4.36,1.82,2.15,3.17,2.59,84.2,6,Female,67.72
7.22,4.04,3.06,0.0,0.48,1.41,1.88,0.82,46.0,9,Male,51.59
8.54,8.52,2.73,0.78,1.67,0.81,2.77,2.3,89.8,3,Male,89.31
5.71,2.19,1.96,1.64,0.93,1.3,1.25,1.39,87.8,6,Male,54.93
5.89,5.94,4.17,3.49,1.6,2.63,2.64,1.62,72.5,8,Female,60.46
5.61,3.21,4.27,1.89,2.08,1.64,2.17,1.64,89.0,9,Male,49.78
7.3,4.7,2.11,0.53,1.36,0.93,1.46,1.85,64.9,6,Male,69.09
7.08,8.35,2.29,1.75,2.23,1.17,3.12,2.45,67.9,5,Female,84.41
6.44,3.06,3.68,0.8,2.13,1.52,0.52,1.97,84.6,2,Female,67.04
5.78,3.41,2.25,0.61,2.23,0.91,1.31,2.84,75.5,6,Female,59.41
5.48,4.47,3.73,4.0,1.82,0.84,1.43,2.94,70.5,6,Male,57.2
6.94,3.23,5.41,1.65,2.38,1.19,2.0,2.28,76.6,9,Female,50.6
6.44,5.83,3.42,2.17,1.81,2.26,3.8,2.61,93.8,6,Female,72.65
6.18,3.7,1.92,1.91,0.17,1.75,3.25,3.82,93.4,8,Male,56.26
8.86,5.48,4.01,1.75,0.87,0.91,2.61,0.73,83.1,5,Male,63.8
6.9,2.51,3.27,1.16,1.33,1.81,2.56,2.97,73.7,5,Male,59.52
8.52,1.79,3.3,1.69,1.43,1.21,2.49,3.39,84.3,1,Female,62.57
6.36,4.16,4.12,2.34,1.79,1.44,3.87,2.39,67.7,5,Female,59.04
7.29,2.15,4.4,3.42,0.85,1.38,0.68,3.71,92.0,3,Male,55.21
6.93,6.78,3.55,2.95,3.11,0.0,3.27,3.6,89.4,4,Male,77.44
4.96,2.21,3.42,0.78,1.42,0.0,1.99,1.7,100.0,10,Female,51.36
8.71,2.94,6.18,2.99,1.49,1.36,3.0,1.77,68.4,7,Female,50.37
6.84,5.12,5.06,2.48,0.96,0.6,3.01,2.48,66.9,2,Female,70.03
7.9,3.62,4.58,1.38,0.7,0.05,3.23,1.44,84.6,6,Male,60.02
6.1,2.22,3.67,2.18,1.4,0.62,4.08,4.44,74.7,5,Female,48.1
6.8,7.56,2.19,2.57,1.52,1.85,1.13,2.71,90.0,8,Male,79.93
5.96,3.0,4.97,2.05,1.43,1.45,3.51,2.04,93.8,3,Male,62.62
8.48,4.21,3.69,2.48,2.82,1.74,2.44,0.73,98.4,7,Female,68.15
7.37,4.19,2.75,1.14,1.4,1.52,2.04,2.23,78.7,8,Male,63.53
7.44,5.57,3.18,3.99,1.43,0.56,4.53,0.93,88.6,8,Female,67.31
8.63,5.19,2.24,0.07,2.15,1.74,3.2,2.68,71.8,6,Male,66.46
8.39,3.26,4.87,2.58,1.36,1.61,2.08,0.0,80.6,1,Female,65.55
7.92,4.01,4.39,2.37,1.93,1.12,3.46,3.25,77.4,8,Male,61.42
5.29,4.16,3.74,2.64,0.48,1.24,2.45,1.62,76.7,10,Male,46.54
6.17,5.62,3.44,1.29,0.48,1.75,2.07,0.48,99.9,7,Male,71.17
5.8,2.75,2.62,3.17,1.6,0.68,1.89,1.99,61.9,6,Female,48.93
7.87,7.53,0.73,1.89,1.31,1.96,2.8,2.02,77.9,6,Female,78.09
7.2,3.36,1.66,0.81,0.85,1.6,1.89,1.94,78.6,1,Female,71.27
5.33,4.49,2.53,0.91,1.6,1.2,2.66,3.24,85.7,10,Female,58.27
6.77,2.76,2.34,2.12,1.67,2.27,3.39,2.34,64.8,4,Female,56.6
5.21,2.55,3.88,0.4,0.93,0.29,2.61,2.72,74.4,8,Male,48.02
6.94,3.19,4.55,3.8,1.08,0.88,4.48,1.78,70.9,6,Male,46.15
5.01,3.04,3.33,3.05,1.67,0.72,2.51,2.38,51.0,7,Female,46.22
7.63,3.88,5.33,3.83,0.68,1.45,3.85,0.82,91.9,1,Female,60.6
7.45,3.03,2.48,3.72,1.02,2.03,3.48,2.23,60.4,7,Male,55.26
9.29,5.54,3.32,1.65,1.93,0.51,4.03,1.32,58.8,6,Male,70.59
8.02,3.33,3.43,1.13,1.48,3.51,4.47,3.19,89.4,5,Female,69.54
6.49,3.16,4.92,0.0,1.12,0.74,0.74,2.07,74.0,8,Male,52.83
7.98,3.91,3.64,1.59,0.78,1.45,2.77,2.6,74.4,7,Male,57.78
5.32,5.99,3.67,3.77,0.69,1.2,2.39,2.24,74.6,8,Female,56.91
5.85,4.82,1.35,1.17,1.39,1.23,2.61,3.63,90.9,7,Female,65.58
7.4,4.35,2.33,1.79,3.12,0.65,2.1,0.6,71.4,8,Male,61.44
4.41,2.35,4.92,1.45,1.95,1.95,1.96,1.9,85.1,9,Female,42.32
6.96,2.79,0.8,2.37,0.43,0.6,1.4,1.14,64.3,9,Male,50.74
5.78,2.58,5.25,3.29,2.07,0.0,2.6,0.16,82.0,10,Male,38.39
7.12,6.46,4.15,0.46,0.89,0.41,3.43,1.08,88.8,6,Female,70.04
5.71,5.3,2.53,0.65,1.5,2.21,2.01,3.05,94.9,5,Female,71.88
7.51,3.21,2.42,3.49,1.03,2.08,2.17,1.97,59.4,1,Female,59.06
7.02,3.65,5.96,2.73,3.12,0.0,1.8,1.8,74.4,7,Male,51.95
8.68,3.26,5.33,1.74,0.59,1.77,1.51,2.7,97.2,7,Male,61.33
7.01,3.17,3.34,3.71,1.75,0.0,2.26,2.1,89.1,3,Male,58.08
6.08,5.19,3.67,0.63,0.95,1.18,2.84,2.55,75.6,1,Male,67.36
6.7,4.07,2.66,2.93,2.09,0.35,3.76,2.29,78.0,9,Male,54.91
5.39,7.62,3.68,1.93,1.73,1.82,1.31,2.49,81.6,2,Male,78.03
7.49,6.38,2.62,2.61,2.5,1.59,2.47,1.6,73.5,8,Male,74.3
7.71,6.46,3.4,0.0,2.07,1.89,3.68,2.94,84.6,10,Female,69.92
9.96,5.51,5.85,1.74,0.95,0.99,1.32,0.91,83.9,10,Male,63.92
6.25,3.87,3.38,2.74,3.83,1.07,3.77,1.92,64.6,3,Male,62.67
6.68,5.4,2.14,1.94,1.94,0.15,2.06,2.99,72.1,7,Male,62.41
6.31,3.98,1.72,3.26,1.06,0.48,3.21,1.86,72.6,10,Female,49.27
7.25,6.95,3.67,3.22,1.66,1.86,2.28,1.61,74.9,8,Male,67.79
7.46,5.11,2.51,1.04,2.0,1.46,2.96,4.06,81.2,3,Male,77.53
6.94,4.89,3.82,2.82,1.97,1.27,4.11,3.28,80.2,1,Male,75.67
8.3,4.69,1.39,1.01,1.9,2.08,2.38,2.13,69.4,6,Male,75.52
6.26,7.11,4.4,2.05,2.27,0.29,3.5,1.13,94.1,7,Female,75.91
8.18,2.35,2.12,2.66,2.19,1.7,2.77,0.17,78.1,2,Male,59.1
7.65,7.26,3.56,1.16,0.82,0.37,1.71,2.64,95.6,4,Female,79.94
6.99,4.22,3.06,2.79,3.19,2.23,2.35,3.14,95.3,5,Female,73.58
6.62,2.39,5.73,1.49,3.08,1.58,2.29,2.36,65.3,6,Female,53.38
9.91,3.37,3.72,1.42,2.14,1.88,1.09,0.46,72.1,1,Female,73.07
6.02,2.02,6.03,2.71,1.53,0.71,2.96,2.14,73.0,4,Male,47.54
7.36,5.48,4.23,1.16,1.54,2.73,3.16,1.56,81.8,9,Male,63.26
6.1,2.94,5.35,1.11,1.24,2.6,3.31,2.15,86.7,3,Male,62.6
9.14,4.75,3.23,3.04,1.34,1.5,3.93,3.75,79.8,9,Male,61.04
8.06,6.2,3.95,2.11,0.0,2.02,3.45,2.71,71.4,9,Male,59.48
6.19,3.49,5.08,0.55,2.72,0.99,1.9,2.52,97.8,9,Male,59.16
7.62,4.1,4.68,2.86,2.44,0.31,2.11,1.96,72.7,6,Male,56.81
7.31,2.54,4.19,1.59,0.16,1.76,3.34,2.37,86.9,4,Female,52.5
6.38,3.92,3.07,0.6,2.21,0.56,2.89,1.35,77.6,3,Male,67.39
7.91,8.36,3.29,0.0,1.49,2.12,2.48,2.5,77.2,6,Male,80.0
7.47,5.67,4.98,2.9,1.34,1.93,1.63,1.83,86.1,8,Female,65.89
7.26,4.1,5.25,1.14,1.89,1.36,1.97,1.26,96.5,9,Female,57.84
6.95,3.58,2.73,0.76,0.11,1.33,3.08,2.73,81.7,1,Male,71.3
7.52,4.44,2.53,2.64,1.49,1.89,0.55,0.0,72.1,10,Female,59.2
7.28,4.7,2.32,2.81,1.56,1.39,0.16,1.51,95.8,3,Male,77.08
7.07,3.87,4.58,1.21,1.56,0.92,3.19,2.55,83.9,3,Female,60.73
6.23,5.3,2.29,2.91,0.41,0.14,1.97,3.1,80.0,4,Female,62.21
9.03,3.07,4.56,4.05,1.86,1.87,2.97,2.42,90.3,4,Male,60.99
5.74,3.06,4.21,3.35,2.35,1.46,4.08,1.4,81.9,2,Female,58.98
7.51,5.06,2.79,3.19,1.83,3.13,1.49,1.95,100.0,4,Male,75.83
6.62,2.75,5.53,2.31,1.32,1.13,0.83,2.26,78.0,9,Male,49.51
9.11,5.59,1.6,1.56,3.65,1.41,2.22,3.4,91.8,1,Male,90.72
5.92,4.48,5.66,1.94,0.76,1.43,1.82,2.83,83.3,7,Female,53.0
6.12,1.76,3.91,2.44,2.12,1.66,2.47,2.84,83.3,9,Female,46.64
5.84,4.66,0.8,0.74,1.69,0.52,3.04,2.06,73.7,7,Male,64.41
7.39,1.97,5.57,1.23,3.11,1.15,2.83,1.04,73.7,5,Female,54.73
5.35,5.54,4.76,0.57,1.81,1.78,2.55,0.73,84.0,6,Female,62.13
6.43,4.13,2.94,2.24,1.98,0.97,3.56,1.73,67.6,6,Male,55.96
4.42,7.28,2.25,2.08,1.9,1.75,3.17,2.63,71.1,4,Female,75.42
7.29,6.11,1.46,1.35,0.65,1.27,2.32,1.55,78.2,9,Female,72.98
6.4,2.91,6.64,2.82,0.8,1.48,3.14,2.51,92.9,7,Female,47.68
5.21,1.47,2.3,0.96,1.28,2.01,0.95,1.28,79.0,1,Male,58.14
8.3,3.37,1.86,1.31,2.27,1.04,3.56,1.42,78.8,8,Female,60.85
5.43,2.67,3.85,2.78,1.69,0.18,2.52,3.27,65.3,3,Female,50.95
7.96,7.24,1.37,2.93,1.33,1.01,1.3,2.69,98.3,6,Male,87.22
6.16,4.48,2.22,1.2,2.6,0.62,2.08,1.72,91.3,2,Male,73.49
8.92,5.9,4.79,2.23,0.0,0.0,3.54,1.25,92.6,5,Female,69.04
7.9,4.07,4.1,1.22,0.46,1.13,1.73,2.85,60.6,2,Male,62.1
5.79,4.23,3.0,1.8,0.0,1.34,2.91,2.79,82.2,3,Female,62.11
5.9,4.45,3.52,2.14,2.47,1.91,3.38,2.58,66.7,9,Male,52.97
7.73,6.16,2.92,2.56,1.42,0.4,2.52,1.84,87.3,1,Male,79.08
6.69,4.97,3.42,2.32,2.27,1.26,1.64,1.01,81.9,4,Female,68.58
6.8,2.91,2.51,2.27,1.41,1.99,2.44,1.99,84.2,1,Male,65.83
8.53,6.93,2.75,0.92,2.32,0.8,1.09,3.27,69.4,2,Male,82.34
6.1,4.06,2.71,2.39,1.4,1.58,2.01,1.18,65.5,8,Male,53.0
7.11,3.82,2.56,2.55,1.83,2.32,1.39,2.04,70.3,6,Female,59.9
8.15,0.26,4.86,2.69,1.71,0.0,2.45,3.47,81.7,4,Male,43.56
7.97,5.45,4.5,1.28,1.77,1.39,1.23,1.73,75.1,1,Female,73.73
6.81,4.65,2.29,2.92,2.85,2.01,2.58,1.89,81.0,8,Female,66.5
6.65,4.65,1.95,0.68,0.2,0.95,3.63,0.78,65.7,3,Female,68.91
4.91,3.9,3.3,1.57,1.45,2.17,3.7,2.56,77.9,6,Male,55.67
5.73,3.64,6.3,1.72,1.66,1.64,1.25,1.33,94.7,2,Male,59.41
7.38,3.95,2.16,0.74,1.54,2.44,1.83,0.6,82.0,5,Female,67.12
6.83,5.19,3.29,1.71,1.18,1.61,3.35,1.14,82.7,9,Male,61.78
7.09,5.46,3.62,2.22,1.07,2.5,3.2,2.19,82.8,7,Female,68.11
8.25,4.15,3.36,0.17,2.72,1.41,1.88,0.58,71.9,5,Female,66.24
5.58,5.92,2.9,1.61,1.44,0.24,2.01,0.75,97.6,2,Female,74.3
6.72,4.38,5.0,0.25,3.45,0.76,2.58,2.5,82.3,3,Female,75.33
7.23,3.74,4.09,4.04,1.92,1.91,0.67,1.93,80.1,10,Female,49.27
6.16,4.8,4.6,2.21,1.27,1.9,3.03,1.18,86.2,10,Male,57.98
8.72,2.46,4.27,2.13,1.94,0.98,3.58,1.71,89.3,4,Male,64.04
8.09,4.85,4.66,2.23,1.59,2.46,2.11,3.56,63.1,7,Female,60.85
7.35,2.19,5.56,2.6,2.57,0.95,1.08,3.15,78.7,8,Female,49.47
9.15,2.96,5.23,2.98,0.57,1.52,3.91,1.9,100.0,5,Male,54.66
5.2,1.47,6.52,0.44,0.06,1.5,2.72,2.73,97.9,3,Male,48.28
6.99,4.24,5.08,3.31,1.79,0.27,3.21,2.11,76.7,4,Female,62.07
7.44,6.91,2.63,3.25,2.17,1.12,1.18,0.4,86.7,5,Male,78.68
5.9,4.32,4.6,1.93,1.73,2.87,1.18,0.24,74.1,4,Male,61.4
7.36,5.47,4.42,1.88,2.04,0.55,2.91,1.18,82.2,5,Male,72.81
5.67,8.03,6.0,0.0,1.92,1.64,3.53,0.58,72.5,2,Male,80.43
7.83,5.11,2.24,0.76,0.32,0.39,1.37,2.24,72.3,4,Male,72.4
8.27,3.35,4.23,2.52,1.72,0.55,2.4,1.51,70.9,2,Male,59.36
7.33,3.56,2.61,3.2,2.55,0.21,0.91,2.38,98.2,4,Male,60.47
4.78,4.5,4.17,2.73,1.64,1.86,1.8,2.4,72.2,3,Female,61.45
5.84,3.55,3.22,1.92,0.45,0.59,2.24,2.62,91.7,5,Female,58.84
7.68,3.66,4.12,3.93,1.23,2.09,2.99,1.16,72.8,10,Male,51.77
7.03,5.98,1.67,3.01,1.95,0.83,0.39,2.46,71.4,9,Male,67.6
3.77,6.04,4.53,1.61,2.94,1.29,3.82,1.14,82.7,7,Male,62.19
8.49,2.03,3.77,4.18,0.0,1.49,2.33,2.64,62.4,6,Female,46.58
7.16,3.27,3.7,0.9,1.79,0.07,3.79,3.1,86.0,4,Male,58.46
6.02,3.8,6.04,0.53,0.75,1.34,3.2,2.65,76.4,1,Female,55.04
8.19,5.4,3.0,1.58,1.91,1.44,3.35,1.84,71.4,7,Female,65.09
6.19,6.21,3.94,1.24,1.97,2.0,4.52,2.51,68.8,3,Female,68.35
6.17,8.55,3.63,1.64,1.31,0.53,1.72,0.62,100.0,1,Male,89.67
7.43,3.8,3.76,2.8,2.01,0.63,2.64,0.42,77.6,10,Female,47.66
9.14,3.88,6.39,1.97,2.41,1.66,1.51,2.42,77.1,3,Male,64.03
8.95,5.38,3.58,1.99,1.37,2.19,2.4,3.18,88.5,1,Female,86.04
7.43,3.48,2.76,2.06,0.43,0.79,3.22,0.89,67.9,6,Female,54.7
7.55,4.29,5.93,0.0,2.64,0.34,3.63,2.01,91.6,7,Female,62.26
7.95,3.88,3.1,0.48,2.16,0.98,2.12,2.39,77.6,3,Female,69.17
5.49,0.57,1.41,1.61,1.95,0.49,1.3,1.45,61.4,3,Female,47.45
7.77,4.68,2.54,1.16,0.95,1.48,2.57,1.69,71.6,2,Male,69.51
6.12,4.23,1.88,1.77,2.29,0.44,1.65,2.55,64.9,5,Female,61.9
7.38,6.41,1.16,3.4,3.13,1.88,1.92,2.1,79.0,5,Male,77.52
6.73,4.51,3.03,1.93,1.4,1.35,3.17,2.1,68.5,4,Male,59.06
7.6,2.62,3.41,0.68,1.58,1.9,2.99,1.12,67.2,10,Male,52.13
7.14,4.11,5.03,1.21,0.65,0.0,3.33,1.97,81.5,10,Male,48.89
3.31,1.36,4.32,3.71,0.92,0.0,2.16,1.64,78.5,9,Male,35.92
7.21,2.68,4.26,3.53,0.64,2.1,3.51,1.69,92.5,6,Male,50.99
7.77,5.45,2.34,2.6,1.6,0.7,2.51,1.51,92.0,10,Male,62.22
7.54,4.13,4.65,0.44,1.23,0.17,2.22,1.98,78.7,3,Female,70.33
6.88,5.88,5.31,2.31,1.8,1.06,1.4,1.22,84.0,8,Male,59.65
8.97,1.55,4.01,2.38,0.79,1.37,0.41,2.01,61.1,7,Female,40.59
7.37,4.14,4.05,2.03,1.37,1.09,0.94,1.67,86.4,7,Male,57.02
7.53,3.79,1.86,1.43,0.74,1.53,2.72,1.16,82.9,1,Male,69.97
8.25,5.93,4.87,1.64,1.65,1.43,1.59,0.25,89.4,2,Female,73.72
7.44,5.51,5.82,1.36,0.19,1.4,0.85,2.85,74.3,10,Female,56.17
5.92,5.46,3.92,0.85,1.62,2.14,2.08,2.67,74.4,3,Male,64.44
4.07,6.81,2.73,3.37,1.28,1.19,2.78,1.28,74.5,4,Male,71.22
6.43,3.95,3.29,2.88,1.64,1.17,2.92,2.61,95.2,7,Female,61.45
7.91,6.5,2.95,1.72,0.18,1.76,2.47,1.08,81.4,9,Female,65.52
6.58,2.93,3.03,2.35,2.02,1.59,2.44,1.72,60.0,4,Female,48.41
7.96,2.88,4.34,2.39,1.26,0.57,1.96,1.52,85.7,9,Male,48.88
7.18,5.63,3.86,4.34,1.67,1.14,3.13,1.75,72.4,7,Male,63.57
8.55,2.24,4.81,2.87,0.0,1.51,2.32,2.58,91.0,2,Male,61.75
6.65,5.36,3.98,2.83,0.51,0.79,2.42,1.64,84.5,6,Female,62.49
7.56,4.65,2.38,2.04,1.19,0.82,3.54,1.69,92.9,10,Male,60.36
7.61,6.11,2.85,1.57,2.6,0.23,3.29,2.67,90.5,10,Male,68.19
8.8,4.41,2.77,3.38,1.92,0.0,2.32,2.06,89.2,10,Female,62.3
4.95,4.58,3.26,2.65,1.6,0.94,2.17,1.47,91.6,1,Male,70.5
6.45,5.26,5.83,1.17,0.76,1.29,2.17,2.22,87.8,9,Male,58.25
8.02,3.51,6.04,2.45,0.61,0.43,0.48,2.89,69.7,5,Female,53.31
8.86,3.44,4.59,2.84,1.72,2.16,3.6,2.95,64.3,5,Female,60.24
7.29,5.21,3.65,0.0,2.06,0.47,1.82,0.81,68.0,5,Female,71.86
6.65,4.46,1.73,1.08,1.67,1.84,3.35,0.85,86.8,7,Male,64.78
7.91,3.89,3.79,2.36,2.87,1.49,2.54,2.9,51.3,6,Female,57.96
8.04,4.38,2.47,0.08,0.95,2.72,3.89,1.74,77.8,1,Female,72.33
6.57,6.89,5.62,0.23,1.64,1.58,3.03,0.02,74.8,4,Female,72.51
7.4,3.84,1.41,1.73,0.15,0.19,3.41,1.34,92.7,10,Male,54.95
8.42,3.79,4.0,2.49,1.67,1.94,1.91,1.6,76.6,2,Female,70.99
9.27,1.94,2.36,2.54,2.68,2.39,1.21,1.72,73.6,3,Female,65.71
7.89,4.44,3.49,3.58,0.67,0.0,2.65,2.69,93.8,2,Male,73.83
7.05,5.49,4.37,2.08,2.17,1.65,0.58,1.16,76.9,8,Male,62.73
6.94,5.75,4.83,1.63,2.65,1.8,2.03,2.84,75.0,9,Male,69.88
7.67,4.66,3.42,0.69,0.95,1.05,1.31,2.26,72.1,9,Female,61.16
6.86,5.93,4.49,1.62,1.87,0.0,1.66,0.84,81.4,1,Male,74.2
7.23,5.6,2.64,2.71,2.76,0.99,3.1,1.71,74.0,10,Male,66.68
5.73,6.17,3.82,2.75,1.68,0.79,3.03,2.45,74.1,9,Male,57.85
8.56,5.98,4.8,2.26,2.13,2.27,2.34,2.04,95.4,9,Female,70.83
5.63,6.85,3.93,2.55,0.08,1.14,2.82,2.34,78.6,9,Female,62.26
6.48,4.25,2.81,3.28,1.98,0.91,1.96,1.47,72.6,9,Female,56.2
7.12,2.51,3.14,2.08,1.91,0.79,4.93,2.5,66.1,1,Female,56.58
9.39,5.5,4.82,3.37,0.44,1.43,2.8,1.64,80.4,8,Female,62.25
6.49,5.67,2.08,1.27,0.73,1.24,1.91,4.29,71.3,10,Female,62.1
6.2,6.85,2.27,1.93,1.98,0.65,3.38,0.81,73.6,6,Female,71.1
6.34,6.42,4.28,1.52,1.26,1.38,3.74,4.43,67.8,10,Male,61.68
8.99,7.42,2.93,2.79,2.39,0.81,1.73,1.14,80.4,1,Male,91.89
3.63,5.43,1.61,0.99,1.75,0.0,1.08,3.14,62.4,6,Female,55.62
5.8,4.84,5.26,1.68,1.55,1.67,1.28,2.74,82.9,10,Female,57.83
10.28,2.42,2.07,0.14,1.36,1.6,1.83,1.18,71.4,6,Female,61.46
7.71,4.96,3.24,2.59,1.73,1.34,2.45,2.54,86.6,5,Male,68.96
5.67,3.67,2.69,3.25,2.14,0.89,0.87,1.55,83.8,3,Female,59.57
6.95,4.82,3.11,2.91,1.93,1.15,2.08,2.25,79.2,8,Female,61.74
7.08,4.58,2.35,2.81,1.16,1.77,2.29,2.13,88.2,10,Male,59.3
8.02,5.21,4.43,2.84,2.49,0.76,2.82,1.69,96.7,4,Female,71.66
9.21,4.35,3.64,2.7,2.03,1.8,3.11,1.61,93.2,5,Female,71.87
7.47,5.9,4.78,2.61,1.81,0.17,2.9,2.31,62.3,5,Male,66.32
6.35,0.42,2.71,2.68,1.57,1.32,4.29,1.19,70.7,7,Female,43.0
7.94,4.78,6.27,1.34,1.9,1.22,3.59,1.22,72.2,5,Male,59.7
6.16,6.3,1.02,1.8,0.03,1.9,2.72,2.86,85.7,8,Female,72.73
5.76,7.31,1.44,2.07,1.69,0.56,1.53,2.39,71.7,10,Female,71.38
4.89,5.6,5.78,1.66,2.81,0.63,1.82,0.82,71.3,4,Male,62.59
5.12,7.03,4.12,0.43,1.68,0.22,1.07,1.1,69.2,3,Male,77.95
5.92,4.75,3.94,0.76,1.57,0.8,2.65,0.08,81.6,6,Male,59.67
5.59,4.5,4.06,2.23,1.02,1.38,2.83,2.82,85.6,6,Male,59.91
7.38,5.29,4.24,2.91,1.89,0.0,3.39,2.62,63.5,5,Female,63.09
5.56,4.5,3.89,2.01,1.34,0.89,2.77,1.02,71.8,2,Female,58.73
3.23,3.33,2.24,4.76,2.55,1.63,3.55,2.58,55.3,2,Female,54.74
5.75,3.73,4.56,1.08,0.81,1.13,3.57,3.79,49.3,5,Female,50.1
6.43,2.83,4.36,2.44,1.14,1.25,1.47,0.61,83.8,8,Male,50.67
6.27,5.29,5.36,3.29,1.02,0.15,1.98,1.45,81.8,6,Male,63.55
8.82,4.52,5.79,3.07,2.97,1.13,2.49,0.59,80.1,8,Female,60.48
6.26,3.96,3.93,2.66,1.35,1.22,1.79,2.85,97.0,2,Male,67.11
8.06,3.65,1.9,3.07,1.06,1.09,2.26,1.91,57.9,10,Male,51.93
6.98,5.26,5.8,2.06,0.0,1.31,2.8,1.64,53.0,7,Female,50.09
6.95,5.67,2.18,3.66,0.77,0.98,2.38,2.2,64.5,7,Female,61.67
6.0,2.8,3.94,3.28,1.92,0.88,2.5,1.5,52.6,9,Male,40.72
6.93,2.57,3.17,1.15,1.92,0.47,1.56,1.64,70.6,10,Male,48.39
6.08,5.93,2.94,2.32,0.98,1.88,3.01,2.25,85.0,9,Female,68.32
7.2,2.44,4.49,0.45,1.02,0.34,2.93,1.45,81.6,5,Female,56.27
6.72,5.32,3.82,3.52,2.99,1.31,1.74,1.58,90.3,8,Female,63.61
5.87,6.93,4.17,2.22,3.66,2.47,1.21,1.86,82.4,5,Female,76.78
8.19,6.93,2.44,3.35,2.42,1.97,3.73,2.08,73.2,2,Female,86.05
7.51,5.61,3.27,1.89,2.75,1.56,4.25,2.54,71.7,10,Female,58.37
6.46,5.56,2.5,0.14,2.92,1.37,2.73,2.52,83.2,7,Female,71.16
7.17,7.88,3.24,4.64,3.27,1.11,2.14,0.65,59.6,8,Female,67.31
6.9,1.0,3.35,2.13,1.26,0.57,3.55,3.27,40.0,7,Female,43.35
5.96,3.8,5.9,1.0,0.8,1.02,2.97,2.05,82.7,4,Male,58.7
7.08,5.77,3.16,3.15,2.97,1.6,2.29,1.7,80.8,8,Female,66.28
6.25,3.99,0.74,4.04,0.73,1.47,3.47,1.19,96.8,4,Female,65.65
5.87,6.36,5.31,1.8,0.68,1.75,1.69,3.79,86.4,8,Male,62.72
5.05,4.44,4.08,1.9,0.7,2.05,1.81,4.12,81.7,9,Male,60.37
6.57,4.7,3.33,2.24,1.39,1.09,2.86,3.68,74.3,7,Male,54.0
7.68,4.09,2.93,0.89,0.0,1.33,2.61,2.11,68.3,5,Female,62.42
6.17,3.72,2.27,1.31,0.35,0.0,3.14,2.31,74.6,8,Female,53.38
10.02,3.68,6.02,3.78,1.0,2.78,3.69,3.34,89.5,1,Female,65.32
8.06,4.91,3.57,1.87,0.54,0.91,0.95,1.78,83.6,9,Male,61.63
8.57,3.34,1.24,1.16,2.35,1.66,2.54,2.49,89.2,6,Female,64.38
7.95,5.93,3.93,1.55,1.51,0.91,4.4,2.2,79.3,6,Male,74.02
9.22,5.48,5.07,3.07,1.96,0.89,1.9,3.73,67.2,3,Female,71.03
6.06,6.15,3.7,0.02,1.87,1.03,1.79,3.29,91.9,2,Male,82.31
3.93,2.81,2.33,2.25,1.33,0.33,0.26,1.88,90.8,4,Male,54.47
6.46,1.95,2.21,4.46,2.29,0.0,2.6,3.37,80.2,9,Male,49.71
7.67,4.49,2.31,4.03,1.86,2.01,3.08,2.0,84.7,1,Female,72.77
7.18,8.85,5.48,2.57,1.25,1.58,3.08,1.51,84.0,7,Female,80.7
7.33,6.4,3.41,3.32,0.15,0.56,1.46,1.74,72.4,10,Female,63.1
8.59,3.67,1.32,3.31,1.92,1.52,2.49,2.13,74.9,7,Female,62.72
7.46,5.14,4.0,1.87,0.49,1.78,2.72,1.29,67.1,3,Male,68.98
7.96,5.59,3.68,2.92,1.8,0.71,2.55,1.53,74.8,3,Male,83.17
5.87,2.45,2.92,3.79,1.56,1.49,1.41,0.7,90.4,4,Male,52.15
5.69,6.55,2.17,0.74,0.41,1.9,2.58,1.26,88.1,2,Female,78.8
8.94,4.25,2.12,2.58,1.71,0.19,1.69,2.21,84.7,6,Male,64.39
7.12,4.36,4.91,2.36,1.65,1.57,0.63,2.94,89.5,8,Male,61.78
6.25,4.54,3.82,2.1,1.66,1.46,3.18,2.82,73.6,6,Female,60.52
6.25,6.22,4.12,2.01,1.62,2.52,2.64,2.39,63.9,1,Male,78.8
6.22,3.37,3.82,2.23,0.98,1.59,3.09,0.62,76.1,9,Female,48.06
6.15,1.94,3.93,2.32,1.97,0.91,1.97,1.23,77.1,5,Male,52.21
5.46,4.98,2.89,3.12,0.95,0.99,3.13,1.82,86.1,6,Male,55.53
5.2,1.43,3.23,2.48,0.64,2.62,3.52,2.87,84.1,6,Female,46.14
6.77,4.05,5.01,1.82,2.04,0.95,4.25,1.5,90.1,7,Female,55.26
6.29,6.28,5.34,1.16,2.25,1.61,3.31,0.9,53.8,1,Male,71.27
8.33,5.37,1.91,1.53,1.98,1.03,2.88,3.3,68.4,3,Male,78.74
7.35,6.06,3.23,2.26,1.33,1.96,1.12,1.34,76.9,6,Male,69.28
7.32,5.43,4.59,1.29,0.0,1.99,2.39,0.98,83.8,4,Female,69.81
6.11,8.12,5.95,2.95,2.69,1.18,1.08,2.2,100.0,2,Male,83.39
6.85,3.62,5.82,2.43,0.0,0.92,1.68,1.95,66.3,10,Female,43.74
7.43,5.1,2.47,3.14,1.97,0.9,4.46,1.55,69.5,3,Female,69.21
7.86,3.84,5.16,1.36,3.19,0.0,1.48,2.0,72.9,3,Female,61.3
6.89,5.94,3.58,1.17,1.62,1.27,0.16,1.17,69.1,10,Male,60.32
8.29,4.41,4.86,3.14,1.73,1.26,3.31,1.54,67.3,3,Male,65.19
7.01,7.08,4.52,2.13,1.8,0.63,1.83,1.97,78.6,6,Female,70.68
7.95,3.7,1.86,1.8,1.66,0.0,3.27,0.17,89.8,6,Male,67.55
6.41,6.61,4.21,2.7,3.38,1.34,1.33,2.86,79.4,10,Female,62.15
4.82,5.39,4.81,2.66,0.83,1.43,2.07,0.76,67.7,10,Female,52.89
7.32,4.45,3.47,0.74,0.73,1.48,3.7,1.16,75.6,5,Male,63.26
7.87,5.31,3.18,3.38,1.24,0.51,1.18,2.9,65.5,1,Female,71.3
7.69,4.89,1.46,1.59,2.89,1.48,2.33,2.51,89.8,9,Male,70.49
7.51,5.03,4.39,3.7,1.04,1.07,2.79,2.08,95.7,7,Male,59.4
6.58,4.19,3.77,0.67,1.84,1.81,1.78,0.46,58.9,1,Male,68.34
6.03,3.45,2.3,2.32,2.36,0.52,2.74,1.45,80.7,2,Female,62.55
7.66,4.0,3.08,1.81,2.12,2.01,2.52,1.81,68.7,3,Male,63.8
7.51,1.98,3.7,0.02,2.31,2.26,3.03,1.87,78.8,9,Male,57.49
6.33,5.76,2.77,2.66,2.63,1.28,4.34,3.03,77.0,3,Female,71.4
8.33,2.65,3.5,0.08,1.75,1.48,5.18,3.79,61.9,9,Male,48.68
5.94,4.17,1.23,1.71,1.13,1.75,2.96,2.55,92.5,1,Male,75.2
6.3,5.47,5.25,3.1,1.62,0.48,2.39,1.52,76.2,6,Male,60.89
8.96,5.76,3.52,1.47,1.23,0.86,2.94,3.09,72.4,10,Male,68.17
8.04,1.84,2.07,1.1,3.52,1.33,2.27,1.47,79.4,7,Male,57.71
6.57,4.36,0.3,2.8,1.07,2.62,0.91,0.0,67.6,6,Male,66.62
7.34,5.19,4.84,1.75,1.89,0.36,2.45,0.88,75.8,4,Female,71.75
7.19,4.58,4.23,1.59,0.3,2.35,3.58,0.0,56.0,6,Female,53.46
3.71,6.52,3.77,3.27,1.61,1.06,1.04,1.65,49.7,3,Female,61.06
5.91,3.27,4.62,0.83,1.27,1.18,1.52,1.84,66.4,6,Female,47.21
6.94,1.43,4.62,1.54,2.04,2.05,1.92,0.57,71.6,1,Female,54.92
6.57,5.72,3.75,2.87,2.06,2.62,2.87,1.23,56.9,3,Male,67.46
7.3,3.69,3.17,0.77,2.63,1.5,4.88,0.72,72.0,8,Male,60.7
8.36,1.86,2.96,3.78,2.57,2.02,1.69,1.89,71.6,10,Male,47.49
6.61,4.26,4.05,1.78,1.45,0.56,2.59,1.23,77.3,5,Male,59.79
5.73,6.35,5.32,2.87,0.74,0.83,2.51,2.91,85.4,7,Female,63.72
7.39,2.61,3.37,2.87,0.84,0.25,2.2,2.15,98.5,5,Female,57.05
6.61,8.0,5.42,1.85,1.74,0.84,2.45,3.44,83.1,2,Female,82.88
6.81,3.24,3.99,1.52,1.63,1.6,2.04,1.59,66.2,10,Male,49.14
6.65,4.63,3.99,1.96,1.71,1.35,5.24,3.93,86.0,5,Female,65.71
9.69,2.67,6.63,2.71,1.07,2.41,3.25,2.0,94.8,2,Female,61.59
4.31,4.56,5.65,1.01,2.65,2.64,2.04,1.52,64.6,1,Male,63.61
6.53,4.3,5.68,0.8,0.32,1.1,3.68,4.17,65.2,3,Female,60.16
7.0,2.27,2.46,3.48,1.03,0.72,2.76,0.35,60.9,7,Female,44.5
6.06,8.74,6.35,1.27,0.64,2.01,2.56,1.5,71.2,4,Male,76.2
8.08,3.76,3.39,2.35,1.33,2.08,2.32,0.5,82.5,6,Male,61.2
7.98,3.76,3.2,1.8,2.5,1.51,2.25,0.35,95.8,2,Female,68.44
6.94,5.95,0.69,1.84,1.27,1.69,1.28,0.14,88.7,10,Female,68.8
6.68,7.22,3.92,3.43,1.58,1.58,0.83,2.56,82.6,10,Male,70.76
6.87,6.19,2.09,1.91,2.03,0.51,2.87,0.8,78.5,10,Female,68.49
6.87,2.7,4.03,1.64,1.23,0.35,2.31,1.77,82.7,7,Male,52.74
6.91,4.82,1.99,1.73,1.81,1.16,3.38,2.8,83.4,1,Male,72.06
6.77,1.68,5.84,1.5,1.7,1.06,1.61,2.42,93.6,2,Male,58.06
7.3,5.85,4.22,1.33,0.6,1.39,1.4,2.37,77.7,1,Male,80.63
7.9,2.05,6.46,1.5,1.13,1.11,3.28,3.09,81.1,5,Male,51.65
5.52,3.3,2.17,3.66,1.78,0.01,2.2,3.45,73.1,9,Female,49.23
5.74,4.5,5.51,2.71,2.53,0.0,3.36,0.87,79.4,8,Female,49.94
4.9,5.17,1.16,1.65,2.53,1.72,2.53,2.43,74.9,6,Female,67.0
8.04,4.11,3.77,2.98,3.18,0.74,4.38,1.76,63.7,8,Male,54.74
7.3,6.78,2.68,0.41,1.89,1.04,3.26,1.87,88.5,5,Female,79.38
7.61,5.58,2.92,3.38,1.17,0.81,2.91,0.64,95.9,7,Female,72.05
5.28,5.47,2.83,3.3,1.45,0.56,3.3,1.52,77.6,6,Female,64.11
9.14,2.66,2.31,4.24,1.41,0.54,2.23,1.62,82.0,7,Male,55.36
6.27,7.05,1.86,3.01,1.17,1.91,0.86,3.29,88.3,5,Male,79.52
7.2,3.3,2.92,2.44,1.81,1.03,2.86,0.96,76.3,8,Male,54.14
8.03,7.11,3.65,3.29,1.84,1.64,4.44,0.0,80.3,7,Female,71.16
5.82,7.53,5.01,1.37,0.56,1.74,0.21,1.99,75.4,3,Male,72.26
6.34,5.27,3.88,1.6,2.37,1.42,2.97,0.87,71.4,10,Male,60.31
7.22,6.05,5.02,1.94,0.03,1.76,0.96,1.87,84.3,5,Female,72.52
10.43,0.0,1.58,3.37,1.32,1.21,2.48,2.59,84.2,7,Female,48.5
7.36,4.21,2.94,1.14,2.42,2.15,2.58,1.91,89.1,6,Male,66.03
8.93,6.15,4.42,1.04,1.99,1.78,3.25,1.61,78.0,4,Female,79.21
8.45,5.89,3.95,2.24,1.21,1.87,2.71,1.86,63.6,1,Male,72.82
7.44,2.67,2.38,2.72,3.08,0.54,3.87,2.76,91.3,3,Male,60.18
5.81,4.06,4.71,1.3,1.15,1.38,3.67,0.96,69.2,10,Female,46.48
8.27,0.7,2.81,2.67,0.0,0.0,2.3,2.66,69.0,10,Female,41.57
5.2,5.12,2.49,3.37,1.86,2.18,3.59,1.1,71.6,2,Male,64.98
8.92,1.68,4.13,3.2,0.08,0.76,2.19,2.54,57.1,6,Male,42.85
7.24,6.2,3.51,2.35,0.83,0.86,2.02,0.61,75.4,3,Female,70.92
3.82,6.27,2.82,1.91,2.0,0.24,1.3,2.49,85.4,6,Female,64.33
6.59,3.79,2.78,3.74,1.13,1.17,3.81,1.91,72.8,7,Female,49.98
7.78,5.28,2.11,2.02,1.96,1.01,2.2,2.09,94.1,1,Male,80.08
6.72,4.17,2.99,2.94,0.57,2.48,0.08,2.86,93.3,10,Male,54.99
7.86,4.86,4.93,3.96,2.19,1.8,3.04,1.26,88.7,10,Male,57.16
5.98,2.78,3.82,2.84,0.15,0.84,2.07,1.98,54.8,10,Male,39.4
5.43,5.43,4.75,1.0,2.55,0.03,2.2,2.27,95.2,5,Female,69.18
6.91,2.04,4.17,0.76,1.12,0.0,2.27,1.73,75.2,8,Male,45.84
7.04,1.76,2.7,1.7,2.72,0.48,2.16,2.65,98.1,10,Male,48.12
6.58,4.32,1.36,2.71,0.83,0.27,5.23,2.3,70.8,2,Female,63.42
8.47,4.18,2.3,2.44,3.04,1.44,4.16,1.48,76.3,2,Male,72.92
5.98,4.91,2.63,4.21,0.73,1.1,3.2,3.13,79.1,9,Male,57.78
7.38,3.53,2.53,2.44,0.06,1.21,2.74,2.51,66.8,4,Female,57.7
7.08,7.33,4.78,1.67,1.53,0.54,3.63,1.24,58.6,2,Male,71.87
5.13,4.74,4.76,0.87,2.49,1.31,2.74,1.23,49.2,3,Female,58.61
5.42,4.85,6.38,3.18,2.13,0.21,3.32,1.8,100.0,7,Male,55.96
7.01,4.8,2.51,1.99,2.43,1.14,3.06,2.4,58.0,4,Male,62.5
9.38,6.0,5.58,0.49,2.15,1.78,2.63,0.01,58.1,4,Male,72.28
7.7,5.36,5.57,2.02,0.84,0.94,3.44,1.28,84.9,10,Female,57.8
4.93,5.16,3.2,1.0,2.11,1.51,2.08,1.48,60.9,10,Male,51.76
3.27,5.6,4.12,1.57,1.57,0.0,2.56,0.71,58.7,5,Female,53.58
7.88,1.76,5.11,2.01,0.93,0.0,1.52,1.08,43.5,3,Female,44.01
6.88,1.82,3.42,1.09,1.64,1.43,1.64,2.12,81.5,9,Male,44.09
8.37,4.39,3.32,1.51,1.45,1.93,0.0,1.56,65.2,8,Male,59.7
5.94,4.2,2.68,1.26,2.63,1.03,2.96,1.63,85.7,8,Male,62.64
7.42,5.37,0.43,1.28,1.09,2.7,3.23,0.76,77.1,3,Female,75.59
8.02,4.53,3.59,0.99,1.05,0.19,3.59,1.81,79.0,3,Male,65.47
6.46,5.37,2.58,1.52,0.94,0.72,1.4,0.65,72.6,1,Male,75.28
6.49,2.63,2.1,1.11,3.02,1.3,2.94,3.31,74.7,6,Male,59.13
7.03,4.48,4.05,2.59,0.99,1.53,2.5,3.57,67.3,1,Male,67.92
7.65,2.49,1.61,2.2,2.54,0.79,3.24,1.57,68.4,9,Male,49.55
6.98,5.08,4.55,3.19,0.67,0.46,1.85,0.99,64.9,4,Male,59.3
8.17,1.68,4.13,3.89,1.91,1.63,2.16,2.77,96.2,7,Female,52.25
6.45,5.02,2.98,2.68,1.71,1.29,0.95,2.53,73.2,2,Male,70.61
5.41,2.3,3.42,2.45,2.49,0.96,1.78,3.69,50.8,3,Female,56.48
9.37,3.92,1.95,2.74,2.37,1.55,2.5,3.93,81.1,3,Male,73.77
6.27,5.84,4.48,2.47,1.57,1.1,2.67,0.18,68.4,9,Male,60.77
6.32,4.84,3.74,2.05,1.07,1.1,0.81,3.04,77.5,10,Female,63.5
6.92,2.03,3.84,1.97,2.8,1.08,1.99,1.8,74.8,6,Female,56.56
7.08,3.49,4.15,0.98,0.99,0.63,2.66,2.49,95.9,2,Female,66.56
6.54,2.25,2.66,2.84,0.0,0.55,3.91,2.7,73.4,10,Male,45.1
6.98,1.96,1.53,1.97,0.01,0.83,1.65,2.66,87.8,3,Female,59.05
6.95,4.68,4.74,3.45,0.21,1.22,2.99,2.9,86.5,7,Female,57.73
7.21,5.34,4.4,2.92,1.98,0.0,1.94,1.5,61.6,3,Female,67.14
4.17,5.16,2.8,1.37,3.27,1.86,2.05,1.14,80.3,5,Female,68.93
9.26,5.4,4.03,3.25,0.0,1.21,1.62,3.07,68.9,1,Male,74.22
6.82,4.48,5.14,0.0,0.87,0.45,1.46,1.22,63.5,5,Female,58.14
7.7,4.09,4.98,3.93,1.57,2.33,2.03,3.68,63.5,7,Male,53.54
5.35,2.89,2.77,0.66,2.74,1.23,3.55,1.31,87.9,9,Male,49.61
6.43,3.84,1.56,2.5,0.87,0.27,1.75,1.66,100.0,10,Female,58.66
6.19,2.52,1.79,2.43,1.97,2.3,1.59,1.83,68.3,10,Male,49.23
8.76,3.23,3.09,3.12,1.3,2.15,2.71,0.61,80.6,10,Male,56.44
6.3,4.63,5.4,1.67,3.59,0.56,2.51,0.62,81.7,5,Male,58.46
7.91,4.32,2.55,0.0,1.62,0.97,2.43,2.82,71.6,3,Male,70.91
6.22,9.1,2.72,1.67,1.78,0.88,2.75,0.45,94.9,2,Female,91.16
6.46,2.48,2.7,1.78,1.57,0.0,1.49,4.27,100.0,2,Female,64.26
6.71,4.31,2.81,0.0,1.17,1.43,1.6,1.92,70.8,1,Female,73.77
8.54,2.36,3.49,2.05,2.26,1.79,3.49,1.07,98.8,8,Female,61.19
4.73,3.92,1.84,0.92,0.57,1.66,2.35,2.38,71.4,4,Male,62.98
5.42,3.98,4.91,2.65,0.0,1.22,3.1,0.0,66.4,6,Female,48.24
4.66,5.77,3.31,1.75,1.38,1.86,3.72,1.7,76.3,4,Male,65.57
5.69,3.83,6.72,3.96,2.15,0.41,3.35,1.82,88.4,6,Female,54.1
6.03,4.21,1.97,1.74,1.04,2.47,1.13,0.86,76.7,5,Female,68.7
5.06,3.85,5.57,2.43,1.65,0.66,2.38,1.43,86.9,6,Female,57.38
6.12,2.4,5.31,1.79,0.52,0.74,3.54,3.37,80.7,2,Female,54.03
4.58,3.52,2.96,0.38,2.35,0.8,3.02,2.16,94.2,10,Male,54.11
5.78,3.93,2.99,1.8,2.02,0.75,2.68,2.36,84.4,5,Female,63.46
8.44,4.61,2.3,2.75,1.52,1.07,0.86,1.29,96.4,7,Male,71.79
7.48,5.34,2.32,2.6,1.63,1.04,1.88,0.81,67.7,10,Female,59.42
7.22,4.15,3.5,1.71,0.39,1.29,2.57,1.78,75.6,1,Male,65.94
5.8,4.12,3.53,0.54,0.42,0.63,1.07,0.0,78.0,3,Male,70.63
5.16,1.92,1.42,2.64,1.4,1.32,3.29,1.01,67.8,6,Female,45.6
5.63,5.31,6.48,2.42,1.91,0.44,2.38,0.87,65.9,7,Male,55.8
6.95,3.46,3.16,2.84,1.95,1.71,0.52,0.17,82.6,5,Male,59.33
8.04,5.62,3.59,1.73,1.21,1.7,1.93,2.58,86.0,1,Male,78.63
8.08,6.47,2.69,0.32,2.1,1.2,2.21,1.88,79.4,7,Male,73.96
7.76,4.22,3.15,2.53,2.64,0.75,2.37,1.44,90.7,7,Male,62.07
6.11,2.97,3.03,1.99,1.43,1.42,3.92,2.6,64.8,1,Female,60.16
7.03,4.47,3.5,3.39,1.75,0.58,3.08,0.52,73.3,10,Female,54.3
6.61,5.02,3.48,2.03,1.33,1.22,1.13,0.79,63.8,9,Female,62.1
6.76,4.03,4.55,1.95,1.4,1.09,1.01,3.01,79.7,3,Male,63.7
9.44,3.65,3.8,2.42,1.64,3.04,2.23,4.05,83.9,7,Female,65.4
4.89,5.35,4.42,1.4,2.86,0.34,2.63,2.62,94.1,9,Female,61.31
6.72,5.25,3.49,1.35,2.23,0.0,3.49,2.42,63.9,5,Male,61.4
8.45,3.98,3.8,1.9,2.16,0.75,4.23,1.48,82.5,1,Male,71.47
5.24,2.02,3.19,1.08,1.14,0.0,4.28,1.5,95.2,5,Male,50.69
6.23,5.18,4.8,1.77,0.78,0.69,2.06,2.2,66.0,4,Male,57.19
6.37,3.35,3.92,3.94,1.81,0.29,3.43,3.24,63.2,9,Male,48.52
6.73,4.82,3.29,3.04,2.49,0.57,2.93,2.38,60.3,1,Female,65.18
5.08,4.73,3.26,2.31,2.88,0.45,1.41,2.86,85.5,10,Male,58.69
7.71,1.67,3.36,3.55,0.0,1.87,0.61,1.18,69.3,4,Female,50.61
7.8,4.62,3.54,1.18,3.46,1.17,2.64,2.56,83.7,4,Male,72.86
7.61,5.27,3.43,4.49,1.83,1.95,1.0,1.4,75.4,4,Male,65.51
5.96,5.46,2.77,1.54,2.23,1.23,1.65,2.13,99.6,1,Female,83.36
7.1,4.68,4.49,4.0,0.11,1.85,1.82,2.55,87.5,7,Male,56.96
5.92,1.53,4.58,4.0,1.31,0.99,2.72,1.52,68.4,8,Male,30.0
6.6,6.42,5.82,0.25,2.16,2.32,3.78,1.08,74.4,3,Female,74.99
9.58,5.12,2.72,3.47,0.56,1.53,2.51,2.33,87.5,2,Female,78.93
7.11,2.7,4.37,1.72,0.0,0.65,1.96,1.88,65.2,9,Female,40.6
5.57,3.32,1.02,1.43,1.77,1.63,0.43,2.12,92.2,7,Female,62.36
7.22,4.85,4.58,2.52,1.46,1.22,2.96,2.59,75.0,3,Male,68.61
5.38,5.52,1.61,0.99,2.65,1.06,2.53,3.18,87.7,7,Male,74.69
5.56,3.77,2.22,2.5,1.37,1.27,1.95,2.6,75.6,3,Male,63.74
5.75,5.74,3.93,1.06,1.43,1.73,3.67,2.48,71.7,7,Male,65.39
6.47,1.81,2.69,2.18,2.06,0.0,1.31,1.55,69.8,5,Male,52.25
8.12,2.94,2.51,3.34,2.33,0.95,1.82,1.69,98.8,2,Male,68.26
7.69,1.4,2.87,2.39,0.93,1.68,2.25,2.41,74.5,7,Female,44.94
7.63,3.15,4.45,1.64,2.26,1.37,1.94,1.67,100.0,2,Female,66.96
5.68,6.76,2.29,2.54,1.08,0.41,3.05,2.41,79.8,9,Male,69.35
6.35,7.59,3.43,0.59,1.51,0.0,2.96,1.27,67.8,2,Female,82.03
7.33,4.85,3.01,1.16,2.04,2.39,3.55,3.74,59.0,9,Female,60.86
6.25,3.54,4.57,1.57,2.18,1.07,3.0,2.17,92.8,3,Male,62.04
6.67,4.17,4.6,2.79,1.75,2.26,2.38,2.12,75.7,6,Male,63.23
7.53,5.21,1.11,2.41,0.64,1.76,2.16,1.57,87.9,9,Male,67.52
6.58,2.16,4.86,2.54,0.0,0.64,2.96,3.72,100.0,10,Male,46.31
7.27,3.64,2.71,1.97,1.35,0.0,2.31,0.87,86.0,5,Male,58.28
8.91,6.65,3.81,1.21,2.28,0.88,2.55,1.37,82.0,3,Female,81.74
6.79,2.93,2.28,3.49,1.86,1.17,3.01,2.77,92.7,8,Female,58.89
8.42,3.38,3.98,1.3,1.69,1.52,2.64,2.22,87.6,10,Female,52.89
7.67,4.52,6.82,2.42,1.49,0.42,2.81,1.48,62.8,3,Male,57.67
5.24,4.92,3.67,1.89,1.75,1.32,1.71,1.51,94.0,4,Female,68.47
5.68,3.56,2.9,2.56,0.7,1.32,3.85,1.74,77.4,9,Male,53.57
6.0,4.62,3.2,1.39,2.12,1.89,1.39,2.09,96.5,3,Male,74.94
5.97,5.41,1.59,3.05,2.18,0.99,2.94,3.4,84.1,6,Male,73.69
6.89,7.44,5.38,3.38,1.22,1.51,2.01,2.54,92.3,4,Male,79.17
7.74,4.31,3.91,2.99,1.85,1.4,3.58,2.92,75.3,6,Female,63.58
8.51,4.44,2.14,2.16,0.13,1.81,3.38,1.61,59.8,6,Male,58.73
7.37,6.79,2.18,1.56,1.64,0.63,2.5,2.46,84.8,6,Male,74.72
6.47,3.68,3.52,4.82,1.39,0.0,4.05,0.6,89.7,5,Female,60.1
4.5,2.51,4.71,1.01,2.51,1.03,2.31,2.16,71.3,4,Male,49.06
7.08,4.88,2.0,2.88,1.34,1.04,3.38,2.11,75.6,1,Female,70.02
7.03,6.11,4.95,2.33,2.19,0.39,1.77,3.64,51.4,8,Female,53.63
7.22,5.04,3.38,1.94,1.19,0.14,2.9,3.4,76.1,4,Male,70.06
9.53,4.35,2.29,2.19,0.0,0.8,1.57,1.77,63.0,1,Male,67.44
8.49,2.33,2.89,1.49,1.32,1.12,2.52,1.26,84.2,5,Male,56.67
7.94,4.41,5.77,2.43,1.66,1.27,2.45,1.29,82.0,9,Female,59.07
5.85,6.35,1.7,2.32,1.62,0.0,3.38,1.73,78.2,7,Female,62.02
6.38,2.65,2.55,4.68,1.63,0.0,1.83,3.17,93.9,6,Female,58.35
6.89,4.13,4.74,3.07,1.09,1.99,5.57,2.37,80.9,10,Female,48.13
6.07,3.92,3.78,2.52,1.24,1.07,1.12,2.47,80.3,7,Male,55.89
7.6,3.45,2.47,2.58,0.6,1.2,2.73,2.73,81.9,10,Female,51.64
7.43,4.87,4.75,3.84,0.0,0.27,2.79,1.11,71.0,9,Female,47.68
5.69,5.16,4.82,1.03,1.41,1.2,3.04,1.36,89.9,6,Male,61.1
8.44,5.15,3.93,1.82,0.9,0.94,1.98,2.47,67.0,1,Female,69.62
7.12,3.03,2.7,0.09,2.36,0.77,2.74,1.3,83.1,6,Female,57.34
4.93,2.03,2.9,2.56,0.0,0.18,1.94,0.63,92.6,10,Female,45.63
6.94,4.89,3.87,2.85,1.73,0.59,4.37,1.03,65.7,7,Female,54.06
7.34,3.74,1.79,1.0,3.2,2.58,1.86,2.95,61.9,3,Female,63.66
8.17,7.26,5.23,3.44,1.35,0.96,2.35,1.66,65.5,9,Female,59.5
6.6,7.33,5.71,1.28,1.5,1.75,1.84,2.2,99.8,9,Male,73.69
7.99,7.49,3.19,1.66,1.84,1.06,1.7,1.07,70.7,8,Female,69.98
7.22,3.09,3.96,2.12,1.9,0.98,1.1,2.34,63.6,2,Female,59.08
5.42,5.35,5.04,3.59,1.17,0.75,3.17,1.76,82.4,8,Female,60.92
5.3,5.81,6.04,1.14,0.69,2.14,1.83,2.4,45.3,9,Female,51.48
8.35,5.64,5.52,2.29,2.02,1.46,1.7,1.57,66.5,5,Male,67.69
8.44,3.97,1.24,2.77,0.0,0.65,1.54,2.45,95.0,7,Male,64.33
7.39,6.42,3.09,2.57,2.17,0.92,2.8,1.53,66.5,9,Male,65.62
8.79,4.5,4.15,2.61,1.19,1.95,2.52,1.93,74.9,8,Male,60.17
8.27,4.69,2.86,2.76,1.5,0.0,2.53,1.76,81.5,7,Female,64.97
7.82,2.19,5.82,1.45,1.08,1.42,1.74,2.02,81.5,5,Male,57.0
5.91,5.47,5.62,3.69,2.64,1.58,2.94,2.25,71.6,2,Male,64.03
9.08,4.11,2.44,1.89,1.7,0.68,1.84,1.55,84.6,3,Female,69.96
7.64,5.2,3.29,1.76,1.24,1.31,2.57,1.89,95.4,6,Female,70.3
6.54,4.85,2.53,3.35,1.22,1.55,2.36,2.17,65.3,8,Male,60.54
6.2,4.77,3.25,1.37,1.38,0.34,0.81,2.46,72.2,4,Male,64.1
7.31,4.43,3.21,2.32,3.42,1.79,4.53,1.93,76.7,4,Female,68.16
4.99,5.68,4.74,1.28,0.45,1.41,3.07,1.2,86.4,3,Male,67.79
7.84,4.2,2.34,4.52,2.37,1.09,2.68,2.08,78.4,4,Female,71.87
5.86,2.32,0.1,4.31,1.95,1.27,2.84,2.6,76.5,7,Female,54.97
7.44,5.35,1.41,1.89,2.73,1.7,4.55,0.8,59.4,1,Female,72.17
6.37,3.29,2.16,2.52,2.0,2.82,3.64,0.81,64.4,7,Male,47.78
6.68,2.51,2.65,2.01,1.5,1.63,2.85,1.4,80.3,1,Female,62.0
6.09,2.97,3.74,1.65,2.32,1.77,1.79,1.83,71.8,10,Male,46.55
6.81,4.92,2.1,2.12,1.68,1.34,1.95,0.02,73.9,8,Female,60.88
9.27,4.36,1.93,1.96,2.1,2.53,0.7,2.52,77.3,10,Male,63.5
8.66,1.3,2.29,0.48,2.64,0.17,2.13,1.84,100.0,4,Male,61.54
7.43,3.92,2.05,2.26,1.57,0.0,3.16,0.0,72.0,5,Female,59.26
6.97,6.25,2.78,1.96,1.16,1.31,3.13,1.0,94.6,5,Male,74.73
8.01,3.82,2.72,2.31,0.98,1.66,3.12,1.73,93.8,2,Male,68.34
8.36,4.25,4.4,1.92,1.86,0.0,1.98,0.4,87.6,8,Male,58.54
6.0,6.06,2.21,1.64,0.8,1.2,3.05,2.87,67.8,2,Female,74.33
6.91,5.69,3.04,2.87,1.22,1.07,3.32,2.17,79.6,9,Male,62.52
4.81,6.03,2.79,2.53,0.73,1.72,0.27,2.61,73.3,10,Male,59.83
8.35,0.34,4.55,3.4,1.91,1.5,2.8,1.07,100.0,3,Male,51.44
9.48,7.1,3.3,2.49,0.9,0.0,4.58,2.37,82.9,4,Female,77.26
7.1,5.45,4.87,1.8,0.47,0.44,2.21,1.41,75.4,1,Female,73.23
4.45,8.19,2.0,2.62,0.61,0.64,0.0,1.83,99.4,4,Male,88.41
7.73,3.33,3.44,0.02,1.04,1.72,1.69,2.32,73.8,3,Male,68.15
5.92,1.85,2.75,4.1,1.12,1.46,0.69,1.94,84.6,7,Female,42.55
6.2,4.51,1.91,2.27,1.7,0.77,1.87,2.73,86.4,8,Male,60.75
7.75,4.09,3.41,4.18,1.37,1.3,1.28,2.13,82.2,1,Female,70.22
7.31,5.48,5.75,1.13,1.8,0.46,3.43,1.58,76.7,2,Male,66.91
6.41,6.11,2.39,0.88,1.86,2.63,3.28,2.76,88.1,7,Male,71.89
6.22,4.37,3.33,2.37,2.09,1.6,2.84,2.95,70.4,5,Male,57.48
7.15,4.14,1.79,2.36,0.0,1.75,3.73,2.08,91.4,9,Female,58.52
6.51,5.28,1.6,2.34,0.6,2.16,1.93,3.2,74.6,8,Male,62.32
5.67,4.12,2.48,2.19,1.94,1.91,2.57,1.79,94.1,8,Male,54.1
6.6,3.99,2.92,1.37,1.67,1.22,4.69,1.88,90.6,10,Male,59.96
7.41,6.06,2.97,0.51,2.28,1.07,3.09,2.0,84.6,5,Male,77.4
6.79,6.39,3.21,2.28,0.26,2.1,3.08,1.88,76.9,7,Male,63.87
5.3,6.13,1.36,0.72,1.12,1.22,1.73,1.72,91.2,2,Male,82.05
8.19,4.25,2.69,0.62,1.26,0.68,2.08,1.36,84.9,1,Female,74.5
3.71,1.29,4.15,1.62,1.63,2.58,1.5,1.11,40.0,3,Male,42.0
6.46,4.28,1.73,2.43,1.53,0.54,4.18,2.1,68.2,3,Male,65.74
6.26,3.36,3.04,3.99,1.88,0.0,0.94,3.08,80.0,3,Female,57.54
7.18,4.31,3.88,2.98,1.41,1.89,3.41,2.73,81.4,7,Female,61.45
7.67,3.49,2.48,3.43,2.6,0.69,3.08,2.35,86.5,4,Female,66.7
8.35,4.47,3.94,2.65,2.85,1.5,0.9,3.12,96.6,8,Male,70.84
6.15,2.94,1.52,2.37,0.61,2.47,3.64,2.02,85.0,2,Male,65.59
7.7,2.58,4.65,4.51,1.54,0.24,2.24,1.11,53.0,4,Male,52.9
7.23,6.33,3.98,0.68,2.14,1.17,1.18,1.69,80.4,6,Female,76.51
4.95,3.05,3.57,1.59,1.97,2.24,2.86,1.95,92.6,10,Female,48.26
9.28,4.5,4.96,1.66,1.17,1.68,1.68,1.54,79.3,4,Female,68.57
5.27,5.93,3.07,2.89,1.7,1.07,2.3,2.55,80.4,6,Male,63.17
7.5,5.87,2.7,1.02,0.23,2.87,1.99,2.84,72.1,5,Female,76.04
7.47,5.69,5.28,2.76,1.48,1.13,1.62,0.44,89.4,1,Female,71.43
7.33,4.95,5.89,2.58,0.33,1.48,1.31,1.87,73.8,3,Female,69.27
6.41,5.59,2.6,2.81,1.91,2.35,3.3,0.0,85.1,3,Female,71.75
7.99,6.56,3.35,2.8,0.61,1.89,2.82,1.92,83.1,5,Female,74.44
5.13,5.14,4.86,3.54,1.63,2.13,2.76,1.91,78.7,2,Male,62.71
6.92,1.74,3.4,1.95,1.76,0.57,2.14,3.6,83.8,8,Female,46.88
6.32,3.71,4.27,2.53,1.56,2.06,2.55,3.33,80.4,5,Male,57.23
6.19,5.54,4.51,1.26,0.99,1.32,1.76,2.84,93.3,1,Female,75.58
7.51,3.56,2.77,1.04,1.33,0.68,1.75,1.14,86.1,4,Male,65.28
8.29,6.93,4.05,3.76,2.44,1.36,4.21,1.08,90.5,6,Female,74.38
6.59,4.41,3.49,1.19,1.16,1.33,3.38,1.01,68.8,3,Male,64.0
7.94,4.63,1.92,2.64,1.52,2.51,1.94,3.37,68.1,7,Male,63.89
7.06,6.19,2.21,2.53,1.05,1.47,1.0,1.18,78.8,8,Female,69.08
5.93,4.23,2.65,3.17,2.32,0.65,0.8,1.65,87.0,7,Female,65.95
